"","Data","ABREU.E.LIMA","AFOGADOS.DA.INGAZEIRA","AFRANIO","AGRESTINA","AGUA.PRETA","AGUAS.BELAS","ALAGOINHA","ALEMANHA","ALIANCA","ALTINHO","AMAPA","AMARAJI","ANGELIM","ARACOIABA","ARARIPINA","ARCOVERDE","ARIQUEMES","BARRA.DE.GUABIRABA","BARREIROS","BAURU","BELEM.DE.MARIA","BELEM.DE.SAO.FRANCISCO","BELO.JARDIM","BETANIA","BEZERROS","BODOCO","BOM.CONSELHO","BOM.JARDIM","BONITO","BREJAO","BREJINHO","BREJO.DA.MADRE.DE.DEUS","BUENOS.AIRES","BUIQUE","CAAPORA","CABO.DE.SANTO.AGOSTINHO","CABROBO","CACHOEIRINHA","CAETES","CALCADO","CALUMBI","CAMARAGIBE","CAMOCIM.DE.SAO.FELIX","CAMPESTRE","CAMPINA.GRANDE","CAMPINAS","CAMUTANGA","CANHOTINHO","CAPOEIRAS","CARNAIBA","CARNAUBEIRA.DA.PENHA","CARPINA","CARUARU","CASINHAS","CATENDE","CEDRO","CHA.DE.ALEGRIA","CHA.GRANDE","COLONIA.LEOPOLDINA","CONDADO","CORRENTES","CORTES","CRAIBAS","CUMARU","CUPIRA","CUSTODIA","DELMIRO.GOUVEIA","DORMENTES","ESCADA","EXU","FEIRA.NOVA","FERNANDO.DE.NORONHA","FERREIROS","FLORES","FLORESTA","FREI.MIGUELINHO","GAMELEIRA","GARANHUNS","GLORIA.DO.GOITA","GOIANA","GRANITO","GRAVATA","IATI","IBIMIRIM","IBIRAJUBA","IGARASSU","IGNORADO","IGUARACI","ILHA.DE.ITAMARACA","INAJA","INGAZEIRA","IPOJUCA","IPUBI","ITACURUBA","ITAIBA","ITAMBE","ITAPETIM","ITAPISSUMA","ITAQUITINGA","JABOATAO.DOS.GUARARAPES","JAGUARAO","JAQUEIRA","JATAUBA","JATOBA","JOAO.ALFREDO","JOAO.PESSOA","JOAQUIM.NABUCO","JUAZEIRO","JUCATI","JUIZ.DE.FORA","JUPI","JUREMA","LAGOA.DO.CARRO","LAGOA.DO.ITAENGA","LAGOA.DO.OURO","LAGOA.DOS.GATOS","LAGOA.GRANDE","LAJEDO","LIMOEIRO","MACAPARANA","MACHADOS","MARAIAL","MIRANDIBA","MOREILANDIA","MORENO","NAZARE.DA.MATA","OLINDA","OROBO","OROCO","OURICURI","OUTRO.ESTADO","OUTRO.PAIS","PALMARES","PALMEIRINA","PANELAS","PARANATAMA","PARAUAPEBAS","PARNAMIRIM","PASSIRA","PAUDALHO","PAULISTA","PAULO.AFONSO","PEDRA","PESQUEIRA","PETROLANDIA","PETROLINA","POCAO","POMBOS","PRIMAVERA","QUIPAPA","QUIXABA","RECIFE","RIACHO.DAS.ALMAS","RIBEIRAO","RIO.FORMOSO","SAIRE","SALGADINHO","SALGUEIRO","SALOA","SANHARO","SANTA.CRUZ","SANTA.CRUZ.DA.BAIXA.VERDE","SANTA.CRUZ.DO.CAPIBARIBE","SANTA.FILOMENA","SANTA.MARIA.DA.BOA.VISTA","SANTA.MARIA.DO.CAMBUCA","SANTA.TEREZINHA","SAO.BENEDITO.DO.SUL","SAO.BENTO.DO.UNA","SAO.BERNARDO.DO.CAMPO","SAO.CAITANO","SAO.CAITANO.DO.SUL","SAO.JOAO","SAO.JOAQUIM.DO.MONTE","SAO.JOSE.DA.COROA.GRANDE","SAO.JOSE.DO.BELMONTE","SAO.JOSE.DO.EGITO","SAO.LOURENCO.DA.MATA","SAO.PAULO","SAO.VICENTE.FERRER","SERRA.TALHADA","SERRITA","SERTANIA","SIRINHAEM","SOBRADINHO","SOLIDAO","SUME","SURUBIM","TABATINGA","TABIRA","TACAIMBO","TACARATU","TAMANDARE","TAQUARITINGA.DO.NORTE","TEREZINHA","TERRA.NOVA","TIMBAUBA","TORITAMA","TRACUNHAEM","TRINDADE","TRIUNFO","TUPANATINGA","TUPARETAMA","VENTUROSA","VERDEJANTE","VERTENTE.DO.LERIO","VERTENTES","VICENCIA","VITORIA.DE.SANTO.ANTAO","XEXEU"
"1","12 Mar",0,0,0,0,0,0,0,0,0,0,0,0,0,0,0,0,0,0,0,0,0,0,0,0,0,0,0,0,0,0,0,0,0,0,0,0,0,0,0,0,0,0,0,0,0,0,0,0,0,0,0,0,0,0,0,0,0,0,0,0,0,0,0,0,0,0,0,0,0,0,0,0,0,0,0,0,0,0,0,0,0,0,0,0,0,0,0,0,0,0,0,0,0,0,0,0,0,0,0,0,0,0,0,0,0,0,0,0,0,0,0,0,0,0,0,0,0,0,0,0,0,0,0,0,0,0,0,0,0,0,0,0,0,0,0,0,0,0,0,0,0,0,0,0,0,0,0,0,0,0,0,2,0,0,0,0,0,0,0,0,0,0,0,0,0,0,0,0,0,0,0,0,0,0,0,0,0,0,0,0,0,0,0,0,0,0,0,0,0,0,0,0,0,0,0,0,0,0,0,0,0,0,0,0,0,0,0,0,0,0
"2","13 Mar",0,0,0,0,0,0,0,0,0,0,0,0,0,0,0,0,0,0,0,0,0,0,0,0,0,0,0,0,0,0,0,0,0,0,0,0,0,0,0,0,0,0,0,0,0,0,0,0,0,0,0,0,0,0,0,0,0,0,0,0,0,0,0,0,0,0,0,0,0,0,0,0,0,0,0,0,0,0,0,0,0,0,0,0,0,0,0,0,0,0,0,0,0,0,0,0,0,0,0,0,0,0,0,0,0,0,0,0,0,0,0,0,0,0,0,0,0,0,0,0,0,0,0,0,0,0,0,0,0,0,0,0,0,0,0,0,0,0,0,0,0,0,0,0,0,0,0,0,0,0,0,2,0,0,0,0,0,0,0,0,0,0,0,0,0,0,0,0,0,0,0,0,0,0,0,0,0,0,0,0,0,0,0,0,0,0,0,0,0,0,0,0,0,0,0,0,0,0,0,0,0,0,0,0,0,0,0,0,0,0
"3","14 Mar",0,0,0,0,0,0,0,0,0,0,0,0,0,0,0,0,0,0,0,0,0,0,0,0,0,0,0,0,0,0,0,0,0,0,0,0,0,0,0,0,0,0,0,0,0,0,0,0,0,0,0,0,0,0,0,0,0,0,0,0,0,0,0,0,0,0,0,0,0,0,0,0,0,0,0,0,0,0,0,0,0,0,0,0,0,0,0,0,0,0,0,0,0,0,0,0,0,0,0,0,0,0,0,0,0,0,0,0,0,0,0,0,0,0,0,0,0,0,0,0,0,0,0,0,0,0,0,0,0,0,0,1,0,0,0,0,0,0,0,0,0,0,0,0,0,0,0,0,0,0,0,6,0,0,0,0,0,0,0,0,0,0,0,0,0,0,0,0,0,0,0,0,0,0,0,0,0,0,0,0,0,0,0,0,0,0,0,0,0,0,0,0,0,0,0,0,0,0,0,0,0,0,0,0,0,0,0,0,0,0
"4","15 Mar",0,0,0,0,0,0,0,0,0,0,0,0,0,0,0,0,0,0,0,0,0,0,0,0,0,0,0,0,0,0,0,0,0,0,0,0,0,0,0,0,0,0,0,0,0,0,0,0,0,0,0,0,0,0,0,0,0,0,0,0,0,0,0,0,0,0,0,0,0,0,0,0,0,0,0,0,0,0,0,0,0,0,0,0,0,0,0,0,0,0,0,0,0,0,0,0,0,0,0,0,0,0,0,0,0,0,0,0,0,0,0,0,0,0,0,0,0,0,0,0,0,0,0,0,0,0,0,0,0,0,0,1,0,0,0,0,0,0,0,0,0,0,0,0,0,0,0,0,0,0,0,7,0,0,0,0,0,0,0,0,0,0,0,0,0,0,0,0,0,0,0,0,0,0,0,0,0,0,0,0,0,0,0,0,0,0,0,0,0,0,0,0,0,0,0,0,0,0,0,0,0,0,0,0,0,0,0,0,0,0
"5","16 Mar",0,0,0,0,0,0,0,0,0,0,0,0,0,0,0,0,0,0,0,0,0,0,1,0,0,0,0,0,0,0,0,0,0,0,0,0,0,0,0,0,0,0,0,0,0,0,0,0,0,0,0,0,0,0,0,0,0,0,0,0,0,0,0,0,0,0,0,0,0,0,0,0,0,0,0,0,0,0,0,0,0,0,0,0,0,0,0,0,0,0,0,0,0,0,0,0,0,0,0,1,0,0,0,0,0,0,0,0,0,0,0,0,0,0,0,0,0,0,0,0,0,0,0,0,0,0,0,0,0,0,0,3,0,0,0,0,0,0,0,0,0,0,0,0,0,0,0,0,0,0,0,13,0,0,0,0,0,0,0,0,0,0,0,0,0,0,0,0,0,0,0,0,0,0,0,0,0,0,0,0,0,0,0,0,0,0,0,0,0,0,0,0,0,0,0,0,0,0,0,0,0,0,0,0,0,0,0,0,0,0
"6","17 Mar",0,0,0,0,0,0,0,0,0,0,0,0,0,0,0,0,0,0,0,0,0,0,1,0,0,0,0,0,0,0,0,0,0,0,0,0,0,0,0,0,0,0,0,0,0,0,0,0,0,0,0,0,0,0,0,0,0,0,0,0,0,0,0,0,0,0,0,0,0,0,0,0,0,0,0,0,0,0,0,0,0,0,0,0,0,0,0,0,0,0,0,0,0,0,0,0,0,0,0,1,0,0,0,0,0,0,0,0,0,0,0,0,0,0,0,0,0,0,0,0,0,0,0,0,0,0,0,0,0,0,0,3,0,0,0,0,0,0,0,0,0,0,0,0,0,0,0,0,0,0,0,14,0,0,0,0,0,0,0,0,0,0,0,0,0,0,0,0,0,0,0,0,0,0,0,0,0,0,0,0,0,0,0,0,0,0,0,0,0,0,0,0,0,0,0,0,0,0,0,0,0,0,0,0,0,0,0,0,0,0
"7","18 Mar",0,0,0,0,0,0,0,0,0,0,0,0,0,0,0,0,0,0,0,0,0,0,1,0,0,0,0,0,0,0,0,0,0,0,0,0,0,0,0,0,0,0,0,0,0,0,0,0,0,0,0,0,0,0,0,0,0,0,0,0,0,0,0,0,0,0,0,0,0,0,0,0,0,0,0,0,0,0,0,0,0,0,0,0,0,0,0,0,0,0,0,0,0,0,0,0,0,0,0,1,0,0,0,0,0,0,0,0,0,0,0,0,0,0,0,0,0,0,0,0,0,0,0,0,0,0,0,0,0,0,0,3,0,0,0,0,0,0,0,0,0,0,0,0,0,0,0,0,0,0,0,17,0,0,0,0,0,0,0,0,0,0,0,0,0,0,0,0,0,0,0,0,0,0,0,0,0,0,0,0,0,0,0,0,0,0,0,0,0,0,0,0,0,0,0,0,0,0,0,0,0,0,0,0,0,0,0,0,0,0
"8","19 Mar",0,0,0,0,0,0,0,0,0,0,0,0,0,0,0,0,0,0,0,0,0,0,1,0,0,0,0,0,0,0,0,0,0,0,0,0,0,0,0,0,0,0,0,0,0,0,0,0,0,0,0,0,0,0,0,0,0,0,0,0,0,0,0,0,0,0,0,0,0,0,0,0,0,0,0,0,0,0,0,0,0,0,0,0,0,0,0,0,0,0,0,0,0,0,0,0,0,0,0,1,0,0,0,0,0,0,0,0,0,0,0,0,0,0,0,0,0,0,0,0,0,0,0,0,0,0,0,0,0,0,0,3,0,0,0,0,0,0,0,0,0,0,0,0,0,0,0,0,0,0,0,23,0,0,0,0,0,0,0,0,0,0,0,0,0,0,0,0,0,0,0,0,0,0,0,0,0,0,0,0,0,0,0,0,0,0,0,0,0,0,0,0,0,0,0,0,0,0,0,0,0,0,0,0,0,0,0,0,0,0
"9","20 Mar",0,0,0,0,0,0,0,0,0,0,0,0,0,0,0,0,0,0,0,0,0,0,1,0,0,0,0,0,0,0,0,0,0,0,0,0,0,0,0,0,0,0,0,0,0,0,0,0,0,0,0,0,0,0,0,0,0,0,0,0,0,0,0,0,0,0,0,0,0,0,0,0,0,0,0,0,0,0,0,0,0,0,0,0,0,0,0,0,0,0,0,0,0,0,0,0,0,0,0,3,0,0,0,0,0,0,0,0,0,0,0,0,0,0,0,0,0,0,0,0,0,0,0,0,0,0,0,0,0,0,0,3,0,0,0,0,0,0,0,0,0,0,0,0,0,0,0,0,0,0,0,24,0,0,0,0,0,0,0,0,0,0,0,0,0,0,0,0,0,0,0,0,0,0,0,0,0,0,0,0,0,0,0,0,0,0,0,0,0,0,0,0,0,0,0,0,0,0,0,0,0,0,0,0,0,0,0,0,0,0
"10","21 Mar",0,0,0,0,0,0,0,0,0,0,0,0,0,0,0,0,0,0,0,0,0,0,1,0,0,0,0,0,0,0,0,0,0,0,0,0,0,0,0,0,0,0,0,0,0,0,0,0,0,0,0,0,0,0,0,0,0,0,0,0,0,0,0,0,0,0,0,0,0,0,0,0,0,0,0,0,0,0,0,0,0,0,0,0,0,0,0,0,0,0,0,0,0,0,0,0,0,0,0,3,0,0,0,0,0,0,0,0,0,0,0,0,0,0,0,0,0,0,0,0,0,0,0,0,0,0,0,0,0,0,0,3,0,0,0,0,0,0,0,0,0,0,0,0,0,0,0,0,0,0,0,26,0,0,0,0,0,0,0,0,0,0,0,0,0,0,0,0,0,0,0,0,0,0,0,0,0,0,0,0,0,0,0,0,0,0,0,0,0,0,0,0,0,0,0,0,0,0,0,0,0,0,0,0,0,0,0,0,0,0
"11","22 Mar",0,0,0,0,0,0,0,0,0,0,0,0,0,0,0,0,0,0,0,0,0,0,1,0,0,0,0,0,0,0,0,0,0,0,0,0,0,0,0,0,0,0,0,0,0,0,0,0,0,0,0,0,0,0,0,0,0,0,0,0,0,0,0,0,0,0,0,0,0,0,0,0,0,0,0,0,0,0,0,0,0,0,0,0,0,0,0,0,0,0,0,0,0,0,0,0,0,0,0,3,0,0,0,0,0,0,0,0,0,0,0,0,0,0,0,0,0,0,0,0,0,0,0,0,0,0,1,0,0,0,0,3,0,0,0,0,0,0,0,0,0,0,0,0,0,0,0,0,0,0,0,29,0,0,0,0,0,0,0,0,0,0,0,0,0,0,0,0,0,0,0,0,0,0,0,0,0,0,0,0,0,0,0,0,0,0,0,0,0,0,0,0,0,0,0,0,0,0,0,0,0,0,0,0,0,0,0,0,0,0
"12","23 Mar",0,0,0,0,0,0,0,0,0,0,0,0,0,0,0,0,0,0,0,0,0,0,1,0,0,0,0,0,0,0,0,0,0,0,0,0,0,0,0,0,0,0,0,0,0,0,0,0,0,0,0,0,1,0,0,0,0,0,0,0,0,0,0,0,0,0,0,0,0,0,0,0,0,0,0,0,0,0,0,0,0,0,0,0,0,0,0,0,0,0,0,0,0,0,0,0,0,0,0,3,0,0,0,0,0,0,0,0,0,0,0,0,0,0,0,0,0,0,0,0,0,0,0,0,0,0,2,0,0,0,1,3,0,0,0,0,0,0,0,0,0,0,0,0,0,1,0,0,0,0,0,30,0,0,0,0,0,0,0,0,0,0,0,0,0,0,0,0,0,0,0,0,0,0,0,0,0,0,0,0,0,0,0,0,0,0,0,0,0,0,0,0,0,0,0,0,0,0,0,0,0,0,0,0,0,0,0,0,0,0
"13","24 Mar",0,0,0,0,0,0,0,0,0,0,0,0,0,0,0,0,0,0,0,0,0,0,1,0,0,0,0,0,0,0,0,0,0,0,0,0,0,0,0,0,0,0,0,0,0,0,0,0,0,0,0,0,1,0,0,0,0,0,0,0,0,0,0,0,0,0,0,0,0,0,0,0,0,0,0,0,0,0,0,0,0,0,0,0,0,0,0,0,0,0,0,0,0,0,0,0,0,0,0,3,0,0,0,0,0,0,0,0,0,0,0,0,0,0,0,0,0,0,0,0,0,0,0,0,0,0,2,0,0,0,1,3,0,0,0,0,0,0,0,0,0,0,0,0,0,1,0,0,0,0,0,30,0,0,0,0,0,0,0,0,0,0,0,0,0,0,0,0,0,0,0,0,0,0,0,0,0,0,0,0,0,0,0,0,0,0,0,0,0,0,0,0,0,0,0,0,0,0,0,0,0,0,0,0,0,0,0,0,0,0
"14","25 Mar",0,0,0,0,0,0,0,0,0,0,0,0,0,0,0,0,0,0,0,0,0,0,1,0,0,0,0,0,0,0,0,0,0,0,0,0,0,0,0,0,0,0,0,0,0,0,0,0,0,0,0,0,1,0,0,0,0,0,0,0,0,0,0,0,0,0,0,0,0,0,0,0,0,0,0,0,0,0,0,0,0,0,0,0,0,0,0,0,0,0,0,0,0,0,0,0,0,0,0,3,0,0,0,0,0,0,0,0,0,0,0,0,0,0,0,0,0,0,0,0,0,0,0,0,0,0,2,0,0,0,1,3,0,0,0,0,0,0,0,0,0,0,0,0,0,1,0,0,0,0,0,30,0,0,0,0,0,0,0,0,0,0,0,0,0,0,0,0,0,0,0,0,0,0,0,0,0,0,0,0,0,0,0,0,0,0,0,0,0,0,0,0,0,0,0,0,0,0,0,0,0,0,0,0,0,0,0,0,0,0
"15","26 Mar",0,0,0,0,0,0,0,0,0,0,0,0,0,0,0,0,0,0,0,0,0,0,1,0,0,0,0,0,0,0,0,0,0,0,0,0,0,0,0,0,0,0,0,0,0,0,0,0,0,0,0,0,1,0,0,0,0,0,0,0,0,0,0,0,0,0,0,0,0,0,0,0,0,0,0,0,0,0,0,0,0,0,0,0,0,0,0,0,0,0,0,0,0,0,0,0,0,0,0,3,0,0,0,0,0,0,0,0,0,0,0,0,0,0,0,0,0,0,0,0,0,0,0,0,0,0,2,0,0,0,1,3,0,0,0,0,0,0,0,0,0,0,0,0,0,1,0,0,0,0,0,30,0,0,0,0,0,0,0,0,0,0,0,0,0,0,0,0,0,0,0,0,0,0,0,0,0,0,0,0,0,0,0,0,0,0,0,0,0,0,0,0,0,0,0,0,0,0,0,0,0,0,0,0,0,0,0,0,0,0
"16","27 Mar",0,0,0,0,0,0,0,0,0,0,0,0,0,0,0,0,0,0,0,0,0,0,1,0,0,0,0,0,0,0,0,0,0,0,0,0,0,0,0,0,0,1,0,0,0,0,0,0,0,0,0,0,1,0,0,0,0,0,0,0,0,0,0,0,0,0,0,0,0,0,0,1,0,0,0,0,0,0,0,1,0,0,0,0,0,0,0,0,0,0,0,0,0,0,0,0,0,0,0,4,0,0,0,0,0,0,0,0,0,0,0,0,0,0,0,0,0,0,0,0,0,0,0,0,0,0,3,0,0,0,2,3,0,0,0,0,0,0,0,0,0,0,0,0,0,2,0,0,0,0,0,38,0,0,0,0,0,0,0,0,0,0,0,0,0,0,0,0,0,0,0,0,0,0,0,0,0,0,0,0,0,0,0,0,0,0,0,0,0,0,0,0,0,0,0,0,0,0,0,0,0,0,0,0,0,0,0,0,0,0
"17","28 Mar",0,0,0,0,0,0,0,0,0,0,0,0,0,0,0,0,0,0,0,0,0,0,1,0,0,0,0,0,0,0,0,0,0,0,0,0,0,0,0,0,0,1,0,0,0,0,0,0,0,0,0,0,1,0,0,0,0,0,0,0,0,0,0,0,0,0,0,0,0,0,0,1,0,0,0,0,0,0,0,1,0,0,0,0,0,0,0,0,0,0,0,0,0,0,0,0,0,0,0,5,0,0,0,0,0,0,0,0,0,0,0,0,0,0,0,0,0,0,0,0,0,0,0,0,0,0,4,0,0,0,2,3,0,0,0,0,0,0,0,0,0,0,0,0,0,2,0,0,0,0,0,46,0,0,0,0,0,0,0,0,0,0,0,0,0,0,0,0,0,0,0,0,0,0,0,0,0,1,0,0,0,0,0,0,0,0,0,0,0,0,0,0,0,0,0,0,0,0,0,0,0,0,0,0,0,0,0,0,0,0
"18","29 Mar",0,0,0,0,0,0,0,0,0,0,0,0,0,0,0,0,0,0,0,0,0,0,1,0,0,0,0,0,0,0,0,0,0,0,0,0,0,0,0,0,0,1,0,0,0,0,0,0,0,0,0,0,1,0,0,0,0,0,0,0,0,0,0,0,0,0,0,0,0,0,0,1,0,0,0,0,0,0,0,1,0,0,0,0,0,0,0,0,0,0,0,0,0,0,0,0,0,0,0,6,0,0,0,0,0,0,0,0,0,0,0,0,0,0,0,0,0,0,0,0,0,0,0,0,0,0,4,0,0,0,2,3,0,0,0,0,0,0,0,0,0,0,0,0,0,2,0,0,0,0,0,50,0,0,0,0,0,0,0,0,0,0,0,0,0,0,0,0,0,0,0,0,0,0,0,0,0,1,0,0,0,0,0,0,0,0,0,0,0,0,0,0,0,0,0,0,0,0,0,0,0,0,0,0,0,0,0,0,0,0
"19","30 Mar",0,0,0,0,0,0,0,0,0,0,0,0,0,0,0,0,0,0,0,0,0,0,1,0,0,0,0,0,0,0,0,0,0,0,0,0,0,0,0,0,0,1,0,0,0,0,0,0,0,0,0,0,1,0,0,0,0,0,0,0,0,0,0,0,0,0,0,0,0,0,0,1,0,0,0,0,0,0,0,1,0,0,0,0,0,0,0,0,0,0,0,0,0,0,0,0,0,0,0,6,0,0,0,0,0,0,0,0,0,0,0,0,0,0,0,0,0,0,0,0,0,0,0,0,0,0,5,0,0,0,2,3,1,0,0,0,0,0,0,0,0,0,0,0,0,2,0,0,0,0,0,52,0,0,0,0,0,0,0,0,0,0,0,0,0,0,0,0,0,0,0,0,0,0,0,0,0,1,0,0,0,0,0,0,0,0,0,0,0,0,0,0,0,0,0,0,0,0,0,0,0,0,0,0,0,0,0,0,0,0
"20","31 Mar",0,0,0,0,0,0,0,0,0,0,0,0,0,0,0,0,0,0,0,0,0,0,1,0,0,0,0,0,0,0,0,0,0,0,0,0,0,0,0,0,0,2,0,0,0,0,0,0,0,0,0,0,1,0,0,0,0,0,0,0,0,0,0,0,0,0,0,0,0,0,0,2,0,0,0,0,0,0,0,1,0,0,0,0,0,0,0,0,0,0,0,0,1,0,0,0,0,0,0,6,0,0,0,0,0,0,0,0,0,0,0,0,0,0,0,0,0,0,0,0,0,0,0,0,0,0,5,0,0,0,2,3,1,0,0,0,0,0,0,0,0,0,0,0,0,2,0,0,0,0,0,57,0,0,0,0,0,0,0,0,0,0,0,0,0,0,0,0,0,0,0,0,0,0,0,0,0,3,0,0,0,0,0,0,0,0,0,0,0,0,0,0,0,0,0,0,0,0,0,0,0,0,0,0,0,0,0,0,0,0
"21","01 Apr",0,0,0,0,0,0,0,0,1,0,0,0,0,0,0,0,0,0,0,0,0,0,1,0,0,0,0,0,0,0,0,0,0,0,0,0,0,0,0,0,0,2,0,0,0,0,0,0,0,0,0,0,1,0,0,0,0,0,0,0,0,0,0,0,0,0,0,0,0,0,0,2,0,0,0,0,0,0,0,1,0,0,0,0,0,0,0,0,0,0,0,0,1,0,0,0,0,0,0,6,0,0,0,0,0,0,0,0,0,0,0,0,0,0,0,0,0,0,0,0,0,0,0,0,0,0,5,0,0,0,2,3,1,0,0,0,0,0,0,0,0,0,0,0,0,2,0,0,0,0,0,64,0,0,0,0,0,0,0,0,0,0,0,0,0,0,0,0,0,0,0,0,0,0,0,0,0,3,0,0,0,0,0,0,0,0,0,0,0,0,0,0,0,0,0,0,0,0,0,0,0,0,0,0,0,0,0,0,0,0
"22","02 Apr",0,0,0,0,0,0,0,0,1,0,0,0,0,0,0,0,0,0,0,0,0,0,1,0,0,0,0,0,0,0,0,0,0,0,0,0,0,0,0,0,0,2,0,0,0,0,0,0,0,0,0,0,1,0,0,0,0,0,0,0,0,0,0,0,0,0,0,0,0,0,0,2,0,0,0,0,0,0,0,1,0,0,0,0,0,0,0,0,0,0,0,0,1,0,0,0,0,0,0,7,0,0,0,0,0,0,0,0,0,0,0,0,0,0,0,0,0,0,0,0,0,0,0,0,0,0,5,0,0,0,2,3,1,0,0,0,0,0,0,0,0,0,0,0,0,2,0,0,0,0,0,74,0,0,0,0,0,0,0,0,0,0,0,0,0,0,0,0,0,0,0,0,0,0,0,0,0,3,0,0,0,0,0,0,0,0,0,0,0,0,0,0,0,0,0,0,0,0,0,0,0,0,0,0,0,0,0,0,0,0
"23","03 Apr",0,0,0,0,0,0,0,0,1,0,0,0,0,0,0,0,0,0,0,0,0,0,1,0,0,0,0,0,0,0,0,0,0,0,0,2,0,0,0,0,0,4,0,0,0,0,0,0,0,0,0,0,1,0,0,0,0,0,0,0,0,0,0,0,0,0,0,0,0,0,0,5,0,0,0,0,0,0,0,1,0,0,0,0,0,0,0,0,0,0,0,0,1,0,0,0,0,0,0,8,0,0,0,0,0,0,0,0,0,0,0,0,0,0,0,0,0,0,0,0,0,0,0,0,0,0,6,0,0,0,2,3,1,0,0,0,0,0,0,0,3,0,0,0,0,2,0,0,0,0,0,92,0,0,0,0,0,0,0,0,0,0,0,0,0,0,0,0,0,0,0,0,0,0,0,0,0,3,0,0,0,0,0,0,0,0,0,0,0,0,0,0,0,0,0,0,0,0,0,0,0,0,0,0,0,0,0,0,0,0
"24","04 Apr",0,0,0,0,0,0,0,0,1,0,0,0,0,0,0,0,0,0,0,0,0,0,1,0,0,0,0,0,0,0,0,0,0,0,0,4,0,0,0,0,0,6,0,0,0,0,0,0,0,0,0,0,2,0,0,0,0,0,0,0,0,0,0,0,0,0,0,0,0,0,0,7,0,0,0,0,0,0,0,1,0,0,0,0,0,0,0,0,0,0,0,0,1,0,0,0,0,0,0,11,0,0,0,0,0,0,0,0,0,0,0,0,0,0,0,0,0,0,0,0,0,0,0,0,0,0,8,0,0,0,3,3,1,0,0,0,0,0,0,0,3,0,0,0,0,2,0,0,0,0,0,119,0,0,0,0,0,0,0,0,0,0,0,0,0,0,0,0,0,0,0,0,0,0,0,0,0,3,0,0,0,0,0,0,0,0,0,0,0,0,0,0,0,0,0,0,0,0,0,0,0,0,0,0,0,0,0,0,0,0
"25","05 Apr",0,0,0,0,0,0,0,0,1,0,0,0,0,0,0,0,0,0,0,0,0,0,1,0,0,0,0,0,0,0,0,0,0,0,0,5,0,0,0,0,0,6,0,0,0,0,0,0,0,0,0,0,2,0,0,0,0,0,0,0,0,0,0,0,0,0,0,0,0,0,0,7,0,0,0,0,0,0,0,1,0,0,0,0,0,0,0,0,0,0,0,0,1,0,0,0,0,0,0,12,0,0,0,0,0,0,0,0,0,0,0,0,0,0,0,0,0,0,0,0,0,0,0,0,0,0,9,0,0,0,3,3,1,0,0,0,0,0,0,0,5,0,0,0,0,2,0,0,0,0,0,139,0,0,0,0,0,0,0,0,0,0,0,0,0,0,0,0,0,0,0,0,0,0,0,0,0,3,0,0,0,0,0,0,0,0,0,0,0,0,0,0,0,0,0,0,0,0,0,0,0,0,0,0,0,0,0,0,0,0
"26","06 Apr",0,0,0,0,0,0,0,0,1,0,0,0,0,0,0,0,0,0,0,0,0,0,1,0,0,0,0,0,0,0,0,0,0,0,0,5,0,1,0,0,0,7,0,0,0,0,0,0,0,0,0,0,3,0,0,0,0,0,0,0,0,0,0,0,0,0,0,0,0,0,0,7,0,0,0,0,0,0,0,1,0,0,0,0,0,0,0,0,0,0,0,0,1,0,0,0,0,0,0,15,0,0,0,0,0,0,0,0,0,0,0,0,1,0,0,0,0,0,0,0,0,0,0,0,0,0,12,0,0,0,3,3,1,0,0,0,0,0,0,2,5,0,0,0,0,2,0,0,0,0,0,145,0,0,0,0,0,0,0,0,0,0,0,0,0,0,0,0,0,0,0,0,0,0,0,0,0,7,0,0,0,0,0,0,0,0,0,0,0,0,0,0,0,0,0,0,0,0,0,0,0,0,0,0,0,0,0,0,0,0
"27","07 Apr",0,0,0,0,0,0,0,0,1,0,0,0,0,0,0,0,0,0,0,0,0,0,1,0,0,0,0,1,0,0,0,0,0,0,0,6,0,1,0,0,0,10,0,0,0,0,0,0,0,0,0,0,3,0,1,0,0,0,0,0,0,0,0,0,0,0,0,0,0,0,0,14,0,0,0,0,0,0,0,2,0,0,0,0,0,1,0,0,0,0,0,0,1,0,0,0,0,0,0,24,0,0,0,0,0,0,0,0,0,0,0,0,1,0,0,0,0,0,0,1,0,0,0,0,2,0,19,0,0,0,4,3,2,0,0,0,0,0,0,4,8,0,0,0,0,3,0,0,0,0,0,220,0,0,0,0,0,1,0,0,0,0,0,0,0,0,0,0,0,0,0,0,0,0,0,0,0,14,0,0,0,0,0,0,0,0,0,0,0,0,0,0,0,0,0,0,1,0,0,0,0,0,0,0,0,0,0,0,3,0
"28","08 Apr",0,0,0,0,0,0,0,0,1,0,0,0,0,0,0,1,0,0,0,0,0,0,1,0,0,0,0,1,0,0,0,0,0,0,0,8,0,1,0,0,0,13,0,0,0,0,0,0,0,0,0,0,3,0,1,0,0,0,0,0,0,0,0,0,0,0,0,0,0,0,0,14,0,0,0,0,0,0,0,2,0,0,0,0,0,1,0,0,0,0,0,0,1,0,0,0,0,0,0,26,0,0,0,0,0,0,0,0,0,0,0,0,1,0,0,0,0,0,0,1,0,0,0,0,2,0,21,0,0,0,4,3,2,0,0,0,0,0,1,4,9,0,0,0,0,3,0,0,0,0,0,253,0,0,0,0,0,3,0,0,0,0,0,0,0,0,0,0,0,0,0,0,0,0,0,0,0,16,0,0,0,0,0,0,0,0,0,0,0,0,0,0,0,0,0,0,1,0,0,0,0,0,0,0,0,0,0,0,3,0
"29","09 Apr",1,0,0,0,0,0,0,0,2,0,0,0,0,0,0,3,0,0,0,0,0,0,1,0,0,0,0,1,0,0,0,0,0,0,0,12,0,1,0,0,0,20,0,0,0,0,0,0,1,0,0,2,5,0,2,0,0,0,0,0,0,0,0,0,0,0,0,0,0,0,0,14,0,0,0,1,0,1,0,3,0,0,0,0,0,1,0,0,0,0,0,0,1,0,0,0,0,0,0,35,0,0,0,0,1,0,0,0,0,0,0,0,1,0,0,0,0,0,1,1,0,0,0,0,2,0,32,0,0,0,4,3,3,0,0,0,0,0,1,4,23,0,0,0,0,4,0,1,0,0,0,340,0,0,0,0,0,3,0,0,0,0,0,0,0,0,0,0,0,0,0,0,0,0,0,0,0,20,0,0,0,0,0,0,0,0,0,0,0,0,0,0,0,0,0,0,1,0,0,0,0,0,0,0,0,0,0,0,3,0
"30","10 Apr",1,0,0,0,0,0,0,0,2,0,0,0,0,0,0,3,0,0,0,0,0,0,1,0,0,0,1,1,0,0,0,0,0,0,0,13,0,1,0,0,0,24,0,0,0,0,0,0,1,0,0,2,6,0,2,0,0,0,0,0,0,0,0,0,0,0,0,0,0,0,0,14,0,0,0,1,0,1,0,3,0,0,0,0,0,2,0,0,0,0,0,1,1,0,0,0,0,0,0,51,0,0,0,0,1,0,0,0,0,0,0,0,2,0,0,0,0,0,1,1,0,0,0,0,2,0,44,0,0,0,5,3,3,0,0,0,0,0,1,6,34,0,0,0,0,4,0,1,0,0,0,413,0,0,0,0,0,4,0,0,0,0,0,0,0,0,0,0,0,0,1,0,0,0,0,0,0,21,0,0,1,0,0,0,0,0,0,0,0,0,0,0,0,0,0,0,1,0,0,0,0,0,0,0,0,0,0,0,3,0
"31","11 Apr",5,0,0,0,0,0,0,0,2,0,0,0,0,0,0,3,0,0,0,0,0,0,2,0,0,0,1,1,0,0,0,0,0,0,0,14,0,5,0,0,0,28,0,0,0,0,0,0,1,0,0,2,6,0,2,0,0,0,0,0,0,0,0,0,0,0,0,0,0,0,0,14,0,0,0,1,1,2,0,4,0,0,0,0,0,3,0,0,0,0,0,3,1,0,0,0,0,0,0,57,0,0,0,0,1,0,0,0,0,0,0,0,2,0,0,0,0,0,1,1,0,0,0,0,2,0,57,0,0,0,5,3,3,0,0,0,0,0,1,6,40,0,0,0,0,4,0,1,0,1,0,486,0,0,0,0,0,4,0,0,0,0,1,0,0,0,0,0,1,0,1,0,0,0,0,0,0,28,0,0,1,0,1,0,0,0,0,0,0,0,0,0,0,0,0,0,1,1,1,0,0,0,0,0,0,0,0,0,4,0
"32","12 Apr",10,0,0,0,0,0,0,0,2,0,0,0,0,0,0,3,0,0,0,0,0,0,2,0,0,0,1,1,0,0,0,0,0,0,0,15,0,7,0,0,0,33,0,0,0,0,0,0,1,0,0,2,7,0,2,0,0,1,0,0,0,0,0,0,0,0,0,0,0,0,0,24,0,0,0,1,1,2,1,5,0,0,0,0,0,3,0,0,0,0,0,5,2,0,0,0,0,1,0,67,0,0,0,0,2,0,0,0,0,0,0,0,2,0,0,0,0,0,2,1,1,0,0,0,2,0,72,0,0,0,5,3,4,0,0,0,0,0,1,6,47,0,0,0,0,4,0,1,0,1,0,557,0,0,0,0,0,4,0,0,0,0,1,0,0,0,0,0,1,0,1,0,0,0,1,0,0,31,0,0,1,0,1,0,0,0,0,0,0,0,0,0,0,0,0,0,1,1,1,0,0,0,0,0,0,0,0,0,5,0
"33","13 Apr",13,0,0,0,0,0,0,0,3,0,0,0,0,2,0,4,0,0,0,0,0,0,2,0,1,0,1,2,0,0,0,0,0,0,0,15,0,8,0,0,0,37,0,0,0,0,0,0,1,0,0,2,7,0,2,0,0,1,0,0,0,0,0,0,0,0,0,0,0,0,0,24,0,0,0,1,1,2,1,5,0,1,0,0,0,3,0,0,0,0,0,5,2,0,0,0,0,2,0,79,0,0,0,0,3,0,0,0,0,0,0,0,2,0,0,1,0,0,2,1,2,0,0,0,4,0,91,0,0,0,5,3,4,0,0,0,0,0,1,7,67,0,0,0,0,5,0,2,0,1,0,672,0,0,0,0,0,5,0,0,0,0,1,0,0,0,0,0,1,0,1,0,0,0,1,0,0,33,0,0,2,0,1,0,0,0,0,0,0,0,0,0,0,0,0,0,1,1,1,0,0,0,0,0,0,0,0,0,6,0
"34","14 Apr",15,0,0,0,0,0,0,0,3,0,0,0,0,2,0,4,0,0,0,0,0,0,2,0,1,0,1,2,0,0,0,0,0,0,0,19,0,8,0,0,0,45,0,0,0,0,0,0,1,1,0,2,7,0,2,0,1,1,0,0,0,0,0,0,0,0,0,0,0,0,0,24,0,0,0,1,1,2,1,5,0,1,0,0,0,5,0,0,2,0,0,5,2,0,0,0,0,2,0,94,0,0,0,0,3,0,0,0,0,0,0,0,2,0,0,1,0,0,3,1,2,0,0,0,5,0,102,0,0,0,5,3,4,0,0,0,0,0,1,7,75,0,0,0,0,6,0,2,0,1,0,733,0,0,0,0,0,6,0,0,0,0,1,0,0,0,0,0,1,0,1,0,0,0,1,0,0,43,0,0,2,0,1,0,0,0,0,0,0,0,0,0,0,0,0,0,1,1,1,0,0,0,0,0,0,0,0,0,7,0
"35","15 Apr",15,0,0,0,0,0,0,0,3,0,0,0,0,2,0,4,0,0,0,0,0,0,2,0,1,0,2,2,0,0,0,0,0,0,0,19,0,8,0,0,0,55,0,0,0,0,0,0,1,1,0,2,8,0,2,0,1,2,0,0,0,0,0,0,0,0,0,0,0,0,0,24,0,0,0,1,1,3,2,5,0,1,0,0,0,8,0,0,3,0,0,7,2,0,0,0,0,2,0,103,0,0,0,0,4,0,0,0,0,0,0,0,2,0,0,1,0,0,5,1,2,0,0,0,6,0,122,0,0,0,6,3,4,0,0,0,0,0,1,7,83,0,0,0,0,6,0,2,0,1,0,857,0,1,0,0,0,6,0,0,0,0,1,0,0,0,0,0,1,0,1,0,0,0,1,0,0,46,0,0,4,0,1,0,0,0,0,0,0,0,0,0,0,0,0,0,1,1,2,0,1,0,0,0,0,0,0,0,10,0
"36","16 Apr",17,0,0,0,0,0,0,0,5,0,0,1,0,2,0,7,0,0,0,0,0,0,2,0,1,0,2,3,0,0,0,0,0,0,0,19,0,8,0,0,0,63,0,0,0,0,0,0,1,1,0,2,10,0,2,0,1,3,0,0,0,0,0,0,1,0,0,0,1,0,2,24,0,0,0,1,1,3,2,5,0,1,0,0,0,13,0,0,4,0,0,7,2,0,0,0,0,2,0,121,0,0,0,0,4,0,0,0,0,0,0,0,2,0,0,1,0,0,6,1,2,0,0,0,6,0,147,0,0,0,6,3,4,0,0,0,0,0,1,7,98,0,0,0,0,6,0,2,0,1,0,958,0,1,0,0,0,6,0,0,0,0,1,0,0,0,0,0,1,0,1,0,0,0,1,0,0,52,0,0,4,0,1,0,0,0,0,1,0,0,0,0,0,0,0,0,3,1,2,0,2,0,0,0,0,0,0,0,11,0
"37","17 Apr",18,0,0,0,0,0,0,0,5,0,0,1,0,2,0,7,0,0,0,0,0,0,2,0,1,0,2,3,0,0,0,0,0,0,0,21,0,8,0,0,0,80,0,0,0,0,0,0,1,1,0,2,13,0,2,0,2,3,0,0,0,0,0,0,1,0,0,0,2,0,2,24,0,0,0,2,1,6,2,6,0,1,0,0,0,15,0,0,4,0,0,7,2,0,0,0,0,2,0,139,0,0,0,0,4,0,0,0,0,0,0,0,2,1,0,1,0,0,8,1,2,0,0,0,6,0,185,0,0,0,7,3,4,0,0,0,0,0,1,10,122,0,0,1,0,6,0,4,0,1,0,1136,0,1,1,0,0,6,0,0,0,0,2,0,0,0,0,0,1,0,4,0,0,0,1,0,1,61,0,1,4,0,1,0,0,0,0,1,0,0,0,0,0,0,0,0,4,1,2,0,2,0,0,0,0,0,1,0,15,0
"38","18 Apr",21,0,0,0,0,0,0,0,5,0,0,1,0,2,0,7,0,0,0,0,0,0,3,0,1,0,2,3,1,0,0,0,0,0,0,22,0,8,0,0,0,87,0,0,0,0,0,0,1,1,0,2,15,0,2,0,2,3,0,0,0,0,0,0,1,0,0,0,2,0,2,26,0,0,0,2,1,6,2,6,0,1,0,0,0,16,0,0,4,0,0,7,2,0,0,0,0,2,0,159,0,0,0,0,4,0,0,0,0,0,0,0,2,1,0,1,0,0,8,1,2,0,0,0,7,0,198,0,0,0,8,3,4,0,0,0,0,0,1,10,130,0,0,1,0,6,0,4,0,1,0,1255,0,1,1,0,0,6,0,0,0,0,2,0,0,0,0,0,1,0,4,0,0,0,1,0,1,64,0,1,4,0,1,0,0,0,0,1,0,0,0,0,0,0,0,0,4,1,2,0,2,0,0,0,0,0,1,0,20,0
"39","19 Apr",28,0,0,0,0,0,1,0,5,1,0,1,0,2,0,10,0,0,0,0,0,0,3,0,1,0,2,3,1,0,0,0,0,0,0,27,0,8,0,0,0,93,0,0,0,0,0,0,1,1,0,3,15,0,2,0,2,3,0,0,0,0,0,0,1,1,0,0,2,0,2,27,0,0,0,2,1,7,2,6,0,1,0,0,0,18,0,0,4,0,0,10,4,0,0,0,0,2,0,189,0,0,0,1,5,0,0,0,0,0,1,0,2,1,0,1,0,0,8,2,2,0,0,0,10,0,213,0,0,0,8,3,4,0,0,0,0,0,1,10,143,0,1,1,0,9,1,6,0,1,0,1399,0,1,1,0,0,8,0,0,0,0,2,0,0,0,0,0,1,0,4,0,0,0,1,0,1,68,0,1,4,0,1,1,0,0,0,1,0,0,0,0,0,0,0,0,4,1,2,0,2,0,0,0,0,0,1,0,22,0
"40","20 Apr",29,0,0,0,0,0,1,0,5,1,0,1,0,2,0,10,0,0,0,0,0,0,4,0,1,0,2,3,1,0,0,0,0,0,0,30,0,8,0,0,0,105,0,0,0,0,0,0,1,1,0,3,15,0,2,0,2,3,0,0,0,0,0,0,1,1,0,0,3,0,2,27,1,0,0,2,1,7,3,6,0,1,0,0,0,23,0,0,4,0,0,10,4,0,0,0,1,2,0,204,0,0,0,1,5,0,0,0,0,0,1,0,2,1,0,1,0,0,8,2,2,0,0,0,10,0,233,0,0,0,8,3,5,0,0,0,0,0,1,11,153,0,1,1,0,9,1,6,0,1,0,1552,0,1,1,0,0,8,0,0,0,0,2,0,0,0,0,0,1,0,4,0,0,0,1,0,1,68,0,1,4,0,1,2,0,0,0,1,0,0,0,0,0,0,0,0,4,1,2,0,2,1,1,0,0,0,1,1,25,0
"41","21 Apr",29,0,0,0,0,0,1,0,5,1,0,1,0,2,0,11,0,0,0,0,0,0,5,0,1,0,2,3,2,0,0,0,0,0,0,32,0,8,0,0,0,110,0,0,0,0,0,0,1,1,0,3,15,0,2,0,2,3,0,0,0,0,0,0,1,1,0,0,4,0,2,28,1,0,0,2,1,7,3,7,0,2,0,0,0,24,0,0,5,1,0,11,4,0,0,1,1,2,0,218,0,0,1,1,5,0,0,0,0,0,1,0,2,1,0,1,0,0,9,2,2,0,0,0,12,0,253,0,0,0,8,3,5,0,0,0,0,0,3,13,164,0,1,1,0,9,1,6,0,1,0,1687,0,2,1,0,0,8,0,0,0,0,2,0,0,0,0,0,1,0,4,0,0,0,1,0,1,73,0,1,6,0,1,2,0,0,0,2,0,1,0,0,0,0,0,0,4,1,2,0,2,1,1,0,0,0,1,1,26,0
"42","22 Apr",31,0,0,0,0,0,1,0,5,1,0,2,0,3,0,11,0,0,0,0,0,0,5,0,1,0,2,5,2,0,0,0,0,0,0,40,0,8,0,0,0,117,0,0,0,0,0,0,1,1,0,4,15,0,2,0,3,3,0,0,0,0,0,0,1,1,0,0,4,0,2,28,1,0,0,2,1,8,4,8,0,2,0,0,0,27,0,0,5,1,0,13,4,0,0,1,1,3,0,252,0,0,1,1,5,0,0,0,1,0,1,0,2,1,0,1,0,0,9,3,2,0,0,0,14,2,293,0,1,0,9,3,5,0,1,0,0,0,3,18,184,0,4,1,0,11,1,8,0,1,0,1904,0,2,3,0,0,8,0,0,0,0,2,0,0,0,0,0,1,0,4,0,0,0,1,0,1,87,0,1,6,0,1,3,0,0,0,2,0,1,0,0,0,0,0,0,5,1,2,0,2,1,1,0,0,0,1,1,30,0
"43","23 Apr",36,0,0,0,0,0,1,0,5,1,0,2,0,3,0,11,0,0,0,0,0,0,5,0,1,0,2,5,2,0,0,0,0,0,0,43,0,8,0,0,0,124,1,0,0,0,0,0,1,1,0,4,16,0,2,0,4,9,0,1,0,0,0,0,1,1,0,0,4,0,2,28,1,0,0,2,1,8,6,8,0,2,0,0,0,31,0,0,6,1,0,14,4,0,0,1,1,3,0,282,0,0,1,1,5,0,0,0,1,0,1,0,2,1,0,1,0,0,10,4,2,0,0,0,19,2,324,0,1,0,9,3,5,0,1,0,0,0,3,18,208,0,4,1,0,14,1,8,0,1,0,2062,0,2,3,0,0,8,0,0,0,0,2,0,0,0,0,0,1,0,4,0,0,0,4,0,1,94,0,1,6,0,1,3,0,0,0,2,0,1,0,0,1,0,0,0,5,1,2,0,2,3,1,0,0,0,1,1,36,1
"44","24 Apr",36,0,0,1,0,0,1,0,5,1,0,2,0,3,0,11,0,0,0,0,0,0,5,0,1,0,2,5,2,0,0,0,0,0,0,45,0,8,0,0,0,134,2,0,0,0,0,0,1,1,0,4,17,0,3,0,4,9,0,1,1,0,0,0,1,1,0,0,4,0,2,28,1,0,0,4,1,8,8,11,0,5,0,1,0,36,0,0,6,1,0,14,4,0,0,1,1,3,0,324,0,0,1,1,6,0,0,0,1,0,1,1,2,1,0,1,0,0,10,4,2,0,0,0,19,3,374,0,1,0,10,3,5,0,1,0,0,0,3,21,254,0,4,1,0,14,1,9,0,1,1,2266,0,2,3,0,0,8,0,0,0,0,3,0,0,0,0,0,1,0,4,0,0,0,4,0,1,102,0,1,6,0,1,3,0,0,0,2,0,1,0,0,2,0,0,0,5,1,2,1,2,3,1,0,0,0,1,2,44,1
"45","25 Apr",46,0,0,1,0,0,1,0,7,1,0,3,0,3,0,12,0,0,0,0,0,0,5,2,1,0,2,5,2,0,0,0,0,0,0,49,1,8,1,0,0,159,2,0,0,0,0,0,1,1,0,6,19,0,3,1,5,9,0,2,1,0,0,0,1,2,0,0,5,0,2,28,1,0,0,5,1,8,8,15,0,7,0,1,0,42,0,0,6,1,0,20,4,0,0,1,1,3,1,374,0,0,1,1,6,0,0,0,1,0,1,2,2,2,0,2,0,0,12,4,2,0,0,0,24,3,406,0,1,0,11,3,8,0,1,0,0,0,3,25,285,0,4,1,0,14,1,11,0,1,1,2534,0,2,3,0,0,8,0,0,0,0,3,0,0,0,0,0,3,0,4,0,0,0,5,0,1,111,0,1,6,0,1,4,0,0,0,4,0,1,0,0,2,0,0,0,5,1,2,1,2,3,1,1,0,0,1,2,55,1
"46","26 Apr",49,0,0,1,0,0,1,0,9,1,0,3,0,3,0,12,0,0,0,0,0,0,5,4,1,0,2,7,2,0,0,0,0,0,0,54,1,8,2,0,0,174,3,0,0,0,0,0,1,1,1,7,22,0,3,1,5,12,0,2,1,0,0,0,1,2,0,0,5,0,2,28,1,0,0,5,1,9,9,20,1,7,0,1,0,45,0,0,7,1,0,20,8,0,0,1,1,4,2,410,0,0,1,1,6,0,0,0,1,0,1,2,2,2,1,2,0,1,12,4,4,0,0,0,27,4,433,1,1,1,11,3,8,0,1,0,0,0,3,25,311,0,4,1,0,16,1,18,0,1,1,2722,0,2,3,0,0,11,0,0,0,0,3,0,0,0,0,0,3,0,4,0,0,1,6,0,1,118,0,1,7,0,6,4,0,0,0,4,0,1,0,0,2,0,0,1,11,1,2,2,2,3,1,2,0,0,1,4,63,2
"47","27 Apr",54,0,0,1,2,0,1,0,9,1,0,3,0,5,0,13,0,0,0,0,0,0,6,4,1,0,2,7,4,0,0,0,0,0,0,66,1,8,2,0,0,190,3,0,0,0,0,0,1,1,1,9,23,0,3,1,7,17,0,4,1,0,0,0,1,3,0,0,5,0,2,28,1,0,0,5,1,9,9,21,1,7,0,1,0,46,0,0,8,1,0,20,8,0,0,1,1,5,2,456,0,1,1,1,6,0,0,0,1,0,1,2,3,2,1,2,0,1,12,4,4,0,0,0,29,5,476,1,1,1,12,3,8,0,1,0,0,0,3,33,337,0,4,2,0,17,1,18,1,1,1,2971,0,4,3,0,0,11,0,0,0,0,4,0,0,0,0,0,3,0,6,0,0,1,6,0,1,125,0,1,7,0,6,6,0,0,0,4,0,1,0,0,2,0,0,1,12,1,2,2,2,3,1,3,0,0,1,5,66,2
"48","28 Apr",62,0,0,1,3,0,1,0,9,1,0,3,0,5,0,13,0,0,0,0,0,0,7,4,1,0,2,7,4,0,0,0,0,0,0,71,1,8,2,0,0,201,3,0,0,0,0,0,1,2,1,10,23,0,3,1,8,17,0,4,1,0,0,0,1,3,0,0,6,0,2,28,1,0,0,5,1,10,9,21,1,8,0,1,0,54,0,1,8,1,0,22,8,0,0,1,1,5,2,489,0,1,1,1,6,0,0,0,1,0,1,2,5,2,1,2,0,1,14,5,4,0,0,0,30,5,515,1,1,1,12,3,8,0,1,0,0,0,3,34,368,0,7,2,0,17,1,18,3,1,1,3158,0,4,3,0,0,11,0,0,0,0,4,0,0,1,0,0,3,0,9,0,0,1,7,1,1,133,0,1,7,0,6,6,0,0,0,5,0,1,0,0,2,0,0,1,12,1,2,2,2,3,1,3,0,0,1,5,70,3
"49","29 Apr",67,2,1,1,3,0,1,0,9,2,0,4,0,5,0,13,0,0,0,0,0,0,7,4,1,0,2,9,4,0,0,0,0,0,0,76,1,8,2,0,0,213,3,0,0,0,0,0,1,2,1,13,25,0,3,1,10,18,0,6,1,0,0,0,1,4,0,0,7,0,3,28,1,0,0,5,1,10,11,26,1,8,0,1,0,58,0,1,8,1,0,23,8,0,0,1,1,5,2,532,0,1,1,1,7,0,0,0,1,0,1,2,6,2,1,2,0,1,16,5,4,0,0,0,32,6,551,1,1,1,13,3,8,0,2,0,0,0,4,35,395,0,7,2,0,17,1,23,3,1,1,3423,0,5,3,0,0,13,0,0,0,0,4,0,0,1,0,0,4,0,10,0,0,1,11,1,1,142,0,1,10,0,6,6,0,0,0,5,0,1,0,0,2,1,0,1,12,1,2,4,2,3,1,3,0,0,1,5,78,3
"50","30 Apr",72,2,1,1,4,0,1,0,9,2,0,4,0,5,0,14,0,0,0,0,0,0,7,4,1,0,2,10,4,0,0,0,0,0,0,81,1,8,3,0,0,231,3,0,0,0,0,0,2,2,1,13,27,0,4,1,11,18,0,8,2,1,0,0,2,4,0,0,7,0,4,28,2,0,0,6,1,12,14,28,1,10,0,1,1,67,0,1,9,1,0,26,8,0,0,1,1,7,3,592,0,1,1,1,7,0,0,0,1,0,1,2,10,3,1,2,0,1,19,5,4,0,0,0,35,8,617,1,1,2,13,3,10,0,2,0,0,0,8,39,445,0,7,2,0,19,1,25,3,1,1,3780,0,6,3,1,0,13,0,0,0,0,4,0,1,1,0,0,4,0,13,0,1,1,13,1,1,163,0,1,11,0,6,6,0,0,0,5,0,2,0,0,2,1,0,1,13,1,2,4,2,3,1,3,0,0,1,6,92,3
"51","01 May",77,2,1,1,5,0,1,0,10,2,0,6,0,6,0,14,0,0,1,0,0,0,7,4,1,0,2,10,5,0,0,0,0,0,0,98,1,8,5,0,0,249,3,0,0,0,0,0,2,2,1,16,30,0,4,1,11,19,0,8,2,1,0,0,2,4,0,0,8,0,4,28,2,0,0,6,1,15,15,29,1,11,0,2,1,76,0,1,9,1,0,27,8,0,0,1,1,7,3,627,0,1,1,1,7,0,0,0,1,0,1,3,15,3,1,2,0,1,19,5,4,0,0,0,35,9,664,1,1,2,13,3,10,0,2,0,0,0,9,40,484,0,7,2,0,20,1,26,3,1,1,4021,0,7,3,1,0,14,0,0,0,0,4,0,1,1,0,0,4,0,13,0,1,1,13,1,1,167,0,1,11,0,6,6,0,0,0,5,0,2,0,0,2,1,0,1,14,1,2,4,2,3,1,3,0,0,1,6,97,3
"52","02 May",83,2,1,1,6,3,2,0,10,2,0,6,0,8,0,27,0,0,1,0,0,0,9,4,1,0,2,10,5,0,0,1,0,0,0,109,1,8,6,0,0,277,3,0,0,0,0,0,2,2,1,17,35,0,5,1,12,19,0,10,2,2,0,0,2,10,0,0,9,0,5,28,2,0,0,6,1,16,17,37,1,14,0,5,1,89,0,1,13,1,0,29,9,0,0,1,2,7,5,698,0,1,1,2,7,0,1,0,1,0,1,3,16,3,1,2,0,2,22,5,4,0,0,0,38,11,743,1,1,4,14,3,15,0,2,0,0,0,13,43,527,0,8,5,0,23,1,33,3,1,1,4453,0,7,3,1,0,16,0,0,0,0,4,0,1,1,0,0,5,0,13,0,2,1,14,1,2,174,0,1,11,0,6,6,0,0,0,5,0,2,0,0,3,1,0,1,15,1,2,5,2,3,1,3,0,0,1,6,98,3
"53","03 May",87,2,1,1,7,3,2,0,10,2,0,6,0,8,1,27,0,0,1,0,0,0,9,4,1,0,2,10,5,0,0,1,1,1,0,132,1,8,6,0,0,292,3,0,0,0,0,0,2,2,1,20,38,0,5,1,12,20,0,11,2,2,0,0,2,10,0,0,11,0,5,28,2,0,0,6,1,16,17,41,1,14,0,5,1,97,0,1,15,1,0,31,9,0,0,1,2,8,6,736,0,1,1,2,7,0,2,0,1,0,1,3,17,3,1,2,0,2,22,6,4,0,0,0,40,11,802,1,1,4,16,3,15,0,2,0,0,0,14,45,564,0,8,7,2,23,1,33,3,1,1,4702,0,7,4,1,0,17,0,0,0,0,4,0,1,1,0,0,5,0,13,0,2,1,16,1,2,182,0,1,12,0,8,7,0,0,0,5,0,3,0,0,4,1,0,1,16,1,2,7,2,3,1,3,0,0,1,6,104,3
"54","04 May",87,2,1,1,8,3,2,0,11,2,0,7,0,9,1,27,0,0,1,0,0,0,9,4,2,0,2,10,5,0,0,1,1,1,0,133,1,8,6,0,0,297,3,0,0,0,0,0,2,2,1,20,41,0,6,1,12,20,0,11,2,4,0,0,2,10,0,0,12,0,6,28,3,0,1,6,1,16,17,42,1,14,0,6,1,98,0,2,15,1,0,35,9,0,0,1,2,9,6,753,0,1,1,2,7,0,2,0,1,0,1,3,17,3,1,2,0,3,23,6,5,0,0,0,41,12,830,1,1,4,16,3,16,0,2,0,0,0,16,47,585,0,8,7,2,23,1,33,3,1,1,4807,0,7,4,1,0,17,0,2,0,0,4,0,1,1,0,0,5,0,13,0,2,1,16,1,2,183,0,1,12,0,8,7,0,0,0,5,0,3,0,0,4,1,0,1,16,1,2,7,2,3,1,3,0,0,1,6,105,3
"55","05 May",91,2,1,1,8,3,2,0,11,2,0,7,0,9,1,28,0,0,1,0,0,0,9,4,2,0,2,11,5,0,0,1,2,1,0,142,1,8,6,0,0,310,4,0,0,0,0,0,2,2,1,21,46,0,6,1,14,25,0,11,2,4,0,0,3,10,0,0,14,0,7,28,3,0,1,16,1,17,18,42,1,14,0,6,1,98,0,2,15,1,0,35,9,0,0,2,2,10,7,812,0,1,1,2,7,0,2,0,1,0,1,3,17,4,1,2,0,3,24,7,5,0,0,0,41,12,867,1,1,5,16,3,17,0,2,0,0,0,16,47,616,0,8,7,2,64,1,33,3,1,1,4989,0,8,4,1,0,19,0,2,0,0,6,0,1,1,0,0,5,0,13,0,2,1,16,1,2,193,0,1,12,0,8,8,0,0,0,5,0,3,0,0,5,1,0,1,17,1,2,7,2,3,1,3,0,0,1,6,125,3
"56","06 May",99,2,1,1,9,4,2,0,12,3,0,7,0,9,1,28,0,0,1,0,0,0,9,4,3,0,2,11,6,0,0,1,2,1,0,156,1,8,6,0,0,329,4,0,0,0,0,0,2,2,1,22,48,0,6,1,14,28,0,11,2,4,0,0,3,10,0,0,15,0,7,28,3,0,1,16,3,18,18,44,1,15,0,6,1,98,0,2,15,1,0,37,9,0,0,2,2,21,7,875,0,1,1,2,8,0,2,0,1,0,1,3,18,4,1,2,0,3,24,7,5,1,0,0,44,12,915,1,1,5,16,3,18,0,2,0,0,0,16,47,658,0,8,7,2,64,1,33,6,1,1,5294,0,8,4,1,0,22,0,2,1,0,6,0,1,1,0,0,5,0,13,0,2,1,16,1,3,199,0,1,12,0,8,8,0,0,0,5,0,3,0,0,6,1,0,1,19,1,2,9,2,3,1,3,0,0,1,6,135,3
"57","07 May",114,3,1,1,12,6,2,0,14,3,0,8,0,9,1,31,0,0,1,0,0,0,10,4,3,0,3,11,6,0,0,1,2,2,0,171,1,8,6,0,0,348,5,0,0,0,0,0,2,2,1,24,53,0,7,1,16,32,0,14,2,5,0,0,3,12,0,0,20,0,8,28,6,0,2,16,3,23,20,56,1,17,0,7,1,102,0,2,18,1,0,44,9,0,0,3,2,24,7,979,0,2,1,2,8,0,2,0,1,0,2,3,18,5,1,2,0,3,25,7,5,1,0,0,48,17,1014,1,1,7,18,3,21,0,4,0,0,0,18,52,708,0,8,7,2,66,1,37,6,1,2,5775,0,11,4,1,0,23,0,2,1,0,7,0,1,1,0,0,5,0,13,0,2,1,16,1,3,211,0,1,16,0,10,8,0,0,0,5,0,4,0,0,8,1,0,1,23,1,2,10,3,3,1,4,0,0,3,7,136,3
"58","08 May",121,3,1,3,15,8,2,0,14,4,0,8,0,9,7,33,0,0,5,0,0,0,10,4,3,0,3,12,6,0,0,1,2,2,0,180,1,8,6,0,0,378,5,0,0,0,0,0,3,3,1,26,60,0,7,1,16,32,0,17,2,5,0,1,3,16,0,0,21,0,9,28,8,0,3,16,3,24,21,59,1,17,0,10,1,114,0,3,20,1,0,51,10,0,0,3,2,25,8,1066,0,2,6,2,8,0,2,0,2,0,2,4,18,5,1,3,0,3,25,7,5,1,0,0,50,17,1090,1,1,7,19,3,24,0,4,0,0,0,21,53,760,0,8,9,2,66,1,44,7,1,3,6133,0,13,4,1,0,23,0,2,1,0,9,0,1,1,0,0,5,0,13,0,2,2,18,1,3,224,0,1,16,0,10,12,0,0,0,6,0,4,0,0,9,1,0,1,23,1,2,10,5,3,1,4,0,0,3,9,145,3
"59","09 May",129,3,1,3,17,10,2,0,15,5,0,10,0,10,7,34,0,0,7,0,0,0,10,4,5,0,3,13,7,0,0,1,3,2,0,209,1,8,8,0,0,404,5,0,0,0,1,0,3,3,1,29,64,0,9,1,25,33,0,18,2,5,0,7,3,16,0,0,25,0,10,28,10,0,4,16,4,24,23,66,1,20,0,10,1,121,0,3,21,1,0,61,10,0,1,4,3,25,9,1150,0,5,7,2,8,0,2,0,2,0,2,5,18,5,1,3,0,3,26,7,5,1,0,0,51,18,1163,1,1,9,19,3,27,0,5,0,0,0,21,59,799,0,10,10,3,67,3,49,7,1,3,6581,0,17,6,1,0,26,0,2,1,0,11,0,1,1,0,0,6,0,13,0,2,3,18,1,5,235,0,2,17,0,11,14,0,0,0,6,0,4,0,0,9,1,0,1,25,1,2,10,5,5,1,4,0,0,4,10,160,3
"60","10 May",131,4,1,3,18,15,2,0,24,5,0,11,0,10,8,34,0,0,11,0,0,0,10,4,5,0,3,13,7,0,0,1,3,3,0,221,1,9,9,0,0,420,5,0,0,0,3,0,3,4,1,31,70,0,11,1,25,35,0,19,2,5,0,9,5,17,0,0,27,0,12,28,10,0,4,16,4,39,26,70,1,24,0,10,1,130,0,3,21,1,0,68,10,0,1,5,3,26,9,1229,0,8,9,2,10,0,2,0,2,0,2,5,21,7,1,3,0,3,28,7,5,1,0,0,56,18,1222,2,1,9,19,3,27,0,5,0,0,0,22,65,857,0,10,10,3,67,3,60,9,1,4,6984,0,17,7,1,0,27,0,2,1,0,11,0,2,1,0,1,7,0,13,0,2,3,20,1,5,246,0,4,17,0,11,17,0,0,0,10,0,4,0,0,10,2,0,1,26,2,3,10,5,5,1,4,0,0,4,11,167,3
"61","11 May",136,4,1,4,21,15,2,0,24,5,0,15,0,10,12,34,0,3,13,0,0,0,11,4,7,0,6,14,9,0,0,2,3,3,0,230,1,13,9,0,0,431,5,0,0,0,3,1,3,4,1,31,72,0,12,1,25,35,0,20,2,5,0,9,5,17,0,0,32,0,14,28,10,0,4,16,4,44,27,77,1,29,0,10,1,133,0,3,21,1,0,74,10,0,1,6,3,26,10,1274,0,8,9,2,11,0,3,0,3,0,2,5,21,7,1,3,0,3,30,7,5,1,0,0,60,18,1253,2,1,9,21,3,31,0,5,0,0,0,23,67,890,0,12,11,3,67,3,64,11,1,4,7224,0,18,7,1,0,27,1,2,1,0,11,0,2,2,0,1,7,0,13,0,2,3,21,1,5,249,0,4,19,0,11,17,0,0,0,11,0,4,0,0,10,2,0,1,27,2,3,10,6,5,1,4,0,0,4,11,173,3
"62","12 May",144,5,1,4,21,18,2,0,24,5,0,16,0,10,13,34,0,3,13,0,0,0,12,4,8,0,6,14,9,0,0,2,3,3,0,238,1,13,9,0,0,450,5,0,0,0,3,1,3,5,1,32,76,0,13,1,25,35,0,20,2,8,0,9,5,17,0,0,36,0,15,28,12,0,4,16,7,44,27,81,1,30,0,10,1,138,0,3,23,1,0,79,10,0,1,7,3,28,10,1329,0,11,9,2,17,0,3,0,3,0,2,5,22,7,1,3,0,3,32,9,6,1,0,0,64,20,1300,2,1,9,22,3,31,0,6,0,0,0,24,69,921,0,12,11,3,68,3,70,11,1,4,7477,0,18,10,1,0,32,1,2,1,0,11,0,2,2,0,1,8,0,13,0,2,4,21,1,5,258,0,5,20,1,11,18,0,0,0,11,0,4,0,0,13,2,1,1,27,2,3,12,6,5,1,4,0,1,7,12,179,3
"63","13 May",153,5,1,4,25,20,2,0,25,5,0,16,0,10,15,34,0,4,14,0,0,0,14,4,17,0,6,17,10,0,0,2,3,3,0,244,1,13,9,0,0,463,6,0,0,0,3,1,3,5,2,32,85,0,13,1,25,37,0,20,2,11,0,10,5,17,0,0,39,0,16,28,15,0,4,17,8,45,30,87,1,31,0,10,1,149,0,3,26,1,0,85,10,0,1,11,3,29,10,1387,0,11,9,2,17,0,3,0,3,0,2,7,22,7,1,3,0,5,32,9,7,1,0,0,70,20,1341,2,1,9,23,3,32,0,6,1,0,0,24,69,949,0,12,11,3,68,3,73,12,1,4,7757,0,18,12,1,0,32,1,3,1,0,11,0,2,2,0,1,15,0,13,0,2,8,22,1,5,273,0,5,22,1,11,20,0,0,0,12,0,4,0,0,13,2,2,1,29,2,3,12,6,5,1,4,0,1,7,13,190,3
"64","14 May",162,5,1,5,27,21,2,0,25,5,0,17,0,11,15,34,0,4,15,0,0,0,14,4,17,0,6,18,10,0,0,3,3,3,0,279,1,15,9,0,0,477,6,0,0,0,3,1,3,5,2,33,96,1,13,1,25,37,0,21,2,11,0,11,5,17,0,0,42,0,17,28,15,0,4,17,8,47,30,93,1,33,0,10,1,155,0,3,27,1,0,92,10,0,1,11,3,30,11,1487,0,11,9,2,17,0,3,0,3,0,2,7,22,8,1,3,0,5,33,9,8,1,0,0,77,23,1384,2,1,9,23,3,32,0,6,1,0,0,26,70,983,0,12,11,3,71,3,78,12,1,4,8096,0,21,12,1,0,33,1,3,1,0,12,0,2,2,0,1,17,0,13,0,2,8,22,1,5,278,0,5,23,1,11,22,0,0,0,12,0,4,0,0,14,2,3,1,29,2,3,12,6,5,1,4,0,1,7,14,205,4
"65","15 May",168,5,1,5,32,21,2,0,26,6,0,17,0,11,16,34,0,4,16,0,0,1,16,4,19,0,6,18,11,0,0,3,3,3,0,296,2,15,9,0,0,498,9,0,0,0,3,1,3,5,2,34,108,1,15,1,25,41,0,21,2,12,0,11,8,17,0,0,46,0,19,28,15,0,4,17,9,49,32,97,1,37,0,11,1,161,0,3,28,1,0,103,10,0,1,11,3,31,11,1543,0,11,12,2,20,0,3,0,3,0,2,7,24,8,1,3,1,5,38,9,9,1,0,0,85,23,1445,2,2,9,23,3,34,0,6,1,0,0,26,72,1029,0,12,11,3,77,3,78,13,1,4,8352,0,21,13,1,0,33,1,3,1,0,12,0,2,3,0,1,17,0,13,0,2,8,24,1,5,285,0,5,23,1,12,23,0,0,0,13,0,5,0,0,15,3,3,1,31,2,3,12,7,5,1,4,0,2,7,14,226,5
"66","16 May",192,5,1,5,51,44,3,0,31,6,0,18,0,13,17,43,0,4,31,0,0,1,17,4,21,1,22,22,11,0,0,14,6,4,0,332,2,17,9,1,0,569,9,0,0,0,7,2,3,5,2,45,128,1,16,1,26,44,0,29,3,14,0,12,10,23,0,0,60,0,35,28,18,0,4,35,9,65,41,128,1,39,0,16,1,179,0,5,28,1,0,117,11,0,4,22,4,56,16,1752,0,16,20,2,20,0,3,0,3,0,2,7,25,8,1,3,1,8,44,10,9,1,0,0,96,27,1566,2,2,10,24,3,50,0,6,1,0,0,34,100,1120,0,18,12,4,84,3,99,15,2,4,9413,0,24,13,1,1,37,1,3,1,0,13,0,2,3,0,1,23,0,13,0,2,9,25,2,5,304,0,6,23,1,12,42,0,0,0,17,0,7,0,0,18,3,3,1,38,2,5,17,8,5,1,4,0,2,10,18,279,6
"67","17 May",201,5,1,5,57,46,3,0,32,6,0,20,0,14,17,45,0,4,34,0,0,2,18,4,26,3,25,22,12,0,0,16,6,5,0,355,2,18,9,1,0,593,9,0,0,0,7,2,3,5,2,49,139,1,17,1,38,48,0,33,3,14,0,12,14,24,0,0,68,0,38,28,24,0,6,35,9,76,42,157,1,42,0,16,1,188,0,5,30,1,0,124,11,0,4,22,7,57,18,1874,0,16,20,2,24,0,3,0,3,0,2,7,26,8,1,6,1,8,47,10,9,1,0,0,98,29,1646,2,2,10,27,3,56,1,6,1,0,0,36,103,1177,0,18,12,4,86,4,102,16,3,4,9772,0,28,13,1,1,44,1,3,1,0,15,0,2,3,0,1,23,0,13,0,2,9,27,3,7,320,0,7,29,1,12,43,0,0,0,18,0,7,0,0,18,3,3,1,40,2,6,18,9,6,1,4,0,2,10,19,318,8
"68","18 May",209,6,1,6,57,50,3,0,32,9,0,22,0,14,17,46,0,5,36,0,0,2,18,4,28,3,25,22,13,0,0,16,7,5,0,375,2,18,9,1,0,608,9,0,0,0,9,2,3,5,2,49,153,1,19,1,39,53,0,35,3,14,0,12,15,25,0,0,70,0,39,28,24,0,6,35,9,77,43,163,1,44,0,16,1,198,0,5,30,1,0,132,11,0,4,22,7,58,18,1950,0,17,21,2,24,0,3,0,3,0,2,10,26,8,1,6,1,8,49,10,9,1,0,0,104,30,1716,2,2,10,27,3,58,1,7,1,0,0,36,103,1214,0,18,12,4,86,4,105,17,3,4,10047,1,29,13,2,1,44,1,3,1,0,15,0,2,3,0,1,27,0,13,0,2,10,30,3,7,328,0,7,29,1,12,47,0,0,0,18,0,8,0,0,18,4,3,1,43,2,6,18,9,6,1,4,0,2,11,20,326,9
"69","19 May",216,6,1,7,67,57,3,0,32,10,0,22,0,15,17,50,0,5,48,0,0,2,19,4,30,3,35,22,14,0,0,18,9,5,0,388,3,20,18,1,0,639,9,0,0,0,9,2,4,5,3,51,165,2,21,1,41,60,0,37,3,14,0,12,16,26,0,0,74,0,44,28,26,0,6,37,9,84,45,168,1,48,0,16,1,205,0,6,31,1,0,137,11,0,4,27,7,60,20,2038,0,17,22,2,24,0,4,0,5,0,2,10,26,8,1,9,2,9,55,10,10,2,0,0,115,33,1807,2,2,11,27,3,67,1,7,2,0,0,37,112,1281,0,19,12,5,87,4,121,19,14,4,10561,2,36,13,2,1,47,1,3,1,0,18,0,2,3,0,1,28,0,13,0,2,10,42,4,7,340,0,9,36,1,13,53,0,0,0,21,0,8,0,0,18,4,3,1,46,2,7,23,9,10,1,4,0,2,11,22,344,11
"70","20 May",232,6,1,9,85,71,3,0,33,11,0,22,0,17,18,54,0,6,63,0,0,2,21,4,30,3,39,23,17,0,0,19,9,5,0,411,3,24,23,1,0,669,16,0,0,0,9,2,4,6,3,60,186,2,31,2,44,62,0,44,3,16,0,17,18,29,0,0,79,0,46,28,29,0,6,38,13,95,50,180,1,62,0,17,1,209,2,6,35,2,0,149,11,0,7,36,7,63,21,2167,0,17,28,2,24,0,7,0,5,0,2,11,32,8,2,9,2,10,62,13,10,2,0,0,120,38,1902,3,2,13,29,3,89,1,10,2,0,0,44,118,1345,0,19,15,6,98,4,125,24,15,4,11054,2,43,14,2,1,48,1,3,2,1,18,0,2,3,0,1,31,0,13,0,2,12,44,4,8,352,0,9,44,1,13,61,0,0,0,21,0,8,0,0,18,5,3,1,49,5,9,32,9,10,1,4,0,4,11,22,385,11
"71","21 May",245,6,3,13,113,94,3,0,42,11,0,23,0,20,19,64,0,8,74,0,0,2,23,4,30,3,48,24,19,0,0,31,9,6,0,431,3,24,23,1,0,697,20,0,0,0,10,2,4,7,3,66,202,3,39,2,44,62,0,53,3,17,0,17,19,36,0,0,88,0,58,28,36,1,6,38,14,113,55,197,1,69,0,17,1,219,2,6,40,2,0,157,12,0,7,44,7,70,24,2282,0,20,32,2,26,0,9,0,6,0,2,11,33,8,2,9,5,12,65,16,10,2,0,0,130,43,1996,3,2,14,33,3,102,4,10,3,0,1,48,124,1417,0,20,18,6,107,5,137,30,15,4,11584,3,44,14,3,1,50,1,4,2,1,19,0,2,3,0,1,32,0,13,0,2,14,49,5,9,365,0,9,49,1,14,64,0,0,0,21,0,8,0,0,21,5,3,1,54,6,10,41,9,14,3,4,0,4,12,25,394,12
"72","22 May",259,6,3,13,124,105,4,0,45,11,0,25,0,26,23,76,0,8,77,0,0,2,24,4,30,3,53,26,22,0,0,36,9,7,0,469,3,24,23,1,0,747,21,0,0,0,13,3,7,8,3,75,213,4,46,2,44,64,0,55,4,18,0,17,22,37,0,1,95,0,71,42,36,1,6,38,16,122,58,207,1,73,1,20,1,230,2,6,40,2,0,161,15,0,7,57,10,71,25,2421,0,20,35,2,28,0,12,0,7,0,2,11,37,8,3,19,5,13,78,18,10,3,0,0,136,46,2116,3,2,14,38,3,107,4,12,3,0,2,49,129,1504,0,21,19,7,112,7,139,32,16,6,12523,3,51,16,3,1,56,4,5,2,2,19,0,2,3,0,2,32,0,13,0,3,14,52,5,11,393,0,11,68,1,17,86,0,0,0,24,0,9,1,0,26,5,3,1,54,6,11,44,12,14,3,4,1,4,12,26,427,12
"73","23 May",265,6,4,18,132,114,6,0,46,13,0,28,0,26,27,82,0,11,81,0,0,2,26,4,30,3,54,26,25,0,0,42,11,7,0,489,3,24,23,1,0,771,21,0,0,0,14,4,7,8,3,79,242,4,53,2,44,65,0,56,4,18,0,18,23,46,0,1,96,0,73,42,53,1,6,38,21,133,59,224,1,74,1,21,1,237,2,6,41,2,0,163,17,0,8,71,11,71,25,2497,0,20,39,2,29,0,16,0,7,0,2,11,37,8,3,21,5,14,93,19,11,3,0,1,144,56,2170,3,2,15,40,3,120,5,15,4,0,2,52,138,1544,0,21,27,7,113,7,148,35,16,6,12924,4,58,16,3,7,63,4,6,2,2,20,0,2,3,0,2,34,0,13,0,3,15,60,9,16,401,0,11,72,1,19,89,0,0,0,25,0,9,1,0,31,5,3,1,57,8,11,46,17,16,3,4,1,4,12,29,442,15
"74","24 May",271,6,5,20,149,130,9,0,51,13,0,30,0,26,32,85,0,12,87,0,0,2,26,4,32,3,54,29,25,0,0,45,12,16,0,495,3,25,23,1,0,791,21,0,0,0,14,5,7,9,3,80,265,4,66,3,48,65,0,58,5,22,0,18,24,46,0,1,103,0,73,42,53,1,6,38,21,133,61,227,1,79,1,21,2,246,2,6,43,2,0,170,18,0,9,76,11,71,28,2594,0,24,43,2,29,0,16,0,7,0,2,12,38,8,3,21,5,14,103,20,11,4,0,1,157,57,2226,4,2,17,42,3,126,5,17,4,0,3,54,146,1587,0,21,34,7,116,7,164,37,16,7,13297,5,63,17,3,10,64,4,7,2,2,20,0,2,3,0,2,35,0,13,0,5,15,66,10,16,405,0,11,81,1,21,96,0,0,0,41,0,11,2,1,31,5,3,1,65,8,11,48,17,16,7,4,1,4,12,32,454,22
"75","25 May",280,6,12,22,162,130,9,0,52,13,0,31,0,26,33,86,0,12,88,0,0,2,28,4,32,3,58,30,27,0,0,45,12,16,0,509,3,25,23,1,0,794,23,0,0,0,14,5,7,9,3,82,272,4,68,3,54,68,0,63,5,22,0,18,24,46,0,5,109,0,76,42,53,1,6,38,21,133,61,246,1,84,1,21,2,248,2,6,43,2,0,182,18,0,9,78,11,74,29,2651,0,24,44,2,29,0,17,0,7,0,2,13,40,8,3,22,5,17,108,20,11,4,0,1,161,58,2264,4,2,17,42,3,141,5,18,4,0,4,55,149,1615,0,22,34,7,117,7,168,38,16,8,13549,5,65,17,3,10,64,4,7,2,2,21,0,2,3,0,2,36,0,13,0,5,15,68,10,16,410,0,11,81,1,23,96,0,0,0,46,0,12,2,3,32,5,3,1,65,8,11,48,17,19,7,4,1,4,12,34,463,22
"76","26 May",285,6,12,24,168,130,9,0,53,13,0,33,0,27,33,86,0,15,105,0,0,2,28,5,34,3,59,30,29,0,2,45,13,16,0,521,3,27,23,1,0,806,23,0,0,0,14,5,7,9,3,84,290,4,69,3,54,71,0,63,5,22,0,18,26,46,0,5,113,0,76,42,53,1,6,38,27,135,64,250,1,86,1,21,2,249,2,6,43,3,0,182,18,0,9,79,11,79,29,2697,0,25,45,2,33,0,19,0,7,0,2,14,40,8,3,22,5,17,109,20,11,4,0,1,164,61,2305,4,2,17,42,3,145,5,18,4,0,4,56,152,1644,0,22,35,7,123,7,169,39,23,8,13712,6,68,18,3,10,64,4,7,2,2,21,0,2,3,0,2,36,0,14,0,5,15,72,10,16,415,0,11,83,1,26,96,0,0,0,46,0,13,2,4,33,5,3,1,65,8,12,48,17,20,7,5,1,4,12,34,478,23
"77","27 May",287,6,15,24,181,137,10,0,54,13,0,35,2,29,37,93,0,16,107,0,0,2,28,7,34,3,65,31,29,0,2,45,13,18,0,544,3,30,29,1,0,821,23,0,0,0,14,7,7,9,3,93,305,4,76,3,54,72,0,72,5,22,0,21,27,47,0,12,114,0,86,42,54,1,7,38,29,161,67,272,1,86,1,21,2,255,2,6,44,3,0,189,18,0,9,112,11,82,33,2781,0,25,49,3,33,0,19,0,7,0,2,14,40,39,3,22,5,20,127,22,11,4,0,1,170,63,2351,5,2,18,42,3,168,5,19,4,0,4,56,161,1688,0,22,43,7,129,7,176,40,34,8,14086,6,71,18,4,10,64,4,7,2,2,21,0,2,3,2,2,38,0,38,0,5,21,81,11,17,421,0,11,91,1,35,96,0,0,0,60,0,14,2,4,35,5,3,1,99,8,12,48,18,21,7,5,1,4,12,36,496,28
"78","28 May",296,6,15,26,194,148,11,0,56,13,0,36,2,29,39,97,0,17,109,0,0,2,29,7,36,3,65,32,30,0,2,46,14,20,0,554,3,31,29,1,0,834,24,0,0,0,15,8,7,12,4,99,320,4,78,3,54,74,0,76,5,24,0,21,28,47,0,12,115,0,91,42,64,1,8,38,31,164,70,306,1,87,1,21,2,259,2,7,47,3,0,192,21,1,9,129,11,86,33,2861,0,26,51,4,33,0,19,0,7,0,2,14,41,39,3,22,5,24,131,24,11,4,0,2,174,63,2413,5,3,18,42,3,180,5,20,4,0,4,56,168,1737,0,23,44,7,132,7,183,40,39,8,14365,6,74,22,4,10,67,4,7,2,2,21,0,2,4,2,2,39,0,38,0,5,23,82,11,17,426,0,11,95,1,37,96,0,0,0,62,0,15,2,4,36,5,3,1,101,10,12,51,18,21,7,5,1,4,12,39,507,28
"79","29 May",313,6,15,27,220,150,12,0,66,13,0,42,3,30,43,105,0,19,125,0,1,2,29,7,38,5,74,38,36,0,2,77,14,20,0,605,3,31,29,1,0,867,24,0,0,0,18,10,7,14,4,107,335,4,95,3,57,76,0,86,5,30,0,21,30,48,0,17,131,0,101,42,65,1,11,38,32,177,72,370,1,92,1,21,2,273,2,7,52,3,0,201,22,1,12,152,11,120,36,2993,0,27,55,4,34,0,19,0,7,0,2,16,43,43,3,22,5,27,144,26,11,4,0,2,180,64,2507,8,3,19,44,3,208,5,20,4,0,5,57,174,1807,0,23,51,8,143,7,186,43,43,8,14832,14,79,26,4,11,74,6,7,2,2,21,0,2,5,3,2,40,0,45,0,5,23,89,14,19,438,0,13,104,1,44,105,0,0,0,72,0,16,3,4,43,5,3,1,115,11,14,56,19,21,7,5,1,4,14,39,520,32
"80","30 May",319,6,19,42,233,156,12,0,72,15,0,43,3,33,47,109,0,27,138,0,1,2,31,7,41,5,75,40,38,1,2,102,15,26,0,629,3,31,33,1,0,895,25,0,0,0,18,10,8,15,4,115,359,4,100,3,64,77,0,93,5,32,0,21,32,53,0,21,132,0,114,42,68,2,12,40,43,181,77,377,1,94,1,21,2,281,2,7,61,3,0,214,25,1,12,168,12,120,39,3088,0,29,61,6,63,0,20,0,7,0,2,16,44,51,3,22,5,29,165,31,11,4,0,2,187,72,2573,8,3,20,44,3,228,5,20,4,0,5,68,185,1847,0,23,64,9,146,7,189,44,45,8,15165,15,82,26,4,11,76,6,7,3,2,21,1,2,5,4,2,47,0,45,0,5,26,94,15,20,453,0,14,113,1,45,116,0,0,0,76,0,16,4,5,54,5,3,1,115,14,14,63,21,21,7,5,1,5,14,41,546,36
"81","31 May",329,6,19,43,251,163,15,0,77,29,0,44,3,34,52,111,0,27,140,0,1,2,31,7,79,5,76,43,38,1,2,102,16,26,0,648,3,31,35,2,0,909,28,0,0,0,18,15,8,15,4,118,379,4,102,3,67,83,0,93,5,35,0,21,35,53,0,25,135,0,119,42,69,4,12,40,43,188,77,382,1,96,1,22,2,286,2,7,66,3,1,235,30,1,13,183,12,151,41,3190,0,32,70,6,64,0,20,0,11,0,2,16,46,54,3,22,5,30,172,33,16,4,0,2,197,75,2618,12,3,22,44,3,233,5,21,4,0,7,76,193,1885,0,23,77,9,156,7,195,44,46,9,15474,19,83,27,4,12,85,6,7,3,2,21,1,2,6,4,2,56,0,48,0,5,27,95,15,22,462,0,14,122,1,48,123,0,0,0,87,0,17,4,5,56,6,3,1,124,14,14,67,24,21,7,5,1,5,14,44,559,36
"82","01 Jun",332,6,19,43,266,164,17,0,79,30,0,44,3,34,56,112,0,27,146,0,1,2,32,7,80,6,76,43,39,1,2,103,16,28,0,654,3,33,35,2,0,919,28,0,0,0,19,15,8,15,4,121,403,4,105,3,72,83,0,94,5,35,0,21,35,53,0,25,138,0,119,42,70,4,12,43,46,189,77,387,1,102,1,22,2,289,2,7,68,3,1,241,32,1,13,183,12,152,41,3220,0,33,71,6,64,0,20,0,11,0,2,17,47,54,3,23,5,32,174,35,16,13,0,2,204,75,2661,12,3,24,44,3,259,5,21,4,0,7,76,193,1918,0,23,78,9,156,7,199,45,47,9,15565,20,85,36,5,12,85,6,7,3,2,21,1,2,6,4,2,61,0,48,0,5,32,97,15,23,465,0,16,124,2,49,124,0,0,0,88,0,19,5,5,57,7,3,2,125,14,14,67,25,21,8,6,1,5,14,48,563,37
"83","02 Jun",338,6,26,43,281,173,17,0,81,48,0,46,3,37,64,115,0,27,147,0,1,5,35,7,85,9,77,46,39,1,2,104,16,28,0,662,3,36,35,2,0,942,28,0,0,0,19,18,8,15,4,124,420,4,107,3,73,85,0,97,5,35,0,22,35,54,0,25,139,0,119,42,71,4,12,43,48,192,78,397,1,102,1,22,2,295,2,7,71,3,1,249,32,1,13,187,12,154,44,3267,0,36,74,6,64,0,21,0,11,0,2,17,50,54,4,23,6,33,178,36,16,13,0,2,209,79,2696,12,3,24,45,3,268,5,21,4,0,8,76,206,1951,0,23,80,9,163,9,199,46,47,9,15749,20,88,37,5,12,86,6,11,3,2,22,1,2,6,4,3,61,0,48,0,5,33,100,15,24,472,0,17,127,2,49,125,0,0,0,88,0,24,5,6,57,7,3,2,125,14,15,68,25,21,9,6,1,5,15,48,566,38
"84","03 Jun",347,6,34,48,283,184,17,0,85,49,0,54,3,37,67,118,0,30,149,0,1,5,35,7,103,9,77,51,41,1,2,119,16,29,0,675,3,37,35,2,2,955,28,0,0,0,20,18,10,15,4,126,455,4,117,3,74,87,0,101,5,37,0,24,44,57,0,27,140,0,126,42,71,4,15,43,51,215,81,404,1,107,2,23,2,305,2,7,75,3,1,262,41,1,17,189,12,156,47,3352,0,37,76,7,66,0,23,0,11,0,2,17,50,56,4,24,6,35,206,38,16,19,0,2,211,80,2776,12,3,27,48,3,287,5,23,4,0,8,76,206,1986,0,25,89,9,168,9,199,47,48,9,15977,20,90,45,5,12,92,6,12,3,2,28,1,4,6,4,3,66,0,53,0,5,35,105,15,29,473,1,19,139,4,52,126,0,0,0,101,0,29,7,6,63,8,3,2,128,16,15,70,28,21,9,6,1,6,15,51,576,43
"85","04 Jun",355,7,44,49,302,186,17,0,87,49,0,62,3,40,70,125,0,32,157,0,6,5,43,7,104,9,88,51,44,1,2,134,16,30,0,703,3,42,40,2,2,970,28,0,0,0,21,18,10,18,5,135,468,6,142,4,74,90,0,105,5,38,0,25,45,65,0,27,147,0,139,42,71,4,17,43,59,224,83,438,1,115,2,23,2,323,2,7,75,3,1,272,45,1,19,210,12,157,47,3434,0,38,77,7,68,0,23,0,11,0,2,17,50,56,4,24,6,39,210,40,19,20,0,2,214,80,2816,12,3,28,51,3,314,6,23,4,0,11,114,208,2026,0,25,92,10,172,9,200,48,52,9,16250,20,93,49,5,14,93,7,19,3,2,31,1,4,6,4,3,72,0,54,0,5,37,116,21,34,481,1,21,151,4,55,129,0,0,0,105,0,31,7,6,73,8,3,2,131,17,15,70,29,21,10,6,1,8,15,51,583,47
"86","05 Jun",361,8,45,51,334,200,17,0,89,51,0,66,3,41,71,133,0,33,159,0,6,5,46,7,112,9,89,52,51,1,5,141,17,31,0,709,3,43,42,2,2,977,28,0,0,0,21,23,12,19,5,137,513,6,144,4,76,95,0,108,5,38,0,25,50,67,0,27,148,0,146,42,71,7,17,43,63,232,88,454,1,117,2,23,2,334,2,7,77,3,1,278,53,1,25,226,12,158,47,3533,0,41,78,8,70,0,23,0,12,0,2,17,51,67,4,24,8,43,217,41,21,22,0,2,217,82,2861,13,3,30,52,3,335,6,26,4,0,11,115,218,2066,0,25,93,11,179,11,210,48,58,9,16520,21,95,49,5,14,94,8,22,3,2,35,1,6,6,4,3,79,0,57,1,5,38,122,29,36,487,1,22,154,7,59,150,0,0,0,117,0,33,10,7,73,8,3,2,143,23,15,70,29,21,11,8,1,10,15,53,596,55
"87","06 Jun",372,12,45,52,347,214,19,0,89,52,1,66,3,42,79,136,1,38,162,0,11,5,50,8,115,9,91,52,59,1,7,156,19,31,4,715,3,43,42,2,3,989,29,0,0,0,21,27,13,19,5,142,535,6,161,4,81,95,1,113,10,45,0,25,52,68,1,27,156,0,155,42,73,7,18,47,70,243,90,483,1,119,2,23,2,341,2,7,77,3,1,291,54,1,31,240,12,161,47,3588,1,42,80,8,70,2,27,2,12,1,2,18,51,74,5,27,8,48,223,42,22,22,0,2,219,86,2901,13,3,36,54,3,361,6,26,4,0,14,115,226,2092,0,25,103,12,182,11,214,50,58,9,16695,21,98,49,5,14,98,10,24,3,2,40,1,6,7,4,3,88,0,59,1,5,47,122,30,37,489,1,28,175,7,61,153,0,0,0,123,0,39,10,7,73,8,3,2,149,25,15,71,29,21,12,9,1,10,16,55,605,63
"88","07 Jun",381,14,55,55,379,216,19,0,97,52,1,67,3,44,83,141,1,42,163,0,11,5,51,9,120,9,91,53,61,1,8,171,19,31,4,737,3,43,46,2,3,1008,29,0,0,0,24,27,13,19,5,149,554,6,181,4,82,103,1,115,17,46,0,29,56,68,1,27,159,1,158,42,73,7,19,47,71,246,94,489,1,123,2,26,2,350,2,9,78,3,3,308,56,1,34,253,12,161,49,3683,1,43,85,8,75,2,27,2,12,1,2,19,51,76,5,27,8,52,228,42,22,22,0,2,222,87,2936,13,3,41,55,3,363,6,27,4,0,14,115,235,2122,0,25,110,14,204,11,219,52,58,9,16909,23,100,49,5,14,100,10,26,3,2,40,1,6,7,4,3,96,0,61,1,5,47,122,37,37,491,1,31,186,7,68,157,0,0,0,140,0,41,10,7,75,10,3,2,160,26,17,73,29,22,13,9,1,10,16,58,618,64
"89","08 Jun",384,14,55,55,391,216,19,0,97,53,1,73,3,45,84,145,1,42,163,0,12,5,52,9,120,9,93,56,61,1,9,171,19,31,4,746,3,44,48,2,3,1031,29,0,0,0,24,27,13,19,6,164,567,7,183,4,82,104,1,115,17,51,0,29,56,74,1,27,159,3,159,42,73,8,20,47,75,246,95,492,1,127,2,26,2,351,2,9,81,3,3,309,56,1,34,261,12,162,52,3715,1,45,85,8,80,2,27,2,12,1,2,19,51,76,5,27,8,56,231,42,22,22,0,2,226,89,2970,13,3,41,58,3,372,6,28,4,0,14,115,235,2139,0,26,110,16,208,13,223,52,60,9,17037,23,101,50,5,14,103,10,26,3,2,41,1,6,7,4,3,98,0,61,1,5,48,127,40,42,495,1,33,189,7,71,157,0,0,0,143,0,47,10,7,77,10,3,2,160,26,17,73,29,22,14,9,3,10,16,60,620,70
"90","09 Jun",388,14,55,56,394,216,19,0,97,53,1,74,3,45,84,146,1,45,171,0,12,5,52,10,126,9,99,56,61,1,11,171,19,31,4,749,3,48,49,2,3,1033,30,0,0,0,24,27,14,19,6,165,594,7,184,4,82,104,1,115,19,51,0,29,57,78,1,27,159,3,162,42,73,8,20,47,76,248,95,504,1,131,2,26,2,351,2,9,87,3,3,313,56,1,34,262,12,163,52,3723,1,47,85,8,80,2,28,2,12,1,2,20,51,76,5,27,8,56,232,42,22,22,0,2,227,90,2983,13,3,41,59,3,379,6,28,4,0,15,116,236,2154,0,26,110,16,208,13,223,52,60,9,17133,23,103,51,5,14,106,10,27,3,2,43,1,6,7,4,3,101,0,61,1,5,49,134,40,43,497,1,33,190,7,73,157,0,0,0,145,0,50,10,7,78,10,3,2,161,27,18,74,29,22,15,9,3,10,17,60,623,71
"91","10 Jun",394,16,61,61,400,219,19,0,97,61,1,74,3,47,84,151,1,50,183,0,12,5,53,10,127,9,100,56,63,1,12,183,20,32,4,754,3,48,51,2,4,1050,38,0,0,0,24,28,15,19,6,167,623,7,189,4,84,104,1,121,19,53,0,31,58,81,1,27,165,3,175,73,74,8,22,47,80,258,102,517,1,139,2,26,2,354,2,11,93,3,3,316,56,1,36,287,12,170,56,3777,1,47,90,8,85,2,31,2,12,1,2,20,51,77,5,29,9,60,245,46,24,26,0,2,229,91,3006,14,3,45,61,3,418,6,31,4,0,20,117,240,2175,0,26,117,16,218,13,240,53,62,9,17377,24,106,53,5,14,108,10,31,3,2,49,1,6,7,4,3,112,0,61,1,6,52,136,45,43,502,1,35,201,8,76,161,0,0,0,165,0,53,13,8,78,10,3,2,166,29,18,76,32,22,15,12,3,10,17,61,636,78
"92","11 Jun",402,20,62,71,427,234,24,0,100,64,1,74,3,47,92,155,1,50,183,0,12,5,55,10,131,9,101,57,67,1,12,200,22,33,4,766,3,49,53,8,4,1063,42,0,0,0,25,28,16,20,6,169,662,7,195,4,84,112,1,124,19,53,0,32,64,81,1,31,169,3,176,73,74,8,22,47,84,260,102,546,1,143,2,27,2,362,2,12,93,3,3,322,57,1,38,298,12,171,58,3870,1,55,93,8,87,2,31,2,14,1,2,20,51,81,5,31,9,62,264,51,29,26,0,2,230,93,3044,14,3,46,63,3,429,6,31,4,0,21,120,243,2231,0,26,120,17,223,13,242,56,65,9,17685,24,108,56,5,19,109,11,31,3,2,60,1,6,7,6,3,127,0,61,1,6,56,144,50,43,511,1,39,221,9,83,162,0,0,0,170,0,57,31,10,84,10,3,2,169,31,20,78,32,22,15,12,3,10,17,63,646,84
"93","12 Jun",409,25,62,84,441,241,24,0,102,65,1,79,3,49,95,169,1,55,185,0,13,5,56,10,139,9,105,58,70,1,14,201,22,34,4,774,3,53,56,8,4,1079,45,0,0,0,29,28,16,23,6,177,688,7,210,4,85,112,1,128,20,59,0,32,65,82,1,34,186,3,193,73,74,8,22,48,89,265,105,555,1,150,2,32,2,372,2,15,94,3,3,323,57,1,38,300,12,180,58,3919,1,55,96,8,93,2,34,2,14,1,2,20,52,82,5,31,9,63,280,53,29,31,0,2,235,94,3072,14,4,48,65,3,457,6,32,4,0,21,122,250,2252,0,26,125,17,224,15,246,57,72,11,17866,25,110,56,5,20,110,14,39,3,2,67,1,8,7,6,4,134,0,63,1,7,65,146,51,44,517,1,49,223,9,83,163,0,0,0,188,0,61,51,13,101,10,3,2,190,38,20,80,34,22,17,12,3,10,17,63,665,90
"94","13 Jun",415,27,62,85,459,241,24,0,104,73,1,81,3,50,95,177,1,56,187,0,13,5,56,10,142,9,105,59,71,1,14,202,22,34,4,804,5,56,56,8,5,1101,46,0,0,0,29,34,16,24,6,182,734,7,214,4,88,113,1,133,20,59,0,32,65,82,1,35,191,3,195,73,75,9,22,48,90,272,107,559,1,156,2,33,2,379,2,17,97,3,3,336,58,1,39,302,12,181,58,3962,1,58,98,8,95,2,38,2,14,1,4,20,53,83,5,46,9,64,285,57,29,31,0,2,237,97,3099,15,4,48,67,3,474,6,32,5,0,21,124,254,2301,0,26,126,17,231,15,253,57,84,12,18102,25,113,56,5,20,111,14,39,3,3,71,1,8,7,6,4,136,0,69,1,7,70,147,53,44,521,1,50,223,10,83,164,0,0,0,190,0,63,52,14,102,11,3,2,218,39,20,80,34,22,19,15,3,10,17,63,683,93
"95","14 Jun",418,28,62,86,472,250,24,0,104,73,1,84,3,50,96,180,1,58,188,0,14,5,58,10,143,9,105,60,73,1,14,215,22,34,4,809,5,56,56,9,5,1109,46,0,0,0,29,36,16,25,6,184,813,7,216,4,88,113,1,135,21,59,0,32,66,82,1,36,192,5,198,74,82,9,29,48,94,275,107,562,1,158,2,33,2,383,2,17,98,3,3,340,59,1,39,314,12,181,58,3990,1,64,98,8,95,2,38,2,14,1,4,20,53,85,5,59,9,64,300,57,32,34,0,2,237,99,3125,15,4,48,68,3,482,7,39,5,0,21,124,257,2316,0,27,127,18,238,15,257,57,94,12,18253,25,113,56,5,21,114,14,40,3,3,77,1,8,7,6,4,139,0,70,1,8,70,149,54,44,524,1,55,227,11,83,164,0,0,0,200,0,68,52,14,102,12,3,2,220,39,20,80,34,22,19,17,3,10,17,63,696,93
"96","15 Jun",421,28,62,87,474,250,24,0,104,74,1,85,3,50,96,183,1,58,189,0,15,5,59,10,147,9,107,61,73,1,15,216,22,34,4,814,5,58,56,9,5,1112,46,0,0,0,29,36,16,25,6,185,832,9,217,4,88,114,1,136,21,59,0,33,66,82,1,36,193,5,198,74,82,9,29,48,94,277,107,565,1,161,2,33,3,383,2,17,104,3,3,341,60,1,39,319,12,181,58,4005,1,64,98,8,96,2,39,2,14,1,4,20,53,85,5,59,9,64,300,57,32,34,0,2,238,100,3139,15,4,49,69,3,486,7,39,5,0,21,124,258,2331,0,27,127,18,243,16,257,57,95,13,18333,25,113,56,6,21,115,14,40,3,3,77,1,8,7,6,4,139,0,70,1,8,70,149,55,44,524,1,56,232,11,83,164,0,0,0,200,0,69,52,14,102,12,3,2,221,40,23,80,34,22,19,18,3,10,17,63,698,96
"97","16 Jun",429,32,62,91,479,254,26,0,104,79,1,86,4,51,115,188,1,60,189,0,15,5,63,10,152,9,110,63,77,1,15,219,23,35,4,833,9,64,57,10,7,1134,47,0,0,0,30,38,16,28,6,193,900,9,223,5,105,115,1,141,21,59,0,36,67,85,1,38,197,6,198,74,82,11,29,61,98,281,110,575,1,162,2,35,3,391,2,19,104,3,3,362,62,1,44,338,12,182,62,4046,1,65,100,8,97,2,40,2,15,1,4,20,57,85,5,61,9,71,302,59,33,36,0,3,243,106,3176,16,4,51,69,3,500,7,39,5,0,27,133,267,2356,0,27,132,21,245,16,258,57,99,13,18515,25,115,58,6,22,116,15,41,3,3,98,1,8,9,6,4,161,0,71,1,8,70,156,70,50,530,1,57,236,12,83,164,0,0,0,218,0,80,53,14,104,12,3,2,227,40,23,81,34,23,20,19,3,12,17,63,731,100
"98","17 Jun",430,36,62,92,503,259,28,0,104,81,1,87,4,52,120,195,1,61,193,1,15,5,65,10,163,10,112,65,80,1,15,219,23,40,4,843,13,69,60,10,12,1145,52,1,1,0,33,40,16,32,6,197,965,10,223,10,108,126,1,145,22,65,1,36,84,95,1,38,197,6,211,74,82,11,32,61,98,292,113,583,1,163,2,36,3,391,2,22,104,3,4,366,62,1,47,348,14,184,64,4110,1,65,105,8,99,2,43,3,15,1,4,21,57,89,5,61,9,73,313,61,39,36,0,3,246,108,3215,16,4,52,76,3,532,7,41,5,1,27,137,283,2374,1,27,138,27,251,16,262,57,102,13,18762,25,115,59,6,23,118,15,42,3,3,116,1,8,9,7,4,164,0,71,1,8,71,160,74,50,536,2,58,263,12,100,166,1,0,1,232,1,83,53,14,104,13,3,3,228,42,23,83,34,23,21,21,3,13,25,66,773,110
"99","18 Jun",435,39,62,99,509,278,29,0,104,82,1,87,4,52,135,200,1,61,196,1,17,7,72,11,164,11,117,68,84,1,18,230,23,40,4,859,13,69,60,12,12,1157,54,1,1,0,44,41,18,33,7,199,1015,12,239,13,109,134,1,152,25,66,1,39,88,95,1,45,200,6,212,74,82,11,32,62,98,309,119,588,1,167,2,38,4,394,2,23,104,4,7,371,68,1,47,355,14,186,65,4248,1,65,109,8,99,2,46,3,15,1,7,21,57,93,5,70,10,76,330,63,39,39,0,3,250,108,3275,16,4,54,78,3,589,7,41,5,1,27,139,289,2401,1,28,147,29,271,16,268,57,121,13,18991,29,116,75,6,27,119,15,42,3,3,119,1,9,9,7,4,169,0,73,1,10,81,167,76,56,551,2,59,312,13,104,179,1,0,1,236,1,89,54,14,119,13,4,3,239,42,23,85,34,23,22,22,3,13,25,66,800,112
"100","19 Jun",441,42,62,107,537,286,29,0,118,94,1,88,4,52,139,202,1,62,196,1,17,7,73,11,168,11,120,75,86,1,20,233,26,42,4,868,15,69,60,14,13,1168,55,1,1,0,45,41,19,38,7,202,1124,12,242,14,115,135,1,162,26,66,1,41,92,99,1,52,201,6,248,74,90,11,32,62,104,317,123,606,1,171,2,40,4,402,2,24,104,4,7,375,71,1,54,406,14,186,68,4303,1,65,109,8,101,2,47,3,17,1,9,22,58,93,6,92,10,88,340,64,39,48,0,3,252,109,3349,30,5,55,81,3,611,7,44,5,1,27,140,291,2420,1,28,152,31,311,16,277,58,122,14,19192,33,118,75,6,27,120,18,45,3,3,122,1,9,10,8,4,171,0,76,1,10,81,171,76,57,556,2,64,316,14,107,180,1,1,1,251,1,93,58,15,121,13,4,3,249,42,23,87,34,23,22,23,3,13,25,72,813,116
"101","20 Jun",443,47,62,117,545,294,33,0,120,96,1,91,4,52,150,211,1,70,202,1,20,7,75,11,178,11,124,83,88,1,22,237,26,44,4,870,16,72,63,14,17,1182,56,1,1,0,45,47,20,39,7,209,1182,12,242,19,116,143,1,162,35,79,1,41,121,99,1,63,201,7,256,74,90,13,35,66,106,328,131,615,1,173,2,41,5,408,2,28,105,4,7,390,80,1,57,420,17,199,75,4400,1,70,110,8,102,2,47,3,17,1,9,23,61,96,7,97,10,91,360,67,43,53,0,3,256,109,3447,51,5,56,82,3,668,7,55,5,1,29,143,308,2448,1,29,156,32,473,16,290,58,127,14,19379,38,123,75,6,27,120,18,45,3,3,129,2,10,11,8,5,174,0,82,1,11,89,180,90,57,562,2,70,341,16,107,184,2,2,1,256,1,98,58,16,138,14,8,3,252,50,23,88,34,23,22,23,3,13,38,77,840,129
"102","21 Jun",449,54,62,122,572,304,33,0,144,100,1,91,4,54,159,213,1,72,209,1,25,9,79,11,181,12,125,84,89,1,24,250,28,45,4,879,20,72,64,14,17,1191,57,1,1,0,45,47,20,43,7,211,1250,16,250,19,117,150,1,165,42,82,1,44,129,105,1,74,201,7,256,74,91,17,36,67,108,334,138,622,1,181,2,41,5,413,2,28,107,4,7,394,80,1,59,422,17,203,75,4449,1,73,111,8,103,2,47,3,17,1,10,25,61,101,7,127,10,98,366,71,47,53,0,3,258,111,3483,51,5,58,83,3,676,7,64,5,1,29,163,311,2471,1,29,159,34,487,16,290,59,141,14,19613,40,124,75,6,27,122,19,46,3,3,145,2,10,13,8,5,175,0,84,1,11,90,185,90,64,568,2,82,359,16,113,184,2,2,1,259,1,99,58,16,139,14,9,3,269,52,25,89,37,25,22,28,3,13,40,98,845,130
"103","22 Jun",454,54,62,123,574,306,33,0,145,100,1,91,4,54,169,217,1,73,211,1,25,9,79,11,181,12,129,85,90,1,24,250,28,45,4,884,23,72,65,16,17,1199,59,1,1,0,45,49,21,43,7,217,1283,16,252,19,121,157,1,165,42,82,1,44,130,105,1,75,202,8,256,74,91,17,39,68,110,341,140,624,1,183,3,41,5,414,2,28,107,4,7,399,80,1,59,445,17,203,75,4459,1,82,112,8,103,2,47,3,17,1,10,25,61,101,7,127,10,98,369,72,49,53,0,3,259,113,3493,51,5,58,85,3,676,7,64,5,1,29,163,312,2486,1,29,160,34,499,16,298,59,143,16,19679,40,124,76,6,27,122,19,46,3,3,151,2,12,13,8,6,179,0,86,1,11,90,188,97,65,571,2,82,362,18,114,184,2,2,1,264,1,99,58,16,139,14,9,3,284,53,25,89,37,25,22,29,4,13,40,99,852,132
"104","23 Jun",454,55,62,124,576,307,33,0,157,100,1,91,4,55,171,217,1,73,213,1,25,9,82,11,188,12,130,85,91,1,25,250,28,47,4,886,23,76,65,16,17,1200,60,1,1,0,45,50,21,45,7,219,1326,22,257,19,125,157,1,165,42,82,1,44,131,105,1,76,205,8,256,77,93,17,39,68,112,343,141,625,1,183,3,41,5,415,2,28,108,4,8,402,82,1,60,447,17,204,75,4475,1,82,112,8,103,2,52,3,17,1,10,26,62,103,7,146,10,98,371,72,49,53,0,3,261,113,3511,54,6,60,87,3,690,7,68,5,1,29,163,316,2498,1,29,160,34,502,16,300,59,150,16,19718,40,124,77,6,27,122,19,46,3,3,153,2,12,13,8,6,179,0,86,1,11,91,190,99,65,572,2,82,379,22,116,185,2,2,1,266,1,100,59,16,141,15,9,3,285,54,25,89,37,25,22,29,4,13,40,101,852,133
"105","24 Jun",458,60,63,140,593,311,35,0,172,116,1,93,4,56,182,220,1,74,217,1,25,9,82,12,198,19,132,91,94,1,27,254,30,50,4,897,30,85,65,18,24,1210,61,1,1,0,59,52,21,47,7,222,1389,22,264,26,127,158,1,172,44,82,1,44,146,111,1,85,206,8,256,77,95,17,42,68,114,362,142,629,1,191,3,41,5,419,2,31,110,4,8,412,82,1,66,472,19,204,76,4525,1,85,119,8,104,2,58,3,27,1,23,26,63,104,7,150,12,100,390,82,49,65,0,4,261,116,3581,54,6,61,87,3,744,7,73,5,1,30,163,320,2517,1,30,178,41,529,16,300,60,150,17,19975,60,130,78,6,27,123,19,47,3,3,155,2,12,13,8,7,190,0,86,1,11,94,201,107,65,575,2,84,386,22,117,206,2,2,1,268,1,100,59,17,154,15,9,3,293,55,25,106,37,25,25,29,4,14,46,102,854,135
"106","25 Jun",462,65,64,144,625,319,38,0,173,117,1,94,5,56,185,226,1,76,217,1,25,10,82,12,199,20,140,95,99,1,28,257,30,51,4,903,31,86,65,18,24,1219,62,1,1,0,59,54,25,49,7,223,1454,22,268,29,128,162,1,172,48,87,1,50,166,113,1,101,207,8,257,84,95,17,44,68,114,372,143,654,1,192,3,41,6,425,2,31,112,5,8,425,83,1,66,485,20,204,77,4653,1,87,122,8,105,2,61,3,27,1,26,29,63,104,8,158,12,104,402,90,49,65,0,5,265,117,3603,54,6,65,89,3,782,7,75,5,1,30,163,322,2538,1,30,239,42,575,18,305,60,150,17,20165,68,130,78,6,27,123,19,48,3,3,190,2,12,13,8,7,192,0,91,1,11,99,203,108,68,577,2,90,413,22,117,206,2,4,1,283,1,100,60,18,156,18,9,3,310,64,25,108,48,25,25,29,7,14,46,111,877,135
"107","26 Jun",464,66,64,154,633,320,39,0,175,117,1,94,6,56,193,259,1,80,218,1,25,10,86,14,199,20,141,95,100,1,28,261,31,51,4,905,31,87,67,18,24,1225,62,1,1,0,59,55,26,49,7,230,1528,22,273,31,129,167,1,172,48,88,1,50,167,113,1,101,209,10,257,85,95,17,45,68,114,381,143,656,1,199,3,41,6,426,2,31,113,5,8,425,84,1,66,486,20,204,77,4668,1,88,122,8,106,2,63,3,27,1,26,29,63,104,9,161,13,105,406,92,49,73,0,5,266,117,3631,55,6,65,94,3,787,7,75,5,1,30,163,324,2561,1,31,256,43,586,18,305,61,150,17,20275,68,130,78,6,27,123,19,49,3,3,280,2,12,15,8,7,195,0,94,1,11,101,206,109,68,577,2,91,420,22,118,207,2,5,1,295,1,100,60,19,156,19,9,3,310,121,25,109,48,25,25,32,7,14,46,111,886,139
"108","27 Jun",474,73,65,161,673,329,39,0,176,124,1,95,6,58,197,265,1,84,218,1,26,10,89,14,214,27,148,104,102,1,28,276,31,51,4,913,44,95,70,19,24,1239,65,1,1,0,60,59,27,49,7,238,1589,22,301,37,129,167,1,173,51,88,1,50,169,114,1,101,214,13,258,85,95,19,47,68,121,396,146,662,2,201,3,45,6,429,2,31,115,5,8,430,88,1,67,500,22,208,79,4740,1,94,122,10,107,2,74,3,33,1,37,30,64,106,11,166,14,108,413,99,49,77,0,6,270,123,3724,55,6,66,99,3,824,7,80,6,1,32,165,344,2591,1,31,257,50,602,18,333,61,151,17,20441,83,132,80,6,28,125,19,50,3,6,345,2,13,15,8,10,200,0,99,1,12,104,208,111,70,583,2,95,457,22,118,208,2,6,1,301,1,108,60,24,177,19,9,3,319,145,26,116,53,33,27,33,7,15,46,111,923,144
"109","28 Jun",477,75,65,167,681,341,39,0,176,135,1,98,12,58,203,279,1,84,219,1,29,10,105,14,217,28,148,105,103,1,28,294,31,52,4,917,46,99,76,19,25,1252,67,1,1,0,73,59,34,49,7,242,1633,23,323,37,133,173,1,179,51,88,1,50,194,114,1,120,216,13,274,85,95,19,47,68,123,405,148,664,2,207,3,45,6,433,2,31,120,5,8,443,92,1,67,515,22,208,79,4805,1,97,124,10,107,2,75,3,42,1,43,30,64,109,13,166,14,113,417,107,49,89,0,6,271,123,3762,55,6,69,101,3,830,7,83,7,1,32,185,353,2616,1,32,270,51,664,18,347,62,159,17,20578,87,134,81,6,28,128,21,51,3,6,396,2,13,15,8,10,205,0,99,1,12,104,209,114,72,586,2,103,479,23,128,215,2,6,1,309,1,108,60,27,178,20,9,3,321,147,26,118,55,35,27,33,7,15,51,120,929,149
"110","29 Jun",477,76,65,169,682,343,48,0,176,135,1,99,14,59,210,280,1,84,219,1,29,10,105,14,219,28,150,107,103,1,28,294,31,52,4,919,48,103,76,20,25,1255,69,1,1,0,73,59,34,49,7,244,1681,23,325,37,136,173,1,179,51,89,1,50,194,114,1,120,218,13,274,85,95,20,47,69,126,406,152,668,2,208,3,45,6,434,2,31,121,5,8,452,92,1,67,517,24,208,80,4815,1,102,124,10,109,2,77,3,42,1,44,32,64,109,13,172,14,115,417,107,49,89,0,6,271,123,3769,55,6,71,102,3,834,7,93,7,1,32,185,357,2623,1,32,270,51,674,18,348,62,159,18,20656,88,134,82,6,28,129,21,52,3,6,398,2,13,15,8,10,212,0,100,1,13,106,212,120,72,589,2,118,483,24,128,215,2,6,1,312,1,115,60,27,179,20,9,3,323,147,26,118,56,35,27,33,7,15,51,120,942,149
"111","30 Jun",477,77,65,177,683,346,54,0,177,137,1,99,14,60,213,283,1,86,220,1,29,11,107,16,224,29,150,107,106,1,28,295,31,53,4,922,52,104,76,20,25,1256,69,1,1,1,73,63,34,49,7,245,1737,23,326,37,136,173,1,179,51,89,1,50,197,114,1,120,218,14,274,85,95,20,47,70,130,406,154,669,2,211,4,45,7,435,2,31,122,5,9,452,92,1,67,517,24,208,80,4831,1,107,126,10,109,2,78,3,42,1,45,33,65,109,13,173,14,117,422,108,49,90,0,6,275,123,3781,55,6,74,102,3,836,7,104,7,1,32,188,361,2634,1,32,270,51,681,18,356,62,167,18,20729,89,135,83,6,28,134,21,52,4,6,422,2,13,15,8,10,216,0,103,1,13,107,213,121,72,594,2,118,489,26,128,215,2,6,1,313,1,116,60,27,179,20,9,4,325,147,27,118,56,35,27,33,7,15,51,120,943,149
"112","01 Jul",481,78,65,180,683,359,56,0,181,150,1,100,14,62,213,295,1,86,220,1,29,11,122,16,228,29,150,107,106,1,29,306,31,53,4,923,57,115,76,20,25,1259,69,1,1,1,76,66,34,49,7,247,1786,23,338,38,138,173,1,180,55,89,1,52,197,115,1,123,220,14,284,85,96,20,50,70,130,424,157,673,2,212,5,45,8,439,2,32,126,5,9,457,92,1,67,525,24,208,85,4890,1,107,127,10,114,2,78,3,43,1,54,33,65,109,14,173,14,119,426,108,50,91,2,6,277,125,3811,55,6,78,105,3,869,7,105,7,1,33,188,366,2643,1,35,273,57,723,18,358,62,167,18,20895,91,136,83,6,28,136,22,52,4,6,449,2,13,16,8,10,221,0,103,1,14,120,218,122,72,596,2,119,520,26,142,215,2,6,1,323,1,123,60,33,180,21,9,4,346,162,27,119,56,37,27,33,7,15,51,125,953,150
"113","02 Jul",486,87,65,183,697,372,56,0,210,152,1,104,16,63,224,311,1,86,221,1,30,11,161,17,232,32,160,108,109,2,29,309,33,60,4,946,72,118,83,22,25,1286,73,1,1,1,76,66,38,53,7,253,1910,23,347,38,143,175,1,180,56,93,1,52,199,126,1,127,222,14,296,86,96,20,56,71,133,428,158,679,2,216,5,46,8,444,2,33,128,6,9,462,96,1,69,536,24,209,85,5005,1,109,138,11,116,2,79,3,56,1,60,34,65,116,14,173,16,128,433,116,55,97,3,7,278,126,3861,56,6,82,110,3,883,7,117,7,1,34,189,374,2672,1,35,275,59,764,18,359,62,185,18,21103,92,138,93,6,28,139,22,52,4,7,482,3,15,25,8,12,226,0,104,1,14,124,227,133,73,604,2,120,603,26,145,216,2,6,1,351,1,129,60,40,189,21,9,4,354,171,27,123,57,37,27,36,7,15,51,125,987,153
"114","03 Jul",491,88,65,196,704,386,62,0,214,184,1,105,17,63,229,325,1,100,225,1,31,11,172,17,244,36,166,127,115,11,29,326,33,64,4,952,77,125,85,23,25,1295,76,1,1,1,86,68,42,55,10,255,2036,23,367,38,144,177,1,189,56,93,1,53,214,126,1,131,225,15,303,86,96,21,58,73,135,438,164,689,2,218,5,47,8,451,2,33,129,6,9,473,99,2,69,549,24,209,85,5029,1,109,138,11,117,2,91,3,61,1,64,35,66,116,15,173,16,131,458,119,56,110,3,7,278,129,3916,57,6,86,112,3,893,7,139,7,1,34,190,383,2688,1,40,302,59,808,18,359,63,185,19,21255,107,139,98,6,30,142,23,52,5,7,546,3,15,26,9,12,236,0,108,1,14,125,227,135,78,607,2,124,623,30,150,227,2,6,1,364,1,129,60,64,200,21,9,4,358,201,29,127,60,39,27,36,7,18,52,129,990,156
"115","04 Jul",498,92,65,211,712,395,63,0,215,186,1,105,17,63,233,329,1,102,227,1,33,11,209,17,255,37,173,129,123,11,29,354,33,65,4,1017,84,128,88,24,25,1299,76,1,1,1,91,68,42,55,10,257,2115,23,376,39,145,179,1,190,60,94,1,53,228,126,1,135,227,18,316,86,96,23,58,73,136,442,166,689,2,226,5,47,8,455,2,34,137,6,9,479,102,2,70,551,24,210,85,5094,1,109,138,11,119,2,100,3,62,1,71,35,66,119,19,181,17,132,466,121,56,110,5,7,279,130,3937,57,6,89,117,3,908,8,150,8,1,34,191,390,2698,1,40,319,61,838,18,381,63,192,19,21400,112,140,100,6,30,157,23,52,6,7,629,3,15,31,9,12,246,0,113,1,14,134,228,135,81,613,2,128,656,31,153,232,2,6,1,378,1,135,63,80,203,23,9,4,358,213,30,129,60,39,27,36,7,18,54,132,990,158
"116","05 Jul",503,106,65,213,720,414,66,0,223,192,1,107,20,63,236,344,1,108,229,1,35,11,241,20,269,42,189,140,124,11,29,375,33,66,4,1053,107,134,94,24,27,1312,76,1,1,1,93,70,42,56,14,261,2236,23,394,40,148,183,1,196,61,99,1,53,236,128,1,138,228,22,328,87,96,23,58,74,138,452,166,694,2,241,12,48,9,456,2,34,145,6,9,494,110,2,74,562,24,212,95,5180,1,112,144,12,121,2,107,3,70,1,74,35,66,123,19,203,18,141,482,128,56,124,6,9,281,132,3970,74,7,93,119,3,921,8,155,8,1,36,193,398,2716,1,42,331,67,896,18,403,66,195,19,21683,143,143,135,6,30,175,25,73,8,8,703,3,15,31,10,14,252,0,126,1,14,138,230,135,85,618,2,128,678,31,154,262,2,6,1,388,1,152,63,91,203,25,9,4,359,222,30,133,61,41,27,37,7,18,56,132,1043,158
"117","06 Jul",507,108,65,219,721,415,68,0,225,193,1,108,23,63,246,345,1,110,229,1,35,11,241,20,271,43,189,141,124,11,29,376,34,66,4,1057,113,139,96,24,27,1316,78,1,1,1,93,112,43,56,14,264,2278,24,399,41,150,187,1,196,61,99,1,54,237,128,1,139,229,22,336,87,96,23,58,74,140,455,172,695,3,247,14,48,9,461,2,34,150,6,9,498,115,2,74,564,24,212,95,5201,1,121,144,12,121,2,107,3,71,1,74,35,66,123,21,203,20,145,486,130,57,128,6,12,283,133,3988,83,7,96,120,3,922,9,167,8,1,37,193,399,2724,1,42,333,68,905,18,407,66,196,21,21739,144,144,136,6,30,178,25,74,10,11,717,3,15,31,10,14,255,0,126,1,14,138,231,135,88,619,2,128,686,31,156,263,2,6,1,392,1,152,63,92,204,25,10,4,360,230,30,133,61,41,27,37,7,18,56,132,1090,159
"118","07 Jul",513,109,65,230,723,415,68,0,225,194,1,108,23,63,250,346,1,110,229,1,35,11,253,20,277,45,190,141,124,11,29,380,34,67,4,1062,113,146,100,24,27,1327,78,1,1,1,93,112,43,56,14,267,2339,24,403,41,153,187,1,196,61,100,1,55,239,128,1,139,231,22,337,87,96,23,61,74,140,461,172,699,4,254,14,55,14,465,2,34,155,7,9,502,118,2,74,564,24,214,95,5220,1,135,144,12,121,2,110,3,72,1,75,36,66,123,25,205,20,148,487,130,57,128,6,15,283,135,4011,90,7,98,124,3,926,9,168,9,1,37,193,399,2745,1,42,333,68,912,18,413,66,197,21,21839,145,144,136,6,30,180,25,74,10,12,730,3,16,31,10,14,259,0,130,1,14,139,233,136,88,622,2,128,690,31,157,263,2,6,1,392,1,153,64,92,205,26,11,4,361,233,30,137,62,42,27,37,7,18,65,134,1095,159
"119","08 Jul",522,113,66,231,745,426,72,1,243,214,1,108,23,64,259,363,1,110,231,1,36,11,287,20,285,46,203,145,125,11,29,386,34,69,4,1104,132,149,105,24,27,1343,78,1,1,1,93,112,60,57,15,268,2427,24,405,50,155,187,1,197,63,100,1,56,257,129,1,140,237,24,349,90,96,23,61,76,148,472,173,702,5,262,14,57,15,472,2,34,159,7,9,513,125,2,77,577,24,217,95,5282,1,150,149,13,121,2,116,3,73,1,81,37,67,126,25,205,20,156,525,134,57,131,8,15,285,137,4065,95,7,100,124,3,965,9,184,9,1,37,195,407,2775,1,51,337,68,945,18,414,66,201,21,22092,145,145,140,6,30,185,25,76,10,12,798,3,17,32,10,14,270,0,138,1,14,150,236,146,90,630,2,137,738,31,158,263,2,7,1,396,1,157,67,108,209,27,11,4,362,236,30,149,62,43,27,37,9,20,108,134,1108,160
"120","09 Jul",523,119,67,232,753,433,74,1,255,249,1,109,24,65,264,364,1,112,233,1,36,11,340,21,298,51,213,162,126,11,29,395,35,70,4,1134,141,153,112,25,30,1350,80,1,1,1,104,113,62,57,15,271,2458,26,422,50,156,187,1,199,63,101,1,56,274,129,1,151,238,24,349,93,97,25,66,76,150,481,175,707,5,263,17,57,17,473,2,34,159,7,9,525,133,2,79,584,25,217,100,5341,1,158,152,13,123,2,121,3,73,1,81,37,68,129,25,211,24,158,546,135,58,132,12,16,288,141,4084,95,8,104,126,3,975,9,184,9,1,38,195,415,2794,1,51,341,68,986,18,415,67,201,21,22298,146,146,141,6,30,188,25,104,11,12,868,3,19,32,11,15,274,0,140,1,14,154,236,148,91,634,2,137,781,31,162,264,2,7,1,419,1,192,67,124,221,28,11,6,366,237,30,155,62,43,27,37,9,20,109,134,1114,165
"121","10 Jul",527,132,67,238,753,438,75,1,263,251,1,112,24,67,271,377,1,117,236,1,36,11,358,21,316,58,228,180,130,11,29,416,35,76,4,1145,152,169,118,26,31,1367,85,1,1,1,110,113,62,58,15,273,2525,29,425,54,158,189,1,201,63,104,1,56,281,129,1,155,240,26,356,93,97,25,74,76,153,489,176,717,5,265,28,57,17,481,2,34,169,7,9,548,136,2,81,591,28,218,102,5400,1,166,154,13,125,2,134,3,78,1,85,39,68,131,25,213,26,168,554,142,62,140,15,18,292,145,4129,95,9,112,129,3,991,9,192,10,1,38,195,424,2817,1,52,352,73,1024,18,425,67,203,21,22513,166,147,144,6,30,190,30,106,11,18,922,3,19,33,12,15,285,0,148,1,14,155,241,151,94,636,2,139,845,33,165,269,2,7,1,434,1,194,79,142,222,28,11,6,386,251,30,156,62,48,27,37,9,20,109,140,1133,167
"122","11 Jul",528,135,67,251,766,447,78,1,271,258,1,113,24,67,283,398,1,119,237,1,37,11,434,21,331,67,236,190,135,11,29,416,35,95,4,1151,162,169,136,26,37,1388,85,1,1,1,111,113,62,58,17,274,2578,29,425,57,158,192,1,202,63,104,1,59,302,129,1,159,241,34,361,94,98,26,77,76,155,500,176,727,5,271,28,59,17,485,2,34,170,16,9,555,148,2,82,596,29,218,106,5443,1,173,156,15,127,2,141,3,88,1,89,39,68,132,25,214,30,176,564,143,75,142,15,18,292,145,4226,95,13,116,132,3,1000,9,193,10,1,41,197,434,2827,1,52,354,75,1043,18,436,67,203,21,22749,184,147,145,6,30,196,30,130,12,20,961,3,19,62,14,16,291,1,165,1,14,168,241,156,95,638,3,140,858,33,167,269,2,10,1,447,1,202,79,143,228,28,11,6,389,259,32,162,64,50,27,40,10,20,109,142,1146,167
"123","12 Jul",531,138,67,261,771,455,82,1,274,263,1,115,25,68,283,410,1,120,238,1,37,11,445,21,339,68,246,197,137,11,29,451,36,96,4,1165,170,174,148,28,38,1397,85,1,1,1,111,116,73,58,17,277,2630,29,435,57,158,196,1,204,63,109,1,60,318,129,1,165,253,38,361,94,99,26,77,76,156,511,180,740,5,279,31,59,21,491,2,34,170,16,9,559,152,2,83,599,29,218,108,5488,1,173,160,15,127,2,141,3,90,1,99,43,69,133,25,226,34,180,567,148,77,143,16,20,293,146,4276,97,13,121,133,3,1004,9,222,10,1,42,200,446,2849,1,52,363,76,1063,20,447,67,203,21,22991,188,150,146,6,30,199,33,139,13,20,1013,3,19,62,14,21,298,1,166,1,14,168,243,160,100,642,3,162,864,33,171,269,2,10,1,469,1,206,79,161,228,28,11,6,392,263,32,163,64,54,27,42,12,20,109,142,1153,167
"124","13 Jul",535,141,67,262,774,456,82,1,276,263,1,115,25,69,295,410,1,120,239,1,38,11,445,21,339,73,249,198,151,11,29,452,36,96,4,1170,170,174,152,28,38,1402,90,1,1,1,111,118,73,58,17,278,2683,29,438,57,161,201,1,204,63,109,1,60,320,129,1,165,253,48,362,94,99,27,78,76,161,511,184,742,5,287,31,59,21,493,2,34,170,16,9,560,154,2,83,601,29,219,108,5519,1,173,161,15,128,2,141,3,91,1,99,43,69,133,26,226,36,181,569,148,77,143,17,21,293,147,4286,101,13,121,138,3,1004,9,225,10,1,43,200,448,2861,1,52,368,76,1088,20,459,67,204,22,23074,188,150,147,6,30,203,33,139,13,20,1017,3,19,62,14,21,301,1,166,1,14,170,243,161,100,645,3,162,874,33,171,269,2,10,1,476,1,207,79,161,229,28,11,6,392,264,32,164,64,54,27,42,13,20,109,142,1156,167
"125","14 Jul",535,141,67,277,777,468,83,1,277,270,1,118,25,69,317,415,1,121,240,1,40,12,446,22,345,73,250,199,154,11,29,454,36,97,4,1172,172,186,156,29,39,1410,92,1,1,1,111,127,73,60,17,281,2746,29,440,63,165,203,1,204,64,109,1,63,325,131,1,165,257,49,363,95,99,27,82,82,162,514,186,743,8,294,32,60,22,496,2,36,176,16,9,560,156,2,83,602,30,219,109,5548,1,176,164,15,128,2,150,3,95,1,99,44,69,133,26,234,45,182,574,148,78,148,17,22,294,147,4300,102,14,121,142,3,1014,9,237,11,1,46,201,451,2872,1,53,374,79,1108,22,474,67,211,22,23194,188,153,148,7,30,204,34,143,13,20,1041,3,19,62,14,22,303,1,169,1,14,170,246,162,102,645,3,162,882,34,171,272,2,10,1,482,1,208,79,162,229,28,12,6,392,267,32,166,65,54,28,43,13,21,109,143,1159,168
"126","15 Jul",545,149,68,297,781,475,85,1,283,273,1,119,25,69,328,428,1,123,243,1,42,13,474,22,357,80,259,201,157,11,29,461,36,97,4,1208,189,195,159,29,43,1417,94,1,1,1,123,127,73,62,17,286,2834,29,443,69,166,206,1,208,64,110,1,63,363,131,1,169,266,51,366,95,100,30,83,86,166,532,188,765,8,303,34,71,22,507,2,36,176,18,9,578,159,2,99,603,31,221,110,5617,1,178,171,17,130,2,156,3,95,1,103,46,72,133,26,235,48,189,585,149,78,148,18,22,296,149,4354,113,18,131,147,3,1052,10,241,11,1,46,201,468,2897,1,56,381,79,1145,22,476,67,211,25,23433,190,154,148,10,32,213,35,144,15,22,1107,3,22,65,14,22,322,1,177,1,14,172,246,170,104,650,3,165,894,41,178,274,2,10,1,488,1,234,79,168,230,31,12,6,401,276,32,169,66,56,28,44,14,23,109,143,1163,170
"127","16 Jul",554,152,69,301,793,487,85,1,283,274,1,119,25,70,336,432,1,124,243,1,43,13,478,22,367,82,274,217,159,11,29,493,36,98,4,1226,199,204,167,29,43,1437,95,1,1,1,124,128,85,62,17,290,2897,29,445,73,166,211,1,212,65,110,1,69,364,131,1,169,269,57,368,95,101,30,83,86,168,549,196,775,8,308,36,73,26,519,2,37,178,18,9,583,167,2,100,608,32,221,111,5673,1,178,172,17,131,2,160,3,98,1,104,47,72,134,26,241,51,197,588,151,79,152,18,25,300,150,4396,113,20,141,149,3,1064,10,243,13,1,64,201,471,2931,1,57,396,81,1171,22,485,68,222,25,23612,190,155,148,15,32,217,37,177,22,22,1185,3,22,73,14,22,333,1,180,1,17,173,246,172,105,660,3,167,897,41,181,275,2,10,1,491,1,250,79,176,233,32,12,6,410,285,35,177,66,56,29,44,14,23,112,143,1169,170
"128","17 Jul",560,153,69,308,793,497,94,1,285,278,1,121,25,71,342,440,1,125,243,1,43,15,488,22,395,93,288,242,164,12,29,512,36,118,4,1247,216,205,170,29,43,1448,95,1,1,1,124,129,94,64,19,295,2981,30,445,78,166,211,1,221,65,111,1,71,386,132,1,173,270,61,370,95,101,30,85,86,172,564,199,795,8,321,36,73,27,524,2,37,193,18,9,588,172,2,105,613,32,222,111,5715,1,183,175,23,134,2,162,3,107,1,104,51,72,134,27,249,58,198,594,156,80,152,18,26,301,153,4474,115,21,151,152,3,1079,10,243,13,1,65,201,478,2951,1,58,415,81,1272,23,494,68,228,25,23839,190,156,151,17,33,223,39,178,29,22,1226,3,23,74,14,23,340,1,193,1,17,180,246,172,110,667,3,183,913,43,182,278,2,10,1,494,1,252,79,188,235,32,12,6,419,288,36,178,66,80,30,44,14,23,112,148,1186,172
"129","18 Jul",561,155,69,316,797,509,94,1,285,281,1,122,28,71,359,450,1,125,243,1,44,15,492,22,413,94,300,250,168,12,29,527,36,130,4,1262,224,212,182,30,44,1452,96,1,1,1,124,140,94,65,19,299,3064,30,451,78,166,212,1,223,65,111,1,72,397,133,1,175,276,72,373,95,102,31,88,111,172,578,201,808,9,331,36,73,27,525,2,37,194,18,9,600,176,2,105,615,32,222,112,5751,1,186,185,23,134,2,164,3,114,1,114,53,76,135,28,251,64,202,598,157,80,153,18,27,301,155,4506,115,21,154,154,3,1108,10,251,13,1,65,205,485,2971,1,58,426,84,1291,23,502,68,229,25,23969,204,159,153,17,33,226,39,212,31,23,1262,3,23,74,14,30,350,1,194,1,17,182,247,177,133,672,3,186,970,45,183,280,2,10,1,506,1,252,81,194,243,33,12,6,430,295,36,181,67,92,30,46,14,24,112,149,1199,172
"130","19 Jul",574,162,73,319,799,509,95,1,285,285,1,123,28,71,375,454,1,127,245,1,44,15,492,22,448,96,306,250,172,12,29,530,36,130,4,1278,230,216,183,31,44,1467,97,1,1,1,126,140,94,70,19,303,3144,30,452,89,168,212,1,226,67,112,1,76,400,134,1,175,284,80,374,95,102,34,91,111,172,586,201,811,9,338,36,77,27,528,2,37,200,19,10,618,180,2,110,619,34,224,114,5856,1,186,193,25,135,2,164,3,115,1,116,53,76,137,28,255,64,206,601,157,80,157,18,27,301,157,4524,115,22,157,154,3,1118,10,253,15,1,67,207,489,2990,1,60,464,85,1316,23,516,68,234,27,24157,209,159,153,18,34,230,39,216,32,25,1278,3,23,75,14,31,357,1,197,1,17,183,248,179,135,673,3,186,980,45,188,285,2,10,1,513,1,257,81,194,243,33,12,6,433,297,36,185,67,95,30,47,14,24,113,149,1202,172
"131","20 Jul",577,164,73,323,800,515,95,1,286,289,1,123,29,71,378,455,1,129,248,1,46,15,495,22,449,97,310,250,172,12,29,535,36,131,4,1289,233,223,190,33,44,1488,99,1,1,1,126,145,98,70,19,305,3168,31,455,89,169,215,1,227,67,115,1,76,401,135,1,175,286,82,374,95,102,36,91,111,173,588,203,815,9,346,36,77,27,534,2,37,201,19,10,621,183,2,112,620,34,224,116,5896,1,190,193,25,136,2,164,3,116,1,123,55,77,137,29,256,68,207,606,157,80,159,18,27,302,160,4548,115,22,158,157,3,1122,10,260,15,1,70,209,490,3005,1,60,487,85,1334,23,519,68,237,27,24308,209,159,157,18,34,233,39,233,33,25,1284,3,23,76,14,31,362,1,199,1,17,183,248,182,136,682,3,191,985,49,191,288,2,10,1,543,1,259,82,195,244,34,15,6,439,299,38,185,67,95,30,48,14,25,114,155,1212,172
"132","21 Jul",578,165,90,325,800,517,95,1,286,290,1,124,29,71,388,463,1,131,248,1,48,15,495,22,450,100,311,250,172,12,30,539,36,131,4,1293,236,224,193,33,44,1498,99,1,1,1,126,146,100,71,19,305,3180,31,455,89,169,215,1,227,67,115,1,77,404,155,1,175,286,82,375,95,102,39,93,111,173,591,203,815,10,346,36,77,27,535,2,39,205,19,11,622,184,2,112,620,34,229,116,5902,1,190,193,25,137,2,165,3,116,1,127,55,77,137,29,256,69,208,607,157,80,159,19,27,302,160,4552,115,22,159,159,3,1123,10,261,15,1,70,210,491,3009,1,60,488,86,1335,23,524,68,240,29,24366,209,159,157,18,35,233,40,233,35,27,1284,3,23,76,14,32,363,1,200,1,17,183,248,182,138,688,3,229,995,50,192,288,2,10,1,546,1,261,82,195,245,34,16,6,440,302,38,185,67,95,30,48,14,25,114,156,1214,172
