"","Data","ABREU.E.LIMA","AFOGADOS.DA.INGAZEIRA","AFRANIO","AGRESTINA","AGUA.PRETA","AGUAS.BELAS","ALAGOINHA","ALIANCA","ALTINHO","AMARAJI","ANGELIM","ARACOIABA","ARARIPINA","ARCOVERDE","BARRA.DE.GUABIRABA","BARREIROS","BELEM.DE.MARIA","BELEM.DE.SAO.FRANCISCO","BELO.JARDIM","BETANIA","BEZERROS","BODOCO","BOM.CONSELHO","BOM.JARDIM","BONITO","BREJAO","BREJINHO","BREJO.DA.MADRE.DE.DEUS","BUENOS.AIRES","BUIQUE","CABO.DE.SANTO.AGOSTINHO","CABROBO","CACHOEIRINHA","CAETES","CALCADO","CALUMBI","CAMARAGIBE","CAMOCIM.DE.SAO.FELIX","CAMUTANGA","CANHOTINHO","CAPOEIRAS","CARNAIBA","CARNAUBEIRA.DA.PENHA","CARPINA","CARUARU","CASINHAS","CATENDE","CEDRO","CHA.DE.ALEGRIA","CHA.GRANDE","CONDADO","CORRENTES","CORTES","CUMARU","CUPIRA","CUSTODIA","DORMENTES","ESCADA","EXU","FEIRA.NOVA","FERNANDO.DE.NORONHA","FERREIROS","FLORES","FLORESTA","FREI.MIGUELINHO","GAMELEIRA","GARANHUNS","GLORIA.DO.GOITA","GOIANA","GRAVATA","IATI","IBIMIRIM","IBIRAJUBA","IGARASSU","IGNORADO","IGUARACI","ILHA.DE.ITAMARACA","INAJA","INGAZEIRA","IPOJUCA","IPUBI","ITACURUBA","ITAIBA","ITAMBE","ITAPETIM","ITAPISSUMA","ITAQUITINGA","JABOATAO.DOS.GUARARAPES","JAQUEIRA","JATAUBA","JATOBA","JOAO.ALFREDO","JOAQUIM.NABUCO","JUCATI","JUPI","JUREMA","LAGOA.DO.CARRO","LAGOA.DO.ITAENGA","LAGOA.DO.OURO","LAGOA.DOS.GATOS","LAGOA.GRANDE","LAJEDO","LIMOEIRO","MACAPARANA","MACHADOS","MARAIAL","MIRANDIBA","MOREILANDIA","MORENO","NAZARE.DA.MATA","OLINDA","OROBO","OROCO","OURICURI","OUTRO.ESTADO","OUTRO.PAIS","PALMARES","PALMEIRINA","PANELAS","PARANATAMA","PARNAMIRIM","PASSIRA","PAUDALHO","PAULISTA","PEDRA","PESQUEIRA","PETROLANDIA","PETROLINA","POCAO","POMBOS","PRIMAVERA","QUIPAPA","QUIXABA","RECIFE","RIACHO.DAS.ALMAS","RIBEIRAO","RIO.FORMOSO","SAIRE","SALGADINHO","SALGUEIRO","SALOA","SANHARO","SANTA.CRUZ","SANTA.CRUZ.DA.BAIXA.VERDE","SANTA.CRUZ.DO.CAPIBARIBE","SANTA.MARIA.DA.BOA.VISTA","SANTA.MARIA.DO.CAMBUCA","SANTA.TEREZINHA","SAO.BENEDITO.DO.SUL","SAO.BENTO.DO.UNA","SAO.CAITANO","SAO.JOAO","SAO.JOAQUIM.DO.MONTE","SAO.JOSE.DA.COROA.GRANDE","SAO.JOSE.DO.BELMONTE","SAO.JOSE.DO.EGITO","SAO.LOURENCO.DA.MATA","SAO.VICENTE.FERRER","SERRA.TALHADA","SERRITA","SERTANIA","SIRINHAEM","SOLIDAO","SURUBIM","TABIRA","TACAIMBO","TACARATU","TAMANDARE","TAQUARITINGA.DO.NORTE","TEREZINHA","TERRA.NOVA","TIMBAUBA","TORITAMA","TRACUNHAEM","TRINDADE","TRIUNFO","TUPANATINGA","TUPARETAMA","VENTUROSA","VERDEJANTE","VERTENTE.DO.LERIO","VERTENTES","VICENCIA","VITORIA.DE.SANTO.ANTAO","XEXEU"
"1","12 Mar",0,0,0,0,0,0,0,0,0,0,0,0,0,0,0,0,0,0,0,0,0,0,0,0,0,0,0,0,0,0,0,0,0,0,0,0,0,0,0,0,0,0,0,0,0,0,0,0,0,0,0,0,0,0,0,0,0,0,0,0,0,0,0,0,0,0,0,0,0,0,0,0,0,0,0,0,0,0,0,0,0,0,0,0,0,0,0,0,0,0,0,0,0,0,0,0,0,0,0,0,0,0,0,0,0,0,0,0,0,0,0,0,0,0,0,0,0,0,0,0,0,0,0,0,0,0,0,0,0,0,0,0,0,2,0,0,0,0,0,0,0,0,0,0,0,0,0,0,0,0,0,0,0,0,0,0,0,0,0,0,0,0,0,0,0,0,0,0,0,0,0,0,0,0,0,0,0,0,0,0,0,0,0,0,0
"2","13 Mar",0,0,0,0,0,0,0,0,0,0,0,0,0,0,0,0,0,0,0,0,0,0,0,0,0,0,0,0,0,0,0,0,0,0,0,0,0,0,0,0,0,0,0,0,0,0,0,0,0,0,0,0,0,0,0,0,0,0,0,0,0,0,0,0,0,0,0,0,0,0,0,0,0,0,0,0,0,0,0,0,0,0,0,0,0,0,0,0,0,0,0,0,0,0,0,0,0,0,0,0,0,0,0,0,0,0,0,0,0,0,0,0,0,0,0,0,0,0,0,0,0,0,0,0,0,0,0,0,0,0,0,0,0,2,0,0,0,0,0,0,0,0,0,0,0,0,0,0,0,0,0,0,0,0,0,0,0,0,0,0,0,0,0,0,0,0,0,0,0,0,0,0,0,0,0,0,0,0,0,0,0,0,0,0,0
"3","14 Mar",0,0,0,0,0,0,0,0,0,0,0,0,0,0,0,0,0,0,0,0,0,0,0,0,0,0,0,0,0,0,0,0,0,0,0,0,0,0,0,0,0,0,0,0,0,0,0,0,0,0,0,0,0,0,0,0,0,0,0,0,0,0,0,0,0,0,0,0,0,0,0,0,0,0,0,0,0,0,0,0,0,0,0,0,0,0,0,0,0,0,0,0,0,0,0,0,0,0,0,0,0,0,0,0,0,0,0,0,0,0,0,0,0,0,0,1,0,0,0,0,0,0,0,0,0,0,0,0,0,0,0,0,0,6,0,0,0,0,0,0,0,0,0,0,0,0,0,0,0,0,0,0,0,0,0,0,0,0,0,0,0,0,0,0,0,0,0,0,0,0,0,0,0,0,0,0,0,0,0,0,0,0,0,0,0
"4","15 Mar",0,0,0,0,0,0,0,0,0,0,0,0,0,0,0,0,0,0,0,0,0,0,0,0,0,0,0,0,0,0,0,0,0,0,0,0,0,0,0,0,0,0,0,0,0,0,0,0,0,0,0,0,0,0,0,0,0,0,0,0,0,0,0,0,0,0,0,0,0,0,0,0,0,0,0,0,0,0,0,0,0,0,0,0,0,0,0,0,0,0,0,0,0,0,0,0,0,0,0,0,0,0,0,0,0,0,0,0,0,0,0,0,0,0,0,1,0,0,0,0,0,0,0,0,0,0,0,0,0,0,0,0,0,7,0,0,0,0,0,0,0,0,0,0,0,0,0,0,0,0,0,0,0,0,0,0,0,0,0,0,0,0,0,0,0,0,0,0,0,0,0,0,0,0,0,0,0,0,0,0,0,0,0,0,0
"5","16 Mar",0,0,0,0,0,0,0,0,0,0,0,0,0,0,0,0,0,0,1,0,0,0,0,0,0,0,0,0,0,0,0,0,0,0,0,0,0,0,0,0,0,0,0,0,0,0,0,0,0,0,0,0,0,0,0,0,0,0,0,0,0,0,0,0,0,0,0,0,0,0,0,0,0,0,0,0,0,0,0,0,0,0,0,0,0,0,0,1,0,0,0,0,0,0,0,0,0,0,0,0,0,0,0,0,0,0,0,0,0,0,0,0,0,0,0,3,0,0,0,0,0,0,0,0,0,0,0,0,0,0,0,0,0,13,0,0,0,0,0,0,0,0,0,0,0,0,0,0,0,0,0,0,0,0,0,0,0,0,0,0,0,0,0,0,0,0,0,0,0,0,0,0,0,0,0,0,0,0,0,0,0,0,0,0,0
"6","17 Mar",0,0,0,0,0,0,0,0,0,0,0,0,0,0,0,0,0,0,1,0,0,0,0,0,0,0,0,0,0,0,0,0,0,0,0,0,0,0,0,0,0,0,0,0,0,0,0,0,0,0,0,0,0,0,0,0,0,0,0,0,0,0,0,0,0,0,0,0,0,0,0,0,0,0,0,0,0,0,0,0,0,0,0,0,0,0,0,1,0,0,0,0,0,0,0,0,0,0,0,0,0,0,0,0,0,0,0,0,0,0,0,0,0,0,0,3,0,0,0,0,0,0,0,0,0,0,0,0,0,0,0,0,0,14,0,0,0,0,0,0,0,0,0,0,0,0,0,0,0,0,0,0,0,0,0,0,0,0,0,0,0,0,0,0,0,0,0,0,0,0,0,0,0,0,0,0,0,0,0,0,0,0,0,0,0
"7","18 Mar",0,0,0,0,0,0,0,0,0,0,0,0,0,0,0,0,0,0,1,0,0,0,0,0,0,0,0,0,0,0,0,0,0,0,0,0,0,0,0,0,0,0,0,0,0,0,0,0,0,0,0,0,0,0,0,0,0,0,0,0,0,0,0,0,0,0,0,0,0,0,0,0,0,0,0,0,0,0,0,0,0,0,0,0,0,0,0,1,0,0,0,0,0,0,0,0,0,0,0,0,0,0,0,0,0,0,0,0,0,0,0,0,0,0,0,3,0,0,0,0,0,0,0,0,0,0,0,0,0,0,0,0,0,17,0,0,0,0,0,0,0,0,0,0,0,0,0,0,0,0,0,0,0,0,0,0,0,0,0,0,0,0,0,0,0,0,0,0,0,0,0,0,0,0,0,0,0,0,0,0,0,0,0,0,0
"8","19 Mar",0,0,0,0,0,0,0,0,0,0,0,0,0,0,0,0,0,0,1,0,0,0,0,0,0,0,0,0,0,0,0,0,0,0,0,0,0,0,0,0,0,0,0,0,0,0,0,0,0,0,0,0,0,0,0,0,0,0,0,0,0,0,0,0,0,0,0,0,0,0,0,0,0,0,0,0,0,0,0,0,0,0,0,0,0,0,0,1,0,0,0,0,0,0,0,0,0,0,0,0,0,0,0,0,0,0,0,0,0,0,0,0,0,0,0,3,0,0,0,0,0,0,0,0,0,0,0,0,0,0,0,0,0,23,0,0,0,0,0,0,0,0,0,0,0,0,0,0,0,0,0,0,0,0,0,0,0,0,0,0,0,0,0,0,0,0,0,0,0,0,0,0,0,0,0,0,0,0,0,0,0,0,0,0,0
"9","20 Mar",0,0,0,0,0,0,0,0,0,0,0,0,0,0,0,0,0,0,1,0,0,0,0,0,0,0,0,0,0,0,0,0,0,0,0,0,0,0,0,0,0,0,0,0,0,0,0,0,0,0,0,0,0,0,0,0,0,0,0,0,0,0,0,0,0,0,0,0,0,0,0,0,0,0,0,0,0,0,0,0,0,0,0,0,0,0,0,3,0,0,0,0,0,0,0,0,0,0,0,0,0,0,0,0,0,0,0,0,0,0,0,0,0,0,0,3,0,0,0,0,0,0,0,0,0,0,0,0,0,0,0,0,0,24,0,0,0,0,0,0,0,0,0,0,0,0,0,0,0,0,0,0,0,0,0,0,0,0,0,0,0,0,0,0,0,0,0,0,0,0,0,0,0,0,0,0,0,0,0,0,0,0,0,0,0
"10","21 Mar",0,0,0,0,0,0,0,0,0,0,0,0,0,0,0,0,0,0,1,0,0,0,0,0,0,0,0,0,0,0,0,0,0,0,0,0,0,0,0,0,0,0,0,0,0,0,0,0,0,0,0,0,0,0,0,0,0,0,0,0,0,0,0,0,0,0,0,0,0,0,0,0,0,0,0,0,0,0,0,0,0,0,0,0,0,0,0,3,0,0,0,0,0,0,0,0,0,0,0,0,0,0,0,0,0,0,0,0,0,0,0,0,0,0,0,3,0,0,0,0,0,0,0,0,0,0,0,0,0,0,0,0,0,26,0,0,0,0,0,0,0,0,0,0,0,0,0,0,0,0,0,0,0,0,0,0,0,0,0,0,0,0,0,0,0,0,0,0,0,0,0,0,0,0,0,0,0,0,0,0,0,0,0,0,0
"11","22 Mar",0,0,0,0,0,0,0,0,0,0,0,0,0,0,0,0,0,0,1,0,0,0,0,0,0,0,0,0,0,0,0,0,0,0,0,0,0,0,0,0,0,0,0,0,0,0,0,0,0,0,0,0,0,0,0,0,0,0,0,0,0,0,0,0,0,0,0,0,0,0,0,0,0,0,0,0,0,0,0,0,0,0,0,0,0,0,0,3,0,0,0,0,0,0,0,0,0,0,0,0,0,0,0,0,0,0,0,0,0,0,1,0,0,0,0,3,0,0,0,0,0,0,0,0,0,0,0,0,0,0,0,0,0,29,0,0,0,0,0,0,0,0,0,0,0,0,0,0,0,0,0,0,0,0,0,0,0,0,0,0,0,0,0,0,0,0,0,0,0,0,0,0,0,0,0,0,0,0,0,0,0,0,0,0,0
"12","23 Mar",0,0,0,0,0,0,0,0,0,0,0,0,0,0,0,0,0,0,1,0,0,0,0,0,0,0,0,0,0,0,0,0,0,0,0,0,0,0,0,0,0,0,0,0,1,0,0,0,0,0,0,0,0,0,0,0,0,0,0,0,0,0,0,0,0,0,0,0,0,0,0,0,0,0,0,0,0,0,0,0,0,0,0,0,0,0,0,3,0,0,0,0,0,0,0,0,0,0,0,0,0,0,0,0,0,0,0,0,0,0,2,0,0,0,1,3,0,0,0,0,0,0,0,0,0,0,0,1,0,0,0,0,0,30,0,0,0,0,0,0,0,0,0,0,0,0,0,0,0,0,0,0,0,0,0,0,0,0,0,0,0,0,0,0,0,0,0,0,0,0,0,0,0,0,0,0,0,0,0,0,0,0,0,0,0
"13","24 Mar",0,0,0,0,0,0,0,0,0,0,0,0,0,0,0,0,0,0,1,0,0,0,0,0,0,0,0,0,0,0,0,0,0,0,0,0,0,0,0,0,0,0,0,0,1,0,0,0,0,0,0,0,0,0,0,0,0,0,0,0,0,0,0,0,0,0,0,0,0,0,0,0,0,0,0,0,0,0,0,0,0,0,0,0,0,0,0,3,0,0,0,0,0,0,0,0,0,0,0,0,0,0,0,0,0,0,0,0,0,0,2,0,0,0,1,3,0,0,0,0,0,0,0,0,0,0,0,1,0,0,0,0,0,30,0,0,0,0,0,0,0,0,0,0,0,0,0,0,0,0,0,0,0,0,0,0,0,0,0,0,0,0,0,0,0,0,0,0,0,0,0,0,0,0,0,0,0,0,0,0,0,0,0,0,0
"14","25 Mar",0,0,0,0,0,0,0,0,0,0,0,0,0,0,0,0,0,0,1,0,0,0,0,0,0,0,0,0,0,0,0,0,0,0,0,0,0,0,0,0,0,0,0,0,1,0,0,0,0,0,0,0,0,0,0,0,0,0,0,0,0,0,0,0,0,0,0,0,0,0,0,0,0,0,0,0,0,0,0,0,0,0,0,0,0,0,0,3,0,0,0,0,0,0,0,0,0,0,0,0,0,0,0,0,0,0,0,0,0,0,2,0,0,0,1,3,0,0,0,0,0,0,0,0,0,0,0,1,0,0,0,0,0,30,0,0,0,0,0,0,0,0,0,0,0,0,0,0,0,0,0,0,0,0,0,0,0,0,0,0,0,0,0,0,0,0,0,0,0,0,0,0,0,0,0,0,0,0,0,0,0,0,0,0,0
"15","26 Mar",0,0,0,0,0,0,0,0,0,0,0,0,0,0,0,0,0,0,1,0,0,0,0,0,0,0,0,0,0,0,0,0,0,0,0,0,0,0,0,0,0,0,0,0,1,0,0,0,0,0,0,0,0,0,0,0,0,0,0,0,0,0,0,0,0,0,0,0,0,0,0,0,0,0,0,0,0,0,0,0,0,0,0,0,0,0,0,3,0,0,0,0,0,0,0,0,0,0,0,0,0,0,0,0,0,0,0,0,0,0,2,0,0,0,1,3,0,0,0,0,0,0,0,0,0,0,0,1,0,0,0,0,0,30,0,0,0,0,0,0,0,0,0,0,0,0,0,0,0,0,0,0,0,0,0,0,0,0,0,0,0,0,0,0,0,0,0,0,0,0,0,0,0,0,0,0,0,0,0,0,0,0,0,0,0
"16","27 Mar",0,0,0,0,0,0,0,0,0,0,0,0,0,0,0,0,0,0,1,0,0,0,0,0,0,0,0,0,0,0,0,0,0,0,0,0,1,0,0,0,0,0,0,0,1,0,0,0,0,0,0,0,0,0,0,0,0,0,0,0,1,0,0,0,0,0,0,0,1,0,0,0,0,0,0,0,0,0,0,0,0,0,0,0,0,0,0,4,0,0,0,0,0,0,0,0,0,0,0,0,0,0,0,0,0,0,0,0,0,0,3,0,0,0,2,3,0,0,0,0,0,0,0,0,0,0,0,2,0,0,0,0,0,38,0,0,0,0,0,0,0,0,0,0,0,0,0,0,0,0,0,0,0,0,0,0,0,0,0,0,0,0,0,0,0,0,0,0,0,0,0,0,0,0,0,0,0,0,0,0,0,0,0,0,0
"17","28 Mar",0,0,0,0,0,0,0,0,0,0,0,0,0,0,0,0,0,0,1,0,0,0,0,0,0,0,0,0,0,0,0,0,0,0,0,0,1,0,0,0,0,0,0,0,1,0,0,0,0,0,0,0,0,0,0,0,0,0,0,0,1,0,0,0,0,0,0,0,1,0,0,0,0,0,0,0,0,0,0,0,0,0,0,0,0,0,0,5,0,0,0,0,0,0,0,0,0,0,0,0,0,0,0,0,0,0,0,0,0,0,4,0,0,0,2,3,0,0,0,0,0,0,0,0,0,0,0,2,0,0,0,0,0,46,0,0,0,0,0,0,0,0,0,0,0,0,0,0,0,0,0,0,0,0,0,0,1,0,0,0,0,0,0,0,0,0,0,0,0,0,0,0,0,0,0,0,0,0,0,0,0,0,0,0,0
"18","29 Mar",0,0,0,0,0,0,0,0,0,0,0,0,0,0,0,0,0,0,1,0,0,0,0,0,0,0,0,0,0,0,0,0,0,0,0,0,1,0,0,0,0,0,0,0,1,0,0,0,0,0,0,0,0,0,0,0,0,0,0,0,1,0,0,0,0,0,0,0,1,0,0,0,0,0,0,0,0,0,0,0,0,0,0,0,0,0,0,6,0,0,0,0,0,0,0,0,0,0,0,0,0,0,0,0,0,0,0,0,0,0,4,0,0,0,2,3,0,0,0,0,0,0,0,0,0,0,0,2,0,0,0,0,0,50,0,0,0,0,0,0,0,0,0,0,0,0,0,0,0,0,0,0,0,0,0,0,1,0,0,0,0,0,0,0,0,0,0,0,0,0,0,0,0,0,0,0,0,0,0,0,0,0,0,0,0
"19","30 Mar",0,0,0,0,0,0,0,0,0,0,0,0,0,0,0,0,0,0,1,0,0,0,0,0,0,0,0,0,0,0,0,0,0,0,0,0,1,0,0,0,0,0,0,0,1,0,0,0,0,0,0,0,0,0,0,0,0,0,0,0,1,0,0,0,0,0,0,0,1,0,0,0,0,0,0,0,0,0,0,0,0,0,0,0,0,0,0,6,0,0,0,0,0,0,0,0,0,0,0,0,0,0,0,0,0,0,0,0,0,0,5,0,0,0,2,3,1,0,0,0,0,0,0,0,0,0,0,2,0,0,0,0,0,52,0,0,0,0,0,0,0,0,0,0,0,0,0,0,0,0,0,0,0,0,0,0,1,0,0,0,0,0,0,0,0,0,0,0,0,0,0,0,0,0,0,0,0,0,0,0,0,0,0,0,0
"20","31 Mar",0,0,0,0,0,0,0,0,0,0,0,0,0,0,0,0,0,0,1,0,0,0,0,0,0,0,0,0,0,0,0,0,0,0,0,0,2,0,0,0,0,0,0,0,1,0,0,0,0,0,0,0,0,0,0,0,0,0,0,0,2,0,0,0,0,0,0,0,1,0,0,0,0,0,0,0,0,0,0,0,1,0,0,0,0,0,0,6,0,0,0,0,0,0,0,0,0,0,0,0,0,0,0,0,0,0,0,0,0,0,5,0,0,0,2,3,1,0,0,0,0,0,0,0,0,0,0,2,0,0,0,0,0,57,0,0,0,0,0,0,0,0,0,0,0,0,0,0,0,0,0,0,0,0,0,0,3,0,0,0,0,0,0,0,0,0,0,0,0,0,0,0,0,0,0,0,0,0,0,0,0,0,0,0,0
"21","01 Apr",0,0,0,0,0,0,0,1,0,0,0,0,0,0,0,0,0,0,1,0,0,0,0,0,0,0,0,0,0,0,0,0,0,0,0,0,2,0,0,0,0,0,0,0,1,0,0,0,0,0,0,0,0,0,0,0,0,0,0,0,2,0,0,0,0,0,0,0,1,0,0,0,0,0,0,0,0,0,0,0,1,0,0,0,0,0,0,6,0,0,0,0,0,0,0,0,0,0,0,0,0,0,0,0,0,0,0,0,0,0,5,0,0,0,2,3,1,0,0,0,0,0,0,0,0,0,0,2,0,0,0,0,0,64,0,0,0,0,0,0,0,0,0,0,0,0,0,0,0,0,0,0,0,0,0,0,3,0,0,0,0,0,0,0,0,0,0,0,0,0,0,0,0,0,0,0,0,0,0,0,0,0,0,0,0
"22","02 Apr",0,0,0,0,0,0,0,1,0,0,0,0,0,0,0,0,0,0,1,0,0,0,0,0,0,0,0,0,0,0,0,0,0,0,0,0,2,0,0,0,0,0,0,0,1,0,0,0,0,0,0,0,0,0,0,0,0,0,0,0,2,0,0,0,0,0,0,0,1,0,0,0,0,0,0,0,0,0,0,0,1,0,0,0,0,0,0,7,0,0,0,0,0,0,0,0,0,0,0,0,0,0,0,0,0,0,0,0,0,0,5,0,0,0,2,3,1,0,0,0,0,0,0,0,0,0,0,2,0,0,0,0,0,74,0,0,0,0,0,0,0,0,0,0,0,0,0,0,0,0,0,0,0,0,0,0,3,0,0,0,0,0,0,0,0,0,0,0,0,0,0,0,0,0,0,0,0,0,0,0,0,0,0,0,0
"23","03 Apr",0,0,0,0,0,0,0,1,0,0,0,0,0,0,0,0,0,0,1,0,0,0,0,0,0,0,0,0,0,0,2,0,0,0,0,0,4,0,0,0,0,0,0,0,1,0,0,0,0,0,0,0,0,0,0,0,0,0,0,0,5,0,0,0,0,0,0,0,1,0,0,0,0,0,0,0,0,0,0,0,1,0,0,0,0,0,0,8,0,0,0,0,0,0,0,0,0,0,0,0,0,0,0,0,0,0,0,0,0,0,6,0,0,0,2,3,1,0,0,0,0,0,0,3,0,0,0,2,0,0,0,0,0,92,0,0,0,0,0,0,0,0,0,0,0,0,0,0,0,0,0,0,0,0,0,0,3,0,0,0,0,0,0,0,0,0,0,0,0,0,0,0,0,0,0,0,0,0,0,0,0,0,0,0,0
"24","04 Apr",0,0,0,0,0,0,0,1,0,0,0,0,0,0,0,0,0,0,1,0,0,0,0,0,0,0,0,0,0,0,4,0,0,0,0,0,6,0,0,0,0,0,0,0,2,0,0,0,0,0,0,0,0,0,0,0,0,0,0,0,7,0,0,0,0,0,0,0,1,0,0,0,0,0,0,0,0,0,0,0,1,0,0,0,0,0,0,11,0,0,0,0,0,0,0,0,0,0,0,0,0,0,0,0,0,0,0,0,0,0,8,0,0,0,3,3,1,0,0,0,0,0,0,3,0,0,0,2,0,0,0,0,0,119,0,0,0,0,0,0,0,0,0,0,0,0,0,0,0,0,0,0,0,0,0,0,3,0,0,0,0,0,0,0,0,0,0,0,0,0,0,0,0,0,0,0,0,0,0,0,0,0,0,0,0
"25","05 Apr",0,0,0,0,0,0,0,1,0,0,0,0,0,0,0,0,0,0,1,0,0,0,0,0,0,0,0,0,0,0,5,0,0,0,0,0,6,0,0,0,0,0,0,0,2,0,0,0,0,0,0,0,0,0,0,0,0,0,0,0,7,0,0,0,0,0,0,0,1,0,0,0,0,0,0,0,0,0,0,0,1,0,0,0,0,0,0,12,0,0,0,0,0,0,0,0,0,0,0,0,0,0,0,0,0,0,0,0,0,0,9,0,0,0,3,3,1,0,0,0,0,0,0,5,0,0,0,2,0,0,0,0,0,139,0,0,0,0,0,0,0,0,0,0,0,0,0,0,0,0,0,0,0,0,0,0,3,0,0,0,0,0,0,0,0,0,0,0,0,0,0,0,0,0,0,0,0,0,0,0,0,0,0,0,0
"26","06 Apr",0,0,0,0,0,0,0,1,0,0,0,0,0,0,0,0,0,0,1,0,0,0,0,0,0,0,0,0,0,0,5,0,1,0,0,0,7,0,0,0,0,0,0,0,3,0,0,0,0,0,0,0,0,0,0,0,0,0,0,0,7,0,0,0,0,0,0,0,1,0,0,0,0,0,0,0,0,0,0,0,1,0,0,0,0,0,0,15,0,0,0,0,0,0,0,0,1,0,0,0,0,0,0,0,0,0,0,0,0,0,12,0,0,0,3,3,1,0,0,0,0,0,2,5,0,0,0,2,0,0,0,0,0,145,0,0,0,0,0,0,0,0,0,0,0,0,0,0,0,0,0,0,0,0,0,0,7,0,0,0,0,0,0,0,0,0,0,0,0,0,0,0,0,0,0,0,0,0,0,0,0,0,0,0,0
"27","07 Apr",0,0,0,0,0,0,0,1,0,0,0,0,0,0,0,0,0,0,1,0,0,0,0,1,0,0,0,0,0,0,6,0,1,0,0,0,10,0,0,0,0,0,0,0,3,0,1,0,0,0,0,0,0,0,0,0,0,0,0,0,14,0,0,0,0,0,0,0,2,0,0,0,0,1,0,0,0,0,0,0,1,0,0,0,0,0,0,24,0,0,0,0,0,0,0,0,1,0,0,0,0,0,0,1,0,0,0,0,2,0,19,0,0,0,4,3,2,0,0,0,0,0,4,8,0,0,0,3,0,0,0,0,0,220,0,0,0,0,0,1,0,0,0,0,0,0,0,0,0,0,0,0,0,0,0,0,14,0,0,0,0,0,0,0,0,0,0,0,0,0,0,1,0,0,0,0,0,0,0,0,0,0,0,3,0
"28","08 Apr",0,0,0,0,0,0,0,1,0,0,0,0,0,1,0,0,0,0,1,0,0,0,0,1,0,0,0,0,0,0,8,0,1,0,0,0,13,0,0,0,0,0,0,0,3,0,1,0,0,0,0,0,0,0,0,0,0,0,0,0,14,0,0,0,0,0,0,0,2,0,0,0,0,1,0,0,0,0,0,0,1,0,0,0,0,0,0,26,0,0,0,0,0,0,0,0,1,0,0,0,0,0,0,1,0,0,0,0,2,0,21,0,0,0,4,3,2,0,0,0,0,1,4,9,0,0,0,3,0,0,0,0,0,253,0,0,0,0,0,3,0,0,0,0,0,0,0,0,0,0,0,0,0,0,0,0,16,0,0,0,0,0,0,0,0,0,0,0,0,0,0,1,0,0,0,0,0,0,0,0,0,0,0,3,0
"29","09 Apr",1,0,0,0,0,0,0,2,0,0,0,0,0,3,0,0,0,0,1,0,0,0,0,1,0,0,0,0,0,0,12,0,1,0,0,0,20,0,0,0,1,0,0,2,5,0,2,0,0,0,0,0,0,0,0,0,0,0,0,0,14,0,0,0,1,0,1,0,3,0,0,0,0,1,0,0,0,0,0,0,1,0,0,0,0,0,0,35,0,0,0,1,0,0,0,0,1,0,0,0,0,0,1,1,0,0,0,0,2,0,32,0,0,0,4,3,3,0,0,0,0,1,4,23,0,0,0,4,0,1,0,0,0,340,0,0,0,0,0,3,0,0,0,0,0,0,0,0,0,0,0,0,0,0,0,0,20,0,0,0,0,0,0,0,0,0,0,0,0,0,0,1,0,0,0,0,0,0,0,0,0,0,0,3,0
"30","10 Apr",1,0,0,0,0,0,0,2,0,0,0,0,0,3,0,0,0,0,1,0,0,0,1,1,0,0,0,0,0,0,13,0,1,0,0,0,24,0,0,0,1,0,0,2,6,0,2,0,0,0,0,0,0,0,0,0,0,0,0,0,14,0,0,0,1,0,1,0,3,0,0,0,0,2,0,0,0,0,0,1,1,0,0,0,0,0,0,51,0,0,0,1,0,0,0,0,2,0,0,0,0,0,1,1,0,0,0,0,2,0,44,0,0,0,5,3,3,0,0,0,0,1,6,34,0,0,0,4,0,1,0,0,0,413,0,0,0,0,0,4,0,0,0,0,0,0,0,0,0,0,1,0,0,0,0,0,21,0,1,0,0,0,0,0,0,0,0,0,0,0,0,1,0,0,0,0,0,0,0,0,0,0,0,3,0
"31","11 Apr",5,0,0,0,0,0,0,2,0,0,0,0,0,3,0,0,0,0,2,0,0,0,1,1,0,0,0,0,0,0,14,0,5,0,0,0,28,0,0,0,1,0,0,2,6,0,2,0,0,0,0,0,0,0,0,0,0,0,0,0,14,0,0,0,1,1,2,0,4,0,0,0,0,3,0,0,0,0,0,3,1,0,0,0,0,0,0,57,0,0,0,1,0,0,0,0,2,0,0,0,0,0,1,1,0,0,0,0,2,0,57,0,0,0,5,3,3,0,0,0,0,1,6,40,0,0,0,4,0,1,0,1,0,486,0,0,0,0,0,4,0,0,0,0,1,0,0,0,0,1,1,0,0,0,0,0,28,0,1,0,1,0,0,0,0,0,0,0,0,0,0,1,1,1,0,0,0,0,0,0,0,0,0,4,0
"32","12 Apr",10,0,0,0,0,0,0,2,0,0,0,0,0,3,0,0,0,0,2,0,0,0,1,1,0,0,0,0,0,0,15,0,7,0,0,0,33,0,0,0,1,0,0,2,7,0,2,0,0,1,0,0,0,0,0,0,0,0,0,0,24,0,0,0,1,1,2,1,5,0,0,0,0,3,0,0,0,0,0,5,2,0,0,0,0,1,0,67,0,0,0,2,0,0,0,0,2,0,0,0,0,0,2,1,1,0,0,0,2,0,72,0,0,0,5,3,4,0,0,0,0,1,6,47,0,0,0,4,0,1,0,1,0,557,0,0,0,0,0,4,0,0,0,0,1,0,0,0,0,1,1,0,0,1,0,0,31,0,1,0,1,0,0,0,0,0,0,0,0,0,0,1,1,1,0,0,0,0,0,0,0,0,0,5,0
"33","13 Apr",13,0,0,0,0,0,0,3,0,0,0,2,0,4,0,0,0,0,2,0,1,0,1,2,0,0,0,0,0,0,15,0,8,0,0,0,37,0,0,0,1,0,0,2,7,0,2,0,0,1,0,0,0,0,0,0,0,0,0,0,24,0,0,0,1,1,2,1,5,1,0,0,0,3,0,0,0,0,0,5,2,0,0,0,0,2,0,79,0,0,0,3,0,0,0,0,2,0,0,1,0,0,2,1,2,0,0,0,4,0,91,0,0,0,5,3,4,0,0,0,0,1,7,67,0,0,0,5,0,2,0,1,0,672,0,0,0,0,0,5,0,0,0,0,1,0,0,0,0,1,1,0,0,1,0,0,33,0,2,0,1,0,0,0,0,0,0,0,0,0,0,1,1,1,0,0,0,0,0,0,0,0,0,6,0
"34","14 Apr",15,0,0,0,0,0,0,3,0,0,0,2,0,4,0,0,0,0,2,0,1,0,1,2,0,0,0,0,0,0,19,0,8,0,0,0,45,0,0,0,1,1,0,2,7,0,2,0,1,1,0,0,0,0,0,0,0,0,0,0,24,0,0,0,1,1,2,1,5,1,0,0,0,5,0,0,2,0,0,5,2,0,0,0,0,2,0,94,0,0,0,3,0,0,0,0,2,0,0,1,0,0,3,1,2,0,0,0,5,0,102,0,0,0,5,3,4,0,0,0,0,1,7,75,0,0,0,6,0,2,0,1,0,733,0,0,0,0,0,6,0,0,0,0,1,0,0,0,0,1,1,0,0,1,0,0,43,0,2,0,1,0,0,0,0,0,0,0,0,0,0,1,1,1,0,0,0,0,0,0,0,0,0,7,0
"35","15 Apr",15,0,0,0,0,0,0,3,0,0,0,2,0,4,0,0,0,0,2,0,1,0,2,2,0,0,0,0,0,0,19,0,8,0,0,0,55,0,0,0,1,1,0,2,8,0,2,0,1,2,0,0,0,0,0,0,0,0,0,0,24,0,0,0,1,1,3,2,5,1,0,0,0,8,0,0,3,0,0,7,2,0,0,0,0,2,0,103,0,0,0,4,0,0,0,0,2,0,0,1,0,0,5,1,2,0,0,0,6,0,122,0,0,0,6,3,4,0,0,0,0,1,7,83,0,0,0,6,0,2,0,1,0,857,0,1,0,0,0,6,0,0,0,0,1,0,0,0,0,1,1,0,0,1,0,0,46,0,4,0,1,0,0,0,0,0,0,0,0,0,0,1,1,2,0,1,0,0,0,0,0,0,0,10,0
"36","16 Apr",17,0,0,0,0,0,0,5,0,1,0,2,0,7,0,0,0,0,2,0,1,0,2,3,0,0,0,0,0,0,19,0,8,0,0,0,63,0,0,0,1,1,0,2,10,0,2,0,1,3,0,0,0,0,1,0,0,1,0,2,24,0,0,0,1,1,3,2,5,1,0,0,0,13,0,0,4,0,0,7,2,0,0,0,0,2,0,121,0,0,0,4,0,0,0,0,2,0,0,1,0,0,6,1,2,0,0,0,6,0,147,0,0,0,6,3,4,0,0,0,0,1,7,98,0,0,0,6,0,2,0,1,0,958,0,1,0,0,0,6,0,0,0,0,1,0,0,0,0,1,1,0,0,1,0,0,52,0,4,0,1,0,0,1,0,0,0,0,0,0,0,3,1,2,0,2,0,0,0,0,0,0,0,11,0
"37","17 Apr",18,0,0,0,0,0,0,5,0,1,0,2,0,7,0,0,0,0,2,0,1,0,2,3,0,0,0,0,0,0,21,0,8,0,0,0,80,0,0,0,1,1,0,2,13,0,2,0,2,3,0,0,0,0,1,0,0,2,0,2,24,0,0,0,2,1,6,2,6,1,0,0,0,15,0,0,4,0,0,7,2,0,0,0,0,2,0,139,0,0,0,4,0,0,0,0,2,1,0,1,0,0,8,1,2,0,0,0,6,0,185,0,0,0,7,3,4,0,0,0,0,1,10,122,0,1,0,6,0,4,0,1,0,1136,0,1,1,0,0,6,0,0,0,0,2,0,0,0,0,1,4,0,0,1,0,1,61,1,4,0,1,0,0,1,0,0,0,0,0,0,0,4,1,2,0,2,0,0,0,0,0,1,0,15,0
"38","18 Apr",21,0,0,0,0,0,0,5,0,1,0,2,0,7,0,0,0,0,3,0,1,0,2,3,1,0,0,0,0,0,22,0,8,0,0,0,87,0,0,0,1,1,0,2,15,0,2,0,2,3,0,0,0,0,1,0,0,2,0,2,26,0,0,0,2,1,6,2,6,1,0,0,0,16,0,0,4,0,0,7,2,0,0,0,0,2,0,159,0,0,0,4,0,0,0,0,2,1,0,1,0,0,8,1,2,0,0,0,7,0,198,0,0,0,8,3,4,0,0,0,0,1,10,130,0,1,0,6,0,4,0,1,0,1255,0,1,1,0,0,6,0,0,0,0,2,0,0,0,0,1,4,0,0,1,0,1,64,1,4,0,1,0,0,1,0,0,0,0,0,0,0,4,1,2,0,2,0,0,0,0,0,1,0,20,0
"39","19 Apr",28,0,0,0,0,0,1,5,1,1,0,2,0,10,0,0,0,0,3,0,1,0,2,3,1,0,0,0,0,0,27,0,8,0,0,0,93,0,0,0,1,1,0,3,15,0,2,0,2,3,0,0,0,0,1,1,0,2,0,2,27,0,0,0,2,1,7,2,6,1,0,0,0,18,0,0,4,0,0,10,2,0,0,0,0,2,0,189,0,0,1,5,0,0,1,0,2,1,0,1,0,0,8,2,2,0,0,0,10,0,213,0,0,0,8,3,4,0,0,0,0,1,10,143,1,1,0,9,1,6,0,1,0,1399,0,1,1,0,0,8,0,0,0,0,2,0,0,0,0,1,4,0,0,1,0,1,68,1,4,0,1,1,0,1,0,0,0,0,0,0,0,4,1,2,0,2,0,0,0,0,0,1,0,22,0
"40","20 Apr",29,0,0,0,0,0,1,5,1,1,0,2,0,10,0,0,0,0,4,0,1,0,2,3,1,0,0,0,0,0,30,0,8,0,0,0,105,0,0,0,1,1,0,3,15,0,2,0,2,3,0,0,0,0,1,1,0,3,0,2,27,1,0,0,2,1,7,3,6,1,0,0,0,23,0,0,4,0,0,10,2,0,0,0,1,2,0,204,0,0,1,5,0,0,1,0,2,1,0,1,0,0,8,2,2,0,0,0,10,0,233,0,0,0,8,3,4,0,0,0,0,1,11,153,1,1,0,9,1,6,0,1,0,1552,0,1,1,0,0,8,0,0,0,0,2,0,0,0,0,1,4,0,0,1,0,1,68,1,4,0,1,2,0,1,0,0,0,0,0,0,0,4,1,2,0,2,1,1,0,0,0,1,0,25,0
"41","21 Apr",29,0,0,0,0,0,1,5,1,1,0,2,0,11,0,0,0,0,5,0,1,0,2,3,2,0,0,0,0,0,32,0,8,0,0,0,110,0,0,0,1,1,0,3,15,0,2,0,2,3,0,0,0,0,1,1,0,3,0,2,28,1,0,0,2,1,7,3,7,2,0,0,0,24,0,0,5,1,0,11,2,0,0,1,1,2,0,218,0,1,1,5,0,0,1,0,2,1,0,1,0,0,9,2,2,0,0,0,11,0,253,0,0,0,8,3,4,0,0,0,0,1,13,164,1,1,0,9,1,6,0,1,0,1647,0,2,1,0,0,8,0,0,0,0,2,0,0,0,0,1,4,0,0,1,0,1,73,1,4,0,1,2,0,1,1,0,0,0,0,0,0,4,1,2,0,2,1,1,0,0,0,1,0,26,0
"42","22 Apr",31,0,0,0,0,0,1,5,1,1,0,2,0,11,0,0,0,0,5,0,1,0,2,3,2,0,0,0,0,0,33,0,8,0,0,0,117,0,0,0,1,1,0,4,15,0,2,0,3,3,0,0,0,0,1,1,0,3,0,2,28,1,0,0,2,1,7,4,8,2,0,0,0,27,0,0,5,1,0,13,2,0,0,1,1,2,0,252,0,1,1,5,0,1,1,0,2,1,0,1,0,0,9,3,2,0,0,0,11,2,281,0,1,0,9,3,4,0,1,0,0,1,14,184,1,1,0,11,1,7,0,1,0,1647,0,2,1,0,0,8,0,0,0,0,2,0,0,0,0,1,4,0,0,1,0,1,87,1,4,0,1,3,0,1,1,0,0,0,0,0,0,5,1,2,0,2,1,1,0,0,0,1,0,30,0
"43","23 Apr",31,0,0,0,0,0,1,5,1,1,0,2,0,11,0,0,0,0,5,0,1,0,2,3,2,0,0,0,0,0,33,0,8,0,0,0,118,1,0,0,1,1,0,4,16,0,2,0,4,4,1,0,0,0,1,1,0,3,0,2,28,1,0,0,2,1,7,6,8,2,0,0,0,29,0,0,5,1,0,14,2,0,0,1,1,2,0,261,0,1,1,5,0,1,1,0,2,1,0,1,0,0,10,3,2,0,0,0,11,2,281,0,1,0,9,3,4,0,1,0,0,1,14,193,1,1,0,11,1,7,0,1,0,1647,0,2,1,0,0,8,0,0,0,0,2,0,0,0,0,1,4,0,0,1,0,1,89,1,4,0,1,3,0,1,1,0,0,1,0,0,0,5,1,2,0,2,3,1,0,0,0,1,0,35,1
"44","24 Apr",31,0,0,1,0,0,1,5,1,1,0,2,0,11,0,0,0,0,5,0,1,0,2,3,2,0,0,0,0,0,33,0,8,0,0,0,118,1,0,0,1,1,0,4,17,0,3,0,4,4,1,1,0,0,1,1,0,3,0,2,28,1,0,0,3,1,7,6,10,4,0,1,0,29,0,0,5,1,0,14,2,0,0,1,1,2,0,261,0,1,1,5,0,1,1,1,2,1,0,1,0,0,10,3,2,0,0,0,11,2,281,0,1,0,10,3,4,0,1,0,0,1,14,193,1,1,0,11,1,7,0,1,1,1647,0,2,1,0,0,8,0,0,0,0,3,0,0,0,0,1,4,0,0,1,0,1,89,1,4,0,1,3,0,1,1,0,0,2,0,0,0,5,1,2,1,2,3,1,0,0,0,1,0,35,1
"45","25 Apr",39,0,0,1,0,0,1,7,1,2,0,2,0,12,0,0,0,0,5,2,1,0,2,3,2,0,0,0,0,0,36,1,8,0,0,0,136,1,0,0,1,1,0,5,17,0,3,0,4,4,1,1,0,0,1,1,0,4,0,2,28,1,0,0,4,1,7,6,13,5,0,1,0,32,0,0,5,1,0,20,2,0,0,1,1,2,1,300,0,1,1,5,0,1,1,2,2,2,0,2,0,0,10,3,2,0,0,0,13,2,293,0,1,0,11,3,6,0,1,0,0,1,14,210,1,1,0,11,1,8,0,1,1,1776,0,2,1,0,0,8,0,0,0,0,3,0,0,0,0,2,4,0,0,1,0,1,97,1,4,0,1,3,0,2,1,0,0,2,0,0,0,5,1,2,1,2,3,1,0,0,0,1,0,39,1
"46","26 Apr",41,0,0,1,0,0,1,9,1,2,0,2,0,12,0,0,0,0,5,2,1,0,2,4,2,0,0,0,0,0,41,1,8,0,0,0,145,1,0,0,1,1,0,5,20,0,3,0,4,4,2,1,0,0,1,1,0,4,0,2,28,1,0,0,4,1,7,6,14,5,0,1,0,34,0,0,5,1,0,20,2,0,0,1,1,2,2,327,0,1,1,5,0,1,1,2,2,2,0,2,0,0,10,3,2,0,0,0,14,2,302,0,1,0,11,3,6,0,1,0,0,1,14,220,1,1,0,12,1,10,0,1,1,1855,0,2,1,0,0,11,0,0,0,0,3,0,0,0,0,2,4,0,0,1,0,1,99,1,4,0,1,3,0,2,1,0,0,2,0,0,1,7,1,2,1,2,3,1,0,0,0,1,0,44,1
"47","27 Apr",43,0,0,1,2,0,1,9,1,2,0,3,0,13,0,0,0,0,6,2,1,0,2,4,3,0,0,0,0,0,51,1,8,0,0,0,157,1,0,0,1,1,0,6,21,0,3,0,6,5,3,1,0,0,1,2,0,4,0,2,28,1,0,0,4,1,7,6,15,5,0,1,0,34,0,0,6,1,0,20,2,0,0,1,1,3,2,355,1,1,1,5,0,1,1,2,3,2,0,2,0,0,10,3,2,0,0,0,15,3,320,0,1,0,12,3,6,0,1,0,0,1,17,233,1,1,0,12,1,10,0,1,1,1935,0,3,1,0,0,11,0,0,0,0,3,0,0,0,0,2,5,0,0,1,0,1,105,1,4,0,1,4,0,2,1,0,0,2,0,0,1,8,1,2,1,2,3,1,1,0,0,1,1,47,1
"48","28 Apr",49,0,0,1,2,0,1,9,1,2,0,3,0,13,0,0,0,0,7,2,1,0,2,4,3,0,0,0,0,0,54,1,8,0,0,0,161,1,0,0,1,2,0,6,21,0,3,0,7,5,3,1,0,0,1,2,0,5,0,2,28,1,0,0,4,1,8,6,15,5,0,1,0,37,0,0,6,1,0,21,2,0,0,1,1,3,2,374,1,1,1,5,0,1,1,2,4,2,0,2,0,0,12,4,2,0,0,0,16,3,334,0,1,0,12,3,6,0,1,0,0,1,17,250,4,1,0,12,1,10,1,1,1,2008,0,3,1,0,0,11,0,0,0,0,3,0,1,0,0,2,7,0,0,2,1,1,110,1,4,0,1,4,0,2,1,0,0,2,0,0,1,8,1,2,1,2,3,1,1,0,0,1,1,49,2
"49","29 Apr",51,0,1,1,2,0,1,9,1,3,0,3,0,13,0,0,0,0,7,2,1,0,2,6,3,0,0,0,0,0,56,1,8,0,0,0,168,1,0,0,1,2,0,8,21,0,3,0,8,6,4,1,0,0,1,3,0,6,0,2,28,1,0,0,4,1,8,8,17,5,0,1,0,38,0,0,6,1,0,21,2,0,0,1,1,3,2,388,1,1,1,5,0,1,1,2,5,2,0,2,0,0,12,4,2,0,0,0,18,3,345,0,1,0,13,3,6,0,2,0,0,1,18,260,4,1,0,12,1,10,1,1,1,2117,0,3,1,0,0,12,0,0,0,0,3,0,1,0,0,2,7,0,0,4,1,1,112,1,4,0,1,4,0,2,1,0,0,2,1,0,1,8,1,2,2,2,3,1,1,0,0,1,1,55,2
"50","30 Apr",54,0,1,1,2,0,1,9,1,3,0,3,0,14,0,0,0,0,7,2,1,0,2,7,3,0,0,0,0,0,59,1,8,1,0,0,177,1,0,0,1,2,0,8,23,0,4,0,9,6,5,2,0,0,2,3,0,6,0,2,28,2,0,0,5,1,9,10,18,6,0,1,0,43,0,0,7,1,0,23,2,0,0,1,1,5,2,423,1,1,1,5,0,1,1,2,8,3,0,2,0,0,14,4,2,0,0,0,20,4,377,0,1,0,13,3,7,0,2,0,0,2,18,283,4,1,0,12,1,10,1,1,1,2276,0,4,1,1,0,12,0,0,0,0,3,0,1,0,0,2,7,1,0,4,1,1,123,1,5,0,1,4,0,2,2,0,0,2,1,0,1,9,1,2,2,2,3,1,1,0,0,1,1,63,2
"51","01 May",59,0,1,1,3,0,1,10,1,4,0,4,0,14,0,1,0,0,7,2,1,0,2,7,4,0,0,0,0,0,75,1,8,3,0,0,189,1,0,0,1,2,0,11,25,0,4,0,9,7,5,2,0,0,2,3,0,7,0,2,28,2,0,0,5,1,11,11,19,7,0,2,0,50,0,0,7,1,0,24,2,0,0,1,1,5,2,447,1,1,1,5,0,1,1,3,11,3,0,2,0,0,14,4,2,0,0,0,20,5,407,0,1,0,13,3,7,0,2,0,0,2,18,310,4,1,0,13,1,10,1,1,1,2429,0,5,1,1,0,13,0,0,0,0,3,0,1,0,0,2,7,1,0,4,1,1,127,1,5,0,1,4,0,2,2,0,0,2,1,0,1,10,1,2,2,2,3,1,1,0,0,1,1,68,2
"52","02 May",61,0,1,1,4,1,1,10,1,4,0,5,0,15,0,1,0,0,7,2,1,0,2,7,4,0,0,1,0,0,81,1,8,3,0,0,202,1,0,0,1,2,0,12,27,0,4,0,10,7,6,2,1,0,2,3,0,8,0,2,28,2,0,0,5,1,11,12,20,8,0,3,0,60,0,0,11,1,0,25,2,0,0,1,1,5,2,477,1,1,1,5,1,1,1,3,11,3,0,2,0,0,14,4,2,0,0,0,20,5,443,0,1,0,14,3,10,0,2,0,0,3,18,331,4,2,0,15,1,12,1,1,1,2634,0,5,1,1,0,13,0,0,0,0,3,0,1,0,0,2,7,1,0,4,1,2,130,1,5,0,1,4,0,2,2,0,0,3,1,0,1,11,1,2,2,2,3,1,1,0,0,1,1,69,2
"53","03 May",64,0,1,1,5,1,1,10,1,4,0,5,1,15,0,1,0,0,7,2,1,0,2,7,4,0,0,1,1,0,95,1,8,3,0,0,210,1,0,0,1,2,0,15,30,0,4,0,10,8,6,2,1,0,2,3,0,8,0,2,28,2,0,0,5,1,11,12,23,8,0,3,0,63,0,0,13,1,0,26,2,0,0,1,1,6,2,499,1,1,1,5,1,1,1,3,11,3,0,2,0,0,14,4,2,0,0,0,21,5,480,0,1,0,16,3,10,0,2,0,0,4,19,351,4,3,0,15,1,12,1,1,1,2780,0,5,2,1,0,14,0,0,0,0,3,0,1,0,0,2,7,1,0,4,1,2,134,1,5,0,2,5,0,2,3,0,0,4,1,0,1,12,1,2,3,2,3,1,1,0,0,1,1,74,2
"54","04 May",64,0,1,1,5,1,1,11,1,4,0,6,1,15,0,1,0,0,7,2,2,0,2,7,4,0,0,1,1,0,95,1,8,3,0,0,214,1,0,0,1,2,0,15,32,0,5,0,10,8,6,2,2,0,2,3,0,9,0,3,28,3,0,1,5,1,11,12,23,8,0,4,0,63,0,0,13,1,0,30,2,0,0,1,1,7,2,511,1,1,1,5,1,1,1,3,11,3,0,2,0,1,15,4,2,0,0,0,22,5,493,0,1,0,16,3,10,0,2,0,0,5,20,363,4,3,0,15,1,12,1,1,1,2837,0,5,2,1,0,14,0,1,0,0,3,0,1,0,0,2,8,1,0,4,1,2,134,1,5,0,2,5,0,2,3,0,0,4,1,0,1,12,1,2,3,2,3,1,1,0,0,1,1,75,2
"55","05 May",66,0,1,1,5,1,1,11,1,4,0,6,1,16,0,1,0,0,7,2,2,0,2,8,4,0,0,1,2,0,103,1,8,3,0,0,223,1,0,0,1,2,0,15,34,0,5,0,12,8,6,2,2,0,3,3,0,11,0,4,28,3,0,1,5,1,12,12,23,8,0,4,0,63,0,0,13,1,0,30,2,0,0,2,1,8,3,561,1,1,1,5,1,1,1,3,11,4,0,2,0,1,16,4,2,0,0,0,22,5,512,0,1,0,16,3,11,0,2,0,0,5,20,375,4,3,0,15,1,12,1,1,1,2958,0,6,2,1,0,16,0,1,0,0,5,0,1,0,0,2,9,1,0,4,1,2,144,1,5,0,2,6,0,2,3,0,0,5,1,0,1,12,1,2,3,2,3,1,1,0,0,1,1,87,2
"56","06 May",71,0,1,1,6,2,1,12,1,4,0,6,1,16,0,1,0,0,7,2,3,0,2,8,5,0,0,1,2,0,110,1,8,3,0,0,235,1,0,0,1,2,0,15,35,0,5,0,12,9,6,2,2,0,3,3,0,11,0,4,28,3,0,1,5,3,13,12,25,9,0,4,0,63,0,0,13,1,0,32,2,0,0,2,1,19,3,589,1,1,1,6,1,1,1,3,12,4,0,2,0,1,16,4,2,1,0,0,23,5,527,0,1,0,16,3,12,0,2,0,0,5,20,395,4,3,0,15,1,12,1,1,1,3069,0,6,2,1,0,18,0,1,1,0,5,0,1,0,0,2,9,1,0,4,1,3,147,1,5,0,2,6,0,2,3,0,0,6,1,0,1,14,1,2,4,2,3,1,1,0,0,1,1,89,2
"57","07 May",78,0,1,1,7,2,1,14,1,4,0,6,1,16,0,1,0,0,7,2,3,0,2,8,5,0,0,1,2,0,114,1,8,3,0,0,236,1,0,0,1,2,0,15,37,0,5,0,14,9,6,2,2,0,3,3,0,13,0,4,28,3,0,2,5,3,13,13,28,11,0,5,0,66,0,0,13,1,0,38,2,0,0,2,1,21,3,637,2,1,1,6,1,1,2,3,12,5,0,2,0,1,16,4,2,1,0,0,25,5,559,0,1,0,18,3,12,0,2,0,0,5,22,406,4,3,0,16,1,12,1,1,2,3245,0,7,2,1,0,19,0,1,1,0,5,0,1,0,0,2,9,1,0,4,1,3,150,1,7,0,2,6,0,2,3,0,0,7,1,0,1,14,1,2,4,3,3,1,1,0,0,1,1,90,2
"58","08 May",81,0,1,2,7,2,1,14,1,4,0,6,1,18,0,2,0,0,7,2,3,0,2,8,5,0,0,1,2,0,122,1,8,3,0,0,251,1,0,0,2,2,0,15,42,0,5,0,14,9,6,2,2,0,3,3,0,13,0,5,28,3,0,2,5,3,14,14,29,11,0,7,0,75,0,1,13,1,0,42,3,0,0,2,1,21,3,691,2,1,1,6,1,1,2,4,12,5,0,3,0,1,16,4,2,1,0,0,26,5,596,0,1,0,19,3,13,0,2,0,0,5,23,425,4,4,0,16,1,12,1,1,2,3350,0,8,2,1,0,19,0,1,1,0,7,0,1,0,0,2,9,1,0,4,1,3,159,1,7,0,2,6,0,3,3,0,0,8,1,0,1,14,1,2,4,4,3,1,1,0,0,1,2,94,2
"59","09 May",84,0,1,2,8,3,1,15,1,4,0,6,1,18,0,3,0,0,7,2,3,0,2,8,5,0,0,1,2,0,127,1,8,3,0,0,259,1,1,0,2,2,0,18,44,0,6,0,18,9,6,2,2,0,3,3,0,15,0,5,28,3,0,3,5,3,14,14,32,13,0,7,0,79,0,1,13,1,0,47,3,0,0,2,1,21,3,725,2,1,1,6,1,1,2,4,12,5,0,3,0,1,17,4,2,1,0,0,27,5,614,0,1,1,19,3,13,0,2,0,0,5,25,434,5,5,1,17,1,13,1,1,2,3464,0,9,3,1,0,19,0,1,1,0,9,0,1,0,0,2,9,1,0,4,1,3,160,2,7,0,2,6,0,3,3,0,0,8,1,0,1,14,1,2,4,4,3,1,1,0,0,2,3,102,2
"60","10 May",85,0,1,2,8,3,1,17,1,5,0,6,1,18,0,3,0,0,7,2,3,0,2,8,5,0,0,1,2,0,127,1,8,4,0,0,264,1,2,0,2,3,0,19,44,0,7,0,18,9,7,2,2,0,3,3,0,15,0,7,28,3,0,3,5,3,14,16,33,16,0,7,0,86,0,1,13,1,0,52,3,0,0,2,1,22,3,761,2,1,1,7,1,1,2,4,12,5,0,3,0,1,17,4,2,1,0,0,28,5,640,0,1,1,19,3,13,0,2,0,0,6,26,450,5,5,1,17,1,16,1,1,3,3634,0,9,4,1,0,20,0,1,1,0,9,0,1,0,0,2,9,1,0,4,1,3,164,2,7,0,2,6,0,6,3,0,0,8,2,0,1,14,1,3,4,4,3,1,1,0,0,2,4,105,2
"61","11 May",88,0,1,3,9,3,1,17,1,7,0,6,1,18,2,3,0,0,8,2,5,0,2,8,6,0,0,1,2,0,135,1,10,4,0,0,270,1,2,1,2,3,0,19,46,0,8,0,18,9,7,2,2,0,3,3,0,19,0,9,28,3,0,3,5,3,17,17,35,20,0,7,0,88,0,1,13,1,0,55,3,0,0,2,1,22,4,786,2,1,1,8,2,1,2,4,12,5,0,3,0,1,17,4,2,1,0,0,28,5,658,0,1,1,21,3,15,0,2,0,0,7,28,461,5,6,1,17,1,19,1,1,3,3711,0,10,4,1,0,20,1,1,1,0,9,0,2,0,0,2,9,1,0,4,1,3,164,2,7,0,2,6,0,7,3,0,0,8,2,0,1,15,1,3,4,5,3,1,1,0,0,2,4,110,2
"62","12 May",90,0,1,3,9,5,1,17,1,8,0,6,1,18,2,3,0,0,9,2,5,0,2,8,6,0,0,1,2,0,141,1,10,4,0,0,280,1,2,1,2,4,0,20,48,0,9,0,18,9,7,2,2,0,3,3,0,20,0,10,28,5,0,3,5,3,17,17,37,20,0,7,0,91,0,1,14,1,0,57,3,0,0,3,1,24,4,824,2,1,1,11,2,1,2,4,12,5,0,3,0,1,19,4,2,1,0,0,31,5,686,0,1,1,22,3,15,0,2,0,0,8,30,475,5,6,1,18,1,19,1,1,3,3830,0,10,4,1,0,25,1,1,1,0,9,0,2,0,0,2,9,1,1,4,1,3,169,3,8,1,2,7,0,7,3,0,0,11,2,1,1,15,1,3,5,5,3,1,1,0,1,3,4,111,2
"63","13 May",96,0,1,3,11,5,1,18,1,8,0,6,1,18,3,3,0,0,10,2,10,0,2,11,7,0,0,1,2,0,146,1,10,4,0,0,286,2,2,1,2,4,1,20,49,0,9,0,18,9,7,2,2,0,3,3,0,23,0,10,28,5,0,3,6,3,17,18,38,20,0,7,0,99,0,1,14,1,0,59,3,0,0,3,1,24,4,856,2,1,1,11,2,1,2,4,12,5,0,3,0,1,19,4,3,1,0,0,35,5,693,0,1,1,23,3,15,0,2,1,0,8,30,483,5,6,1,18,1,19,1,1,3,3938,0,10,6,1,0,25,1,2,1,0,9,0,2,0,0,3,9,1,2,4,1,3,175,3,8,1,2,8,0,8,3,0,0,11,2,2,1,17,1,3,5,5,3,1,1,0,1,3,5,114,2
"64","14 May",103,0,1,4,13,6,1,18,1,9,0,6,1,18,3,4,0,0,10,2,10,0,2,11,7,0,0,2,2,0,169,1,11,4,0,0,291,2,2,1,2,4,1,21,57,1,9,0,18,9,8,2,2,0,3,3,0,26,0,11,28,5,0,3,6,3,19,18,39,21,0,7,0,102,0,1,14,1,0,62,3,0,0,3,1,25,5,914,2,1,1,11,2,1,2,4,12,6,0,3,0,1,19,4,4,1,0,0,40,6,709,0,1,1,23,3,15,0,2,1,0,8,31,496,5,6,1,19,1,19,1,1,3,4075,0,13,6,1,0,26,1,2,1,0,9,0,2,0,0,5,9,1,2,4,1,3,178,3,9,1,2,9,0,8,3,0,0,12,2,3,1,17,1,3,5,5,3,1,1,0,1,3,6,125,2
"65","15 May",105,0,1,4,17,6,1,19,1,9,0,6,2,18,3,5,0,0,11,2,11,0,2,11,7,0,0,2,2,0,182,1,11,4,0,0,303,2,2,1,2,4,1,22,59,1,10,0,18,9,8,2,2,0,3,3,0,29,0,13,28,5,0,3,6,4,21,19,42,23,0,8,0,106,0,1,14,1,0,66,3,0,0,3,1,26,5,950,2,1,1,12,2,1,2,4,13,6,0,3,1,1,21,4,5,1,0,0,46,6,745,0,2,1,23,3,17,0,2,1,0,8,31,527,5,6,1,19,1,19,2,1,3,4218,0,13,6,1,0,26,1,2,1,0,9,0,3,0,0,5,9,1,2,5,1,3,183,3,9,1,3,10,0,9,3,0,0,12,3,3,1,19,1,3,5,5,3,1,1,0,2,3,6,134,3
"66","16 May",117,0,1,4,23,7,1,19,1,9,0,6,2,20,3,6,0,0,11,2,11,1,3,11,7,0,0,2,2,0,199,1,11,4,0,0,346,2,3,1,2,4,1,24,66,1,10,0,18,9,10,2,4,0,5,4,0,35,0,14,28,5,0,3,6,4,22,20,42,23,0,8,0,118,0,1,14,1,0,70,4,0,0,3,1,28,5,1041,2,1,1,12,2,1,2,4,13,6,0,3,1,2,21,5,5,1,0,0,50,7,790,0,2,1,24,3,19,0,2,1,0,8,34,561,5,6,1,19,1,21,2,1,3,4566,0,15,6,1,0,26,1,2,1,0,9,0,3,0,0,5,10,1,2,5,1,3,194,3,9,1,3,11,0,11,3,0,0,15,3,3,1,19,1,4,5,5,3,1,1,0,2,3,6,156,3
"67","17 May",122,0,1,4,26,8,1,19,1,10,0,7,2,21,3,8,0,0,12,2,15,2,3,11,8,0,0,3,2,0,212,1,11,4,0,0,360,2,3,1,2,4,1,24,72,1,11,0,30,9,12,2,4,0,5,5,0,39,0,15,28,5,0,3,6,4,23,21,46,26,0,8,0,122,0,1,15,1,0,76,4,0,0,3,1,28,6,1115,2,1,1,15,2,1,2,4,14,6,0,3,1,2,22,5,5,1,0,0,52,8,824,0,2,1,27,3,21,0,2,1,0,10,37,581,5,6,1,21,2,23,2,2,3,4715,0,17,6,1,0,29,1,2,1,0,11,0,3,0,0,5,10,1,2,6,1,5,203,4,9,1,3,12,0,11,3,0,0,15,3,3,1,20,1,5,6,6,4,1,1,0,2,3,6,175,4
"68","18 May",128,1,1,5,26,12,1,19,2,11,0,7,2,22,4,9,0,0,12,2,16,2,3,11,9,0,0,3,2,0,228,1,11,4,0,0,368,2,4,1,2,4,1,24,80,1,13,0,30,10,13,2,4,0,5,6,0,41,0,15,28,5,0,3,6,4,24,22,51,27,0,8,0,131,0,1,15,1,0,79,4,0,0,3,1,29,6,1169,3,2,1,15,2,1,2,6,14,6,0,3,1,2,23,5,5,1,0,0,55,8,859,0,2,1,27,3,23,0,2,1,0,10,37,598,5,6,1,21,2,25,3,2,3,4883,1,18,6,2,0,29,1,2,1,0,11,0,3,0,0,9,11,1,3,8,1,5,208,4,9,1,3,14,0,11,4,0,0,15,4,3,1,23,1,5,6,6,4,1,1,0,2,3,7,180,5
"69","19 May",130,1,1,5,29,12,1,19,2,11,0,7,2,22,4,10,0,0,12,2,17,2,3,11,9,0,0,3,3,0,237,1,12,4,0,0,381,2,4,1,2,4,1,25,85,2,13,0,32,10,14,2,4,0,6,6,0,42,0,15,28,5,0,3,7,4,24,23,53,27,0,8,0,136,0,2,15,1,0,79,4,0,0,3,1,31,6,1216,3,2,1,15,3,1,2,6,14,6,0,3,1,2,23,5,5,2,0,0,56,10,897,0,2,1,27,3,26,0,2,2,0,11,37,622,5,6,1,21,2,26,3,2,3,5082,1,25,6,2,0,30,1,2,1,0,11,0,3,0,0,10,11,1,3,8,1,5,212,5,10,1,3,15,0,11,4,0,0,15,4,3,1,24,1,5,6,6,4,1,1,0,2,3,8,187,5
"70","20 May",138,1,1,7,39,14,1,19,2,11,0,8,3,25,4,14,0,0,13,2,17,2,3,11,9,0,0,3,3,0,251,1,13,4,0,0,397,6,4,1,2,4,1,26,97,2,14,0,34,10,16,2,4,2,7,6,0,46,0,16,28,6,0,3,7,5,27,25,62,35,0,9,0,138,2,2,16,2,0,84,4,0,1,4,1,33,7,1278,3,3,1,15,4,1,2,6,17,7,0,3,1,2,26,6,5,2,0,0,59,15,936,1,2,1,29,3,38,0,4,2,0,12,41,637,5,6,1,22,2,27,4,2,3,5273,1,31,6,2,0,30,1,2,1,0,11,0,3,0,0,11,13,1,3,8,1,5,220,5,14,1,3,15,0,11,4,0,0,15,4,3,1,25,4,7,6,6,4,1,1,0,4,3,8,192,5
"71","21 May",141,1,2,7,45,15,1,19,2,11,0,9,3,25,4,16,0,0,14,2,17,2,4,11,9,0,0,3,3,0,264,1,13,4,0,0,404,7,5,1,2,4,1,28,105,2,16,0,34,10,21,2,5,2,7,9,0,49,0,16,28,7,0,3,7,5,28,26,74,40,0,9,0,141,2,2,17,2,0,86,5,0,1,4,1,35,7,1312,3,3,1,17,5,1,2,6,17,7,0,3,1,2,26,6,5,2,0,0,60,15,963,1,2,1,33,3,40,0,4,3,1,12,42,657,6,6,1,24,2,31,4,2,3,5453,1,32,6,2,0,32,1,3,1,0,12,0,3,0,0,11,13,1,4,8,1,6,221,5,15,1,3,16,0,11,4,0,0,18,4,3,1,28,5,8,7,6,4,1,1,0,4,4,9,197,5
"72","22 May",148,1,2,7,46,16,2,21,2,12,0,9,3,27,4,16,0,0,15,2,17,2,5,11,12,0,0,3,3,1,280,1,13,4,0,0,425,8,6,2,3,4,1,31,112,2,16,0,34,12,21,2,5,2,7,9,0,52,0,17,28,7,0,3,7,5,29,28,79,42,0,9,0,148,2,2,17,2,0,88,5,0,1,6,1,35,8,1371,3,3,1,19,7,1,2,6,17,7,0,3,1,3,27,6,5,3,0,0,64,18,1006,1,2,1,38,3,45,0,4,3,1,12,42,693,6,6,2,26,2,32,6,2,3,5750,1,35,7,2,0,36,1,3,1,0,12,0,3,0,0,11,13,1,4,9,1,6,229,5,15,1,3,16,0,11,4,1,0,21,4,3,1,28,5,9,7,7,4,1,1,0,4,4,9,203,5
"73","23 May",149,1,2,8,52,16,3,21,2,12,0,9,3,27,4,18,0,0,15,2,17,2,5,11,12,0,0,3,3,1,280,1,13,4,0,0,425,8,7,2,3,4,1,31,118,2,16,0,34,12,21,2,5,2,7,9,0,53,0,17,28,7,0,3,7,5,30,29,80,43,0,9,0,150,2,2,17,2,0,89,5,0,1,7,1,35,8,1371,3,3,1,19,7,1,2,6,17,7,0,4,1,3,30,6,6,3,0,0,64,19,1006,1,2,1,40,3,47,1,6,3,1,12,42,693,6,6,2,26,2,32,6,2,3,5750,1,41,7,2,0,36,1,3,1,0,13,0,3,0,0,11,13,1,5,9,2,6,229,5,15,1,3,17,0,11,4,1,0,21,4,3,1,30,7,9,7,7,4,1,1,0,4,4,9,207,6
"74","24 May",152,1,2,9,53,16,3,23,2,13,0,9,3,27,4,21,0,0,15,2,18,2,5,12,12,0,0,3,4,2,284,1,14,4,0,0,432,8,7,2,3,4,1,32,125,2,17,0,36,12,21,2,5,2,7,9,0,56,0,17,28,7,0,3,7,5,30,29,80,44,0,9,1,154,2,2,17,2,0,94,6,0,2,7,1,35,8,1413,3,3,1,19,7,1,2,6,18,8,0,4,1,3,31,6,6,3,0,0,68,19,1032,1,2,1,42,3,47,1,7,3,1,13,45,715,6,8,2,27,2,33,7,2,3,5893,1,44,7,2,0,37,1,3,1,0,13,0,3,0,0,11,13,1,5,10,2,6,231,5,17,1,3,17,0,13,4,1,0,21,4,3,1,31,7,9,7,7,4,1,1,0,4,4,10,211,6
"75","25 May",155,1,2,9,61,16,3,24,2,13,0,9,3,28,4,22,0,0,16,2,18,2,5,13,13,0,0,3,4,2,292,1,14,4,0,0,432,8,7,2,3,4,1,33,128,2,18,0,36,12,23,2,5,2,7,9,0,59,0,20,28,7,0,3,7,5,30,29,84,45,0,9,1,155,2,2,17,2,0,97,6,0,2,8,1,36,9,1444,3,4,1,19,7,1,2,7,19,8,0,4,1,4,34,6,6,3,0,0,69,20,1046,1,2,1,42,3,50,1,7,3,2,13,47,727,6,8,2,27,2,33,8,2,4,5975,1,45,7,2,0,37,1,3,1,0,13,0,3,0,0,12,13,1,5,10,2,6,231,5,17,1,3,17,0,14,4,1,0,22,4,3,1,31,7,9,7,7,5,1,1,0,4,4,11,217,6
"76","26 May",158,1,2,10,64,16,3,24,2,15,0,10,3,28,4,24,0,0,16,3,19,2,5,13,14,0,0,3,4,2,300,1,15,4,0,0,436,8,7,2,3,4,1,33,134,2,18,0,36,12,23,2,5,2,7,9,0,63,0,20,28,7,0,3,7,7,32,31,85,46,0,9,1,155,2,2,17,2,0,97,6,0,2,9,1,39,9,1472,3,5,1,22,8,1,2,7,19,8,0,4,1,4,34,6,6,3,0,0,70,23,1069,1,2,1,42,3,53,1,7,3,2,14,49,745,6,9,2,27,2,34,9,2,4,6045,1,48,7,2,0,37,1,3,1,0,13,0,3,0,0,12,14,1,5,10,2,6,233,5,17,1,4,17,0,14,4,1,0,23,4,3,1,31,7,9,7,7,6,1,1,0,4,4,11,228,6
"77","27 May",159,1,2,10,66,17,3,24,2,16,1,10,3,30,4,25,0,0,16,3,19,2,5,13,14,0,0,3,4,3,309,1,17,4,0,0,437,8,7,2,3,4,1,37,144,2,18,0,36,12,24,2,5,2,8,9,0,64,0,24,28,7,0,3,7,7,34,31,86,46,0,9,1,159,2,2,17,2,0,100,6,0,2,10,1,40,9,1504,3,5,1,22,8,1,2,7,19,8,0,4,1,4,37,6,6,3,0,0,74,23,1082,1,2,1,42,3,57,1,7,3,2,14,50,761,6,9,2,29,2,34,10,2,4,6143,1,49,7,2,0,37,1,3,1,0,13,0,3,1,0,12,14,1,5,10,2,6,237,5,17,1,6,17,0,15,4,1,0,25,4,3,1,31,7,9,7,7,6,1,1,0,4,4,11,232,7
"78","28 May",166,1,2,11,69,20,3,25,2,16,1,10,4,31,5,25,0,0,16,3,19,2,5,13,14,0,0,4,4,3,315,1,18,4,0,0,438,8,7,2,3,4,1,41,150,2,18,0,36,12,25,2,7,2,9,9,0,64,0,24,28,7,0,4,7,8,34,32,89,47,0,9,1,161,2,2,20,2,0,102,6,1,2,10,1,41,9,1541,3,5,1,22,8,1,2,7,20,8,0,4,1,4,40,6,6,3,0,0,77,23,1107,1,3,1,42,3,63,1,7,3,2,14,50,779,6,9,2,29,2,37,10,3,4,6239,1,50,10,2,0,37,1,3,1,0,13,0,3,1,0,12,14,1,6,10,2,6,238,5,17,1,6,17,0,17,4,1,0,26,4,3,1,32,9,9,7,7,6,1,1,0,4,4,12,237,7
"79","29 May",180,1,2,12,70,20,4,25,2,19,1,11,4,32,6,28,0,0,16,3,21,2,5,15,15,0,0,4,4,3,346,1,18,4,0,0,451,8,9,3,3,5,1,45,159,2,18,0,37,12,27,2,8,2,11,10,0,70,0,24,28,7,0,4,7,8,35,32,97,49,0,9,1,170,2,2,20,2,0,105,6,1,2,13,1,43,9,1602,3,5,1,22,8,1,2,7,21,8,0,4,1,4,43,6,6,3,0,0,78,23,1140,1,3,1,44,3,69,1,7,3,2,14,52,809,6,10,2,31,2,37,12,3,4,6355,1,53,13,2,0,37,1,3,1,0,13,0,4,1,0,13,14,1,6,11,2,6,245,5,17,1,6,19,0,17,4,2,0,26,4,3,1,34,9,11,7,7,6,1,1,0,4,6,12,244,8
"80","30 May",181,1,2,13,78,20,4,26,3,20,1,12,4,34,8,31,0,0,17,3,22,2,5,15,15,1,0,4,4,3,363,1,18,4,0,0,461,8,9,3,4,5,1,48,165,2,18,0,38,12,29,2,8,2,11,10,0,71,0,24,28,7,0,5,9,10,35,34,98,50,0,9,1,177,2,2,20,2,0,113,6,1,2,15,1,43,10,1638,3,5,1,24,8,1,2,7,22,9,0,4,1,4,44,7,6,3,0,0,81,25,1163,1,3,1,44,3,76,1,7,3,2,14,53,823,6,11,2,31,2,37,13,4,4,6455,1,56,13,2,0,39,1,3,1,0,13,0,4,1,0,14,14,1,6,11,2,6,247,6,17,1,6,20,0,18,4,3,0,27,4,3,1,34,12,11,7,7,6,1,1,0,4,6,12,261,9
"81","31 May",189,1,2,13,81,22,5,27,3,21,1,12,7,35,8,32,0,0,17,3,22,2,5,16,15,1,0,4,4,3,372,1,18,4,0,0,465,9,9,3,4,5,1,49,169,2,19,0,39,12,29,2,10,2,11,10,0,71,0,24,28,7,0,5,9,10,39,34,101,53,0,9,1,179,2,2,20,2,0,119,6,1,3,16,1,45,10,1680,3,6,1,24,8,1,2,7,23,9,0,4,1,4,44,7,6,3,0,0,81,26,1174,1,3,2,44,3,76,1,7,3,2,14,56,840,6,14,2,31,2,37,13,4,4,6524,2,56,14,2,0,39,1,3,1,0,13,0,4,1,0,17,14,1,7,12,2,8,251,6,18,1,7,20,0,18,4,3,0,29,4,3,1,34,12,11,7,7,6,1,1,0,4,6,12,264,9
"82","01 Jun",191,1,2,13,88,23,5,28,4,21,1,12,8,36,8,34,0,0,18,3,23,2,5,16,15,1,0,5,4,4,375,1,20,4,0,0,470,9,10,3,4,5,1,52,184,2,21,0,40,12,29,2,10,2,11,10,0,74,0,24,28,7,0,5,9,10,40,34,103,53,0,9,1,181,2,2,21,2,0,121,7,1,3,16,1,46,10,1700,4,6,1,24,8,1,2,7,24,9,0,4,1,4,45,7,6,3,0,0,81,26,1202,1,3,2,44,3,81,1,7,3,2,14,56,866,6,14,2,31,2,38,14,4,4,6556,2,57,14,2,0,39,1,3,1,0,13,0,4,1,0,17,14,1,11,12,2,8,252,7,20,2,7,21,0,18,4,3,0,29,4,3,1,34,12,11,7,7,6,1,2,0,4,6,15,266,10
"83","02 Jun",194,1,2,13,96,23,5,28,5,22,1,12,8,39,8,35,0,0,19,3,24,2,5,16,15,1,0,6,4,4,382,1,21,4,0,0,484,9,10,3,4,5,1,55,188,2,22,0,40,12,31,2,10,2,11,10,0,75,0,24,28,8,0,5,9,12,42,35,104,53,0,9,1,184,2,2,21,2,0,128,7,1,3,17,1,46,13,1729,4,7,1,24,8,1,2,7,25,9,1,4,1,5,47,8,6,3,0,0,84,29,1217,1,3,2,45,3,83,1,7,3,3,14,58,884,6,16,2,32,4,38,15,4,4,6635,2,59,15,2,0,40,1,7,1,0,14,0,4,1,1,17,14,1,12,14,2,8,254,7,20,2,7,21,0,18,4,3,1,29,4,3,1,34,12,12,8,7,6,2,2,0,4,7,15,267,10
"84","03 Jun",198,1,2,15,96,23,5,29,5,22,1,12,8,39,8,36,0,0,19,3,24,2,5,17,15,1,0,7,4,4,389,1,21,4,0,0,488,9,10,3,4,5,1,56,198,2,23,0,40,12,34,2,10,2,11,10,0,76,0,25,28,8,0,5,9,13,43,35,109,55,0,9,1,187,2,2,22,2,0,133,8,1,3,17,1,47,13,1760,4,7,1,25,9,1,2,7,25,9,1,4,1,5,51,9,6,3,0,0,85,29,1251,1,3,2,48,3,88,1,7,3,3,14,58,899,7,16,2,34,4,38,15,4,4,6702,2,60,21,2,0,41,1,7,1,0,15,0,4,1,1,20,14,1,12,14,2,8,255,7,20,3,8,22,0,19,4,4,1,29,4,3,1,35,14,12,8,8,6,2,2,0,4,7,15,271,12
"85","04 Jun",203,1,3,15,97,24,5,30,5,22,1,14,8,41,9,40,0,0,24,3,24,2,5,17,16,1,0,8,4,4,405,1,24,4,0,0,492,9,10,3,4,5,1,61,204,2,24,0,40,12,36,2,11,3,12,10,0,80,0,25,28,8,0,5,9,18,43,36,111,56,0,9,1,192,2,2,22,2,0,135,8,1,3,17,1,47,13,1785,4,7,1,25,9,1,2,7,25,9,1,4,1,5,52,9,6,4,0,0,86,29,1266,1,3,2,51,3,88,1,7,3,3,15,59,913,7,16,2,35,4,38,15,4,4,6764,2,61,24,2,0,41,2,7,1,0,15,0,4,1,1,20,15,1,13,17,2,8,262,8,21,3,8,24,0,19,5,4,1,29,4,3,1,35,15,12,8,8,6,2,2,0,4,7,15,276,12
"86","05 Jun",205,1,3,15,101,25,5,31,5,22,1,15,8,41,9,41,0,0,26,3,24,2,6,17,16,1,0,8,5,5,407,1,24,4,0,0,494,9,10,3,5,5,1,63,210,2,24,0,40,14,36,2,11,3,14,11,0,81,0,27,28,8,0,5,9,19,46,36,114,58,0,9,1,193,2,2,22,2,0,139,8,1,3,19,1,47,13,1803,4,7,1,27,9,2,2,7,25,9,1,4,1,5,54,9,7,4,0,0,88,29,1278,1,3,2,52,3,91,1,7,3,3,16,59,928,7,16,2,35,4,38,15,4,4,6829,2,63,24,2,0,41,2,8,1,0,15,0,4,1,1,20,15,1,13,19,2,8,264,9,21,3,8,27,0,19,5,4,1,29,4,3,1,36,21,12,8,8,6,2,2,0,4,7,16,282,12
"87","06 Jun",206,1,3,15,104,25,7,31,5,22,1,16,10,42,11,43,0,0,29,3,24,2,7,17,17,1,0,9,5,5,411,1,24,4,0,0,499,9,10,3,5,5,1,66,220,2,26,0,42,14,38,2,11,3,15,11,0,82,0,27,28,8,0,5,9,19,47,36,117,59,0,9,1,195,2,2,22,2,0,141,9,1,3,25,1,50,13,1814,4,7,1,27,10,2,2,7,25,10,1,5,1,5,54,9,7,4,0,0,89,29,1291,1,3,3,54,3,100,1,7,3,4,16,59,941,7,17,2,36,4,38,17,4,4,6889,2,64,24,2,0,41,2,9,1,0,16,0,5,1,1,24,16,1,13,19,2,8,264,9,21,3,8,30,0,21,5,4,1,29,4,3,1,36,23,12,8,8,6,3,3,0,4,7,16,283,13
"88","07 Jun",209,2,3,16,108,25,7,32,5,22,1,17,10,42,12,43,0,0,30,3,25,2,7,17,18,1,0,9,5,5,428,1,24,4,0,0,502,9,10,3,5,6,1,67,226,2,29,0,42,14,39,4,11,4,15,11,0,84,1,28,28,8,0,5,9,19,48,36,118,60,0,9,1,197,2,2,22,2,0,141,9,1,3,27,1,50,14,1830,4,7,1,28,10,2,2,7,25,10,1,5,1,5,55,9,7,4,0,0,90,29,1300,1,3,5,55,3,102,1,7,3,4,16,59,951,7,18,3,41,4,38,17,4,4,6922,2,66,24,2,0,41,2,9,1,0,16,0,5,1,1,24,16,1,13,19,2,8,264,10,21,3,8,34,0,21,5,4,1,31,5,3,1,37,24,12,8,8,6,3,3,0,4,7,17,285,13
"89","08 Jun",211,2,3,16,110,25,7,32,5,22,1,18,10,44,12,43,0,0,31,3,25,2,7,18,18,1,0,9,5,5,432,1,24,4,0,0,511,9,10,3,5,6,1,67,228,2,30,0,42,14,39,4,11,4,15,11,0,84,1,29,28,8,0,5,9,19,48,37,119,60,0,9,1,197,2,2,22,2,0,142,9,1,3,31,1,50,14,1843,4,7,1,30,10,2,2,7,25,10,1,5,1,6,58,9,7,4,0,0,90,30,1314,1,3,5,58,3,104,1,7,3,4,16,59,956,8,18,3,43,4,38,17,4,4,6932,2,66,25,2,0,42,2,9,1,0,16,0,5,1,1,25,16,1,13,19,3,8,266,10,21,3,8,34,0,23,5,4,1,33,5,3,1,37,24,12,8,8,6,3,3,1,4,7,18,286,13
"90","09 Jun",213,2,3,16,112,25,7,32,5,22,1,18,10,45,12,45,0,0,31,3,27,2,13,18,18,1,0,9,5,5,433,1,28,5,0,0,512,9,10,3,6,6,1,68,233,2,31,0,42,14,39,5,11,4,15,11,0,84,1,32,28,8,0,5,9,19,50,37,122,64,0,9,1,197,2,2,22,2,0,145,9,1,3,31,1,51,14,1846,4,7,1,30,10,2,2,8,25,10,1,5,1,6,59,9,7,4,0,0,91,30,1321,1,3,5,59,3,107,1,7,3,5,17,59,962,8,18,3,43,4,38,17,4,4,6979,2,67,25,2,0,44,2,10,1,0,16,0,5,1,1,26,16,1,13,19,3,8,268,10,21,3,8,34,0,25,6,4,1,34,5,3,1,37,25,12,9,8,6,3,3,1,4,7,18,288,13
"91","10 Jun",216,2,3,16,115,26,7,32,5,22,1,19,10,46,12,46,0,0,31,3,29,2,13,18,18,1,0,11,6,5,436,1,28,5,0,0,516,11,10,3,6,6,1,69,241,2,34,0,42,14,40,5,11,4,16,14,0,90,1,33,28,8,0,5,9,19,51,37,123,64,0,9,1,197,2,3,22,2,0,147,9,1,3,33,1,51,15,1866,4,7,1,30,11,2,2,8,25,10,1,5,2,6,59,10,7,4,0,0,91,30,1326,2,3,6,61,3,108,1,8,3,5,17,59,970,8,19,3,46,4,39,17,4,4,7052,3,68,26,2,0,44,2,10,1,0,17,0,5,1,1,28,16,2,13,19,3,8,270,10,22,3,8,36,0,27,6,4,2,34,5,3,1,39,26,12,9,8,6,3,3,1,4,7,18,292,14
"92","11 Jun",218,2,4,18,122,26,7,33,6,22,1,19,10,47,12,46,0,0,33,3,31,2,14,19,18,1,0,11,8,5,439,1,29,7,0,0,518,13,10,3,6,6,1,70,262,2,35,0,42,14,40,5,11,4,17,14,0,90,1,34,28,8,0,5,9,20,51,37,128,67,0,9,1,202,2,3,22,2,0,151,9,1,3,37,1,51,16,1889,4,7,1,31,11,2,2,8,25,10,1,6,2,7,59,13,7,4,0,0,91,31,1343,2,3,6,63,3,112,1,8,3,5,19,60,992,8,19,3,46,4,39,20,4,4,7126,3,70,29,2,0,44,3,10,1,0,19,0,5,1,1,29,16,2,13,20,3,8,274,14,22,3,8,37,0,29,6,4,3,36,5,3,1,42,28,13,9,8,6,3,3,1,4,7,19,295,15
"93","12 Jun",221,2,4,19,122,26,7,33,6,23,1,20,11,47,12,47,0,0,33,3,35,2,14,19,18,1,1,11,8,5,441,1,33,7,0,0,519,13,10,3,6,6,1,75,266,2,37,0,43,14,40,5,11,4,18,15,0,90,1,34,28,8,0,5,10,21,54,37,132,68,0,9,1,208,2,3,22,2,0,152,10,1,3,38,1,51,16,1899,4,7,1,31,12,2,2,8,25,11,1,6,2,7,60,13,7,4,0,0,91,31,1351,2,3,6,65,3,114,1,8,3,5,20,61,1002,8,20,3,46,4,39,20,4,4,7165,3,70,29,2,0,44,4,10,1,0,20,0,5,1,1,32,16,2,13,21,3,8,275,17,22,3,8,38,0,30,7,4,3,38,5,3,1,44,29,13,9,8,6,3,3,1,4,7,19,297,15
"94","13 Jun",223,3,4,20,131,26,7,33,6,25,1,21,11,48,13,48,0,0,33,3,37,2,14,20,18,1,1,11,8,5,448,1,36,7,0,0,522,14,10,3,6,7,1,76,270,2,39,0,44,14,40,5,11,4,18,15,0,94,1,34,28,8,1,5,10,21,56,38,132,70,0,9,1,211,2,3,23,2,0,155,11,1,3,39,1,51,16,1911,5,8,1,32,12,2,2,8,25,12,1,6,2,7,60,15,7,4,0,0,91,33,1367,3,3,6,67,3,118,1,8,4,5,21,62,1027,8,21,3,48,4,39,20,5,5,7208,3,73,29,2,0,44,4,10,1,0,21,0,5,1,1,33,16,2,14,22,3,8,276,17,22,4,8,38,0,31,7,4,4,39,5,3,1,46,29,13,9,8,6,5,4,1,4,7,19,307,15
"95","14 Jun",223,3,4,21,138,26,7,33,6,28,1,21,12,51,14,49,0,0,35,3,38,2,14,20,19,1,1,11,8,5,452,1,36,7,0,0,524,14,10,5,6,7,1,78,286,2,41,0,44,14,40,6,11,4,18,15,0,95,2,35,28,8,1,5,10,22,58,38,135,71,0,9,1,214,2,3,23,2,0,157,11,1,3,41,1,51,16,1927,5,8,1,32,12,2,2,8,25,14,1,6,2,7,61,15,7,5,0,0,91,35,1381,3,3,6,68,3,121,2,11,4,5,21,62,1035,9,22,3,49,4,39,20,5,5,7253,3,73,29,2,0,45,4,10,1,0,23,0,5,1,1,33,16,2,14,24,3,8,278,18,23,4,8,38,0,31,8,4,4,39,6,3,1,47,29,13,9,8,6,5,4,1,4,7,19,311,15
"96","15 Jun",226,3,4,22,140,26,7,33,6,28,1,21,12,53,14,49,0,0,35,3,42,2,16,20,19,1,1,11,8,5,457,1,37,7,0,0,525,14,10,5,6,7,1,79,289,4,41,0,44,14,41,6,11,5,18,15,0,96,2,35,28,8,1,5,10,22,60,38,138,73,0,9,1,214,2,3,24,2,0,157,12,1,3,46,1,51,16,1938,5,8,1,33,13,2,2,8,25,14,1,6,2,7,61,15,7,5,0,0,92,35,1390,3,3,7,69,3,124,2,11,4,5,21,63,1044,9,22,3,53,4,39,20,5,6,7297,3,73,29,2,0,46,4,10,1,0,23,0,5,1,1,33,16,2,14,24,4,8,278,19,25,4,8,38,0,31,8,4,4,39,6,3,1,48,29,16,9,8,6,5,5,1,4,7,19,313,15
"97","16 Jun",228,3,4,23,140,27,7,33,6,28,1,21,12,54,14,49,0,0,37,3,44,2,16,21,19,1,1,12,8,5,464,1,41,7,0,1,527,14,10,7,6,7,1,83,298,4,44,0,44,15,42,6,11,5,18,15,0,97,2,35,28,8,1,5,10,22,62,38,139,73,0,10,1,215,2,3,24,2,0,158,13,1,3,47,1,51,16,1955,6,9,1,34,14,2,2,8,27,14,1,6,2,7,62,15,7,5,0,0,94,35,1403,3,3,8,69,3,130,2,11,4,5,22,66,1054,9,22,3,54,4,40,20,5,6,7320,3,73,29,2,1,46,5,10,1,0,24,0,5,1,1,35,16,2,14,25,4,8,279,19,25,4,8,38,0,31,8,4,4,40,6,3,1,51,29,16,9,8,7,5,5,1,4,7,19,315,16
"98","17 Jun",228,4,4,24,140,27,7,33,6,29,1,21,12,54,14,51,0,0,38,3,45,2,16,21,21,1,1,12,8,7,467,1,44,7,0,1,531,14,11,7,6,7,1,84,309,4,44,0,44,17,42,6,11,5,20,15,0,97,2,35,28,8,1,5,10,22,64,38,141,74,0,10,1,215,2,3,24,2,0,159,13,1,3,49,1,52,16,1964,6,9,1,34,16,2,2,8,27,15,1,6,2,8,62,15,7,5,0,0,95,35,1409,3,3,8,76,3,132,2,11,4,5,23,71,1061,9,22,4,57,4,41,20,5,6,7373,3,73,30,2,1,46,5,10,1,0,27,0,5,2,1,35,16,2,14,25,4,8,282,19,27,4,8,39,0,31,8,4,4,40,6,3,1,52,31,16,10,8,7,5,5,1,4,7,19,317,17
"99","18 Jun",228,4,4,24,140,27,7,33,7,29,1,21,12,54,14,52,0,1,40,3,46,2,16,21,22,1,1,13,8,7,470,1,44,7,0,1,536,15,13,7,6,8,1,85,318,4,46,1,45,17,43,7,11,5,20,15,0,98,2,35,28,8,1,5,10,22,66,38,142,75,0,10,2,216,2,3,24,2,1,162,13,1,3,49,1,53,16,1972,6,9,1,34,16,2,3,8,27,16,1,6,2,8,64,15,7,6,0,0,97,35,1420,3,3,8,78,3,133,2,11,4,5,24,71,1072,9,22,4,60,4,42,20,5,6,7414,3,73,32,2,1,46,5,10,1,0,28,0,5,2,1,36,17,2,17,26,4,9,288,19,27,4,8,39,0,31,8,5,4,40,6,3,1,53,31,16,11,8,7,5,5,1,4,7,19,317,18
"100","19 Jun",231,5,4,24,140,27,7,34,7,30,1,21,12,55,14,52,0,1,40,3,46,2,17,21,23,1,2,14,10,7,473,1,44,7,0,1,542,16,14,7,6,8,1,86,326,4,46,2,45,17,44,7,11,5,20,15,0,99,2,38,28,8,1,5,10,22,66,39,142,75,0,10,2,220,2,3,24,2,1,164,14,1,3,51,1,53,17,1982,6,9,1,34,16,2,5,8,27,16,1,6,2,9,66,15,7,7,0,0,98,35,1428,3,3,8,81,3,135,2,13,4,5,24,72,1079,9,22,4,64,4,42,20,5,6,7428,4,73,32,2,1,46,5,11,1,0,29,0,5,2,1,36,17,2,17,26,4,10,288,19,27,4,8,39,1,32,8,5,4,41,6,3,1,53,31,16,11,8,7,5,5,1,4,7,19,319,18
"101","20 Jun",232,6,4,25,142,27,7,35,7,30,1,21,12,55,14,52,0,1,40,3,50,2,17,21,23,1,2,15,10,7,474,1,46,10,0,1,543,16,14,7,6,8,1,86,345,4,46,2,45,20,44,7,11,5,21,15,2,99,3,38,28,8,2,5,10,23,66,39,143,76,0,11,2,223,2,3,24,2,1,164,17,1,3,52,1,53,17,2006,6,9,1,34,16,2,5,9,28,16,1,6,2,9,66,15,7,7,0,0,99,35,1439,3,3,8,82,3,137,2,14,4,5,24,74,1087,9,22,4,64,4,42,20,5,6,7448,4,73,32,2,1,46,5,11,1,0,29,0,5,2,1,36,17,2,20,26,4,10,289,20,28,4,8,40,1,32,8,5,4,42,6,3,1,54,34,16,11,8,7,5,5,1,4,7,19,321,19
"102","21 Jun",233,8,4,26,142,27,7,35,7,30,1,21,12,55,14,52,0,2,40,3,51,2,18,21,23,1,2,15,12,8,476,1,46,10,0,1,544,16,14,7,6,8,1,87,353,4,47,2,45,20,44,7,11,5,21,15,2,99,3,38,28,9,2,6,11,23,68,39,143,79,0,11,2,227,2,3,25,2,1,166,17,1,3,53,1,54,17,2015,7,9,1,34,16,2,5,9,28,16,1,6,2,11,68,15,7,7,0,0,100,36,1445,3,3,8,83,3,138,2,14,4,5,24,74,1092,9,22,4,64,4,42,20,5,6,7486,4,73,32,2,1,46,5,12,1,0,30,0,5,2,1,36,17,2,20,26,4,10,291,20,29,4,8,40,1,33,8,5,4,43,6,3,1,54,36,17,11,8,7,5,5,1,4,7,19,324,19
"103","22 Jun",238,8,4,27,143,27,7,35,7,30,1,21,12,55,15,53,0,2,40,3,51,2,18,21,24,1,2,15,12,8,481,1,46,10,1,1,548,17,14,9,7,8,1,92,368,4,48,2,45,21,44,7,11,5,21,15,2,100,3,39,28,9,2,6,11,23,69,39,143,80,0,11,2,228,2,3,25,2,1,167,17,1,3,54,1,54,17,2022,7,9,1,34,16,2,5,9,28,16,1,6,2,11,70,15,7,7,0,0,100,37,1453,3,3,8,85,3,138,2,14,4,5,24,75,1098,9,22,4,72,4,43,20,6,7,7519,4,73,33,2,1,46,5,12,1,0,30,0,5,2,1,36,17,2,20,26,4,10,291,20,30,5,8,40,1,33,8,5,4,43,6,3,1,54,37,17,11,8,7,5,5,1,4,7,20,325,19
"104","23 Jun",238,8,4,28,145,28,7,35,7,30,1,22,14,55,15,53,0,2,41,3,56,2,19,21,25,1,2,15,12,9,481,1,49,10,1,1,549,17,14,9,7,8,1,94,384,10,51,2,45,21,44,7,11,5,22,15,2,100,3,39,29,11,2,6,11,25,69,40,143,80,0,11,2,229,2,3,25,2,1,168,19,1,4,55,1,55,17,2032,7,9,1,34,18,2,5,10,29,16,1,6,2,11,70,15,7,7,0,0,100,37,1460,4,4,9,87,3,141,2,15,4,5,24,77,1107,9,22,4,74,4,44,20,6,7,7528,4,73,34,2,1,46,5,12,1,0,31,0,5,2,1,36,17,2,21,26,4,10,291,20,31,5,8,41,1,34,8,6,4,45,7,3,1,55,38,17,11,8,7,5,5,1,4,7,20,325,19
"105","24 Jun",240,9,4,30,149,28,7,35,8,32,1,22,15,55,15,54,0,2,41,3,60,4,19,22,25,1,2,15,13,9,482,1,56,10,1,1,552,17,14,9,7,8,1,95,402,10,51,2,45,21,44,7,11,5,22,15,2,100,3,39,29,11,2,6,11,25,70,40,146,84,0,11,2,231,2,4,25,2,1,168,19,1,4,58,1,55,17,2044,8,9,1,35,19,2,5,10,29,17,1,7,2,11,71,15,7,7,0,0,100,38,1477,4,4,9,87,3,141,2,15,4,5,24,79,1117,9,22,4,78,4,44,21,6,7,7593,4,73,35,2,1,46,5,12,1,0,33,0,5,2,1,37,17,2,21,27,4,10,291,20,31,5,9,41,1,34,8,6,4,47,7,3,1,57,38,17,13,8,7,5,5,1,4,7,21,325,19
"106","25 Jun",242,9,4,32,149,28,8,35,8,33,1,22,16,55,17,54,0,2,41,3,61,4,19,22,27,1,2,15,13,9,485,1,56,10,1,1,556,17,14,9,7,8,1,95,411,10,51,2,45,21,44,7,11,5,22,15,2,100,3,39,29,11,2,6,11,25,71,41,146,84,0,11,2,233,2,4,26,2,1,168,19,1,4,60,1,55,17,2055,8,9,1,36,19,2,6,10,29,17,2,7,2,12,72,15,7,7,0,0,100,38,1482,4,4,9,89,3,142,2,15,4,5,24,79,1127,9,25,4,81,4,45,21,6,7,7624,4,73,35,2,1,46,5,12,1,0,33,0,5,2,1,37,18,2,23,27,4,11,292,20,31,5,9,41,1,34,8,6,4,49,7,3,1,58,38,17,13,8,7,5,5,1,4,7,22,330,19
"107","26 Jun",243,10,4,32,155,28,8,37,8,33,1,22,17,57,19,54,0,2,42,4,61,4,19,22,28,1,2,18,14,9,486,1,57,10,1,1,559,17,14,10,7,8,1,99,430,10,54,2,45,21,44,7,12,5,22,15,2,102,3,39,29,11,2,6,11,25,73,41,147,87,0,11,2,233,2,4,26,2,1,168,20,1,4,61,1,55,17,2066,8,9,1,37,19,2,6,10,29,17,2,7,2,13,74,15,7,7,0,0,101,38,1491,4,4,9,94,3,143,2,15,4,5,24,81,1138,10,25,5,86,4,45,22,6,7,7671,4,73,35,2,1,46,5,12,1,0,40,0,7,2,1,37,19,2,24,27,4,11,292,21,33,5,10,42,1,34,9,6,4,49,7,3,1,58,39,17,14,8,7,5,5,1,4,7,22,336,21
"108","27 Jun",249,10,4,34,160,28,8,38,9,34,1,22,17,58,20,54,0,2,42,5,71,4,19,22,28,1,2,19,14,9,493,1,63,11,1,1,563,18,14,10,7,8,1,101,456,10,58,4,45,21,44,8,12,5,22,15,2,106,3,40,29,11,3,7,11,25,79,42,151,87,0,14,2,234,2,4,27,2,1,172,20,1,4,63,1,58,17,2083,9,9,1,37,22,2,6,11,30,17,3,8,2,14,75,15,7,9,0,0,103,39,1508,4,4,9,99,3,148,2,15,4,5,25,84,1150,10,26,5,89,4,46,22,6,7,7707,4,74,35,2,1,47,5,12,1,0,41,1,7,2,1,39,22,3,24,27,5,11,294,22,35,5,10,43,1,35,9,6,5,51,7,3,1,58,39,17,15,8,7,5,6,1,4,7,22,339,21
"109","28 Jun",250,10,4,34,167,28,8,38,9,34,1,22,18,58,20,55,0,2,44,5,71,6,19,22,28,1,2,22,14,9,495,1,64,12,1,1,565,18,14,10,8,8,1,103,467,11,58,4,45,21,45,8,12,5,22,15,2,107,3,40,29,11,3,7,11,25,79,42,152,89,0,14,2,237,2,5,27,2,1,175,21,1,4,63,1,58,17,2087,10,9,1,37,22,2,6,11,30,17,3,8,2,17,78,16,7,9,0,0,104,39,1517,4,4,9,101,3,151,2,16,4,5,25,84,1157,10,27,5,94,4,47,22,6,8,7738,6,75,35,2,1,47,6,12,1,0,44,1,7,2,1,39,22,3,24,27,5,11,296,22,35,5,10,43,1,35,10,6,5,52,8,3,1,60,41,17,15,8,7,5,6,1,4,7,22,340,21
"110","29 Jun",250,10,4,35,168,28,8,38,9,34,1,23,19,58,20,55,0,2,44,5,72,6,20,24,28,1,2,22,14,9,496,2,68,12,1,1,566,20,14,10,8,8,1,103,474,11,60,4,45,21,45,8,12,5,22,15,2,108,3,40,29,11,3,7,12,25,80,44,155,89,0,14,2,238,2,5,28,2,1,175,21,1,4,64,1,58,17,2092,10,9,1,38,22,2,7,11,30,17,3,8,2,18,78,16,7,9,0,0,104,39,1520,4,4,9,102,3,152,2,17,4,5,25,88,1160,10,27,5,97,4,47,22,6,8,7751,7,75,35,2,1,47,6,12,1,0,45,1,7,2,1,39,23,3,26,27,5,11,297,22,35,6,10,43,1,36,10,6,5,53,8,3,1,61,41,17,15,8,7,5,6,1,4,7,22,342,21
"111","30 Jun",250,10,4,35,169,29,10,39,10,34,1,23,22,58,20,55,0,2,46,6,72,7,20,24,30,1,2,22,14,10,499,2,69,12,1,1,566,20,14,11,8,8,1,104,485,11,61,4,45,21,45,8,12,5,22,15,2,108,3,40,29,11,3,7,13,26,80,44,156,91,0,14,2,238,2,5,29,2,1,175,21,1,4,64,1,58,17,2104,10,9,1,38,22,2,8,11,31,17,3,9,2,19,82,17,7,9,0,0,104,39,1524,4,4,11,102,3,152,2,19,4,5,26,92,1165,10,27,5,97,4,48,22,7,8,7794,8,75,35,2,1,50,6,12,2,0,45,1,7,2,1,43,25,3,26,27,6,11,299,22,38,6,10,43,1,37,10,6,5,53,8,3,2,62,41,18,15,8,7,5,6,1,4,7,22,342,21
"112","01 Jul",251,10,4,37,169,31,10,39,10,35,1,25,22,58,20,55,0,2,46,6,74,7,20,24,30,1,2,22,14,10,500,2,78,12,1,1,567,20,15,12,8,8,1,104,501,11,62,4,45,21,45,8,12,5,22,16,2,109,3,40,29,11,3,7,13,26,82,46,158,91,1,14,2,240,2,5,32,2,1,177,21,1,4,64,1,58,18,2110,10,9,1,39,22,2,9,11,31,17,3,9,2,20,83,17,7,10,0,0,105,39,1532,4,4,11,105,3,153,2,19,4,5,26,92,1167,10,27,5,101,4,49,22,7,8,7824,10,75,35,2,1,51,6,12,2,0,46,1,8,2,1,44,25,3,27,28,6,11,301,22,39,6,10,43,1,39,10,6,5,53,8,3,2,62,45,18,15,8,8,5,6,1,4,7,22,344,22
"113","02 Jul",251,10,4,39,171,31,10,39,10,38,1,25,23,59,20,56,0,2,47,6,75,7,20,24,31,1,2,22,14,11,506,2,81,12,1,1,568,20,15,12,8,8,1,105,505,11,62,4,47,21,45,8,12,5,24,16,2,110,3,41,29,11,3,7,14,26,82,46,158,91,1,14,2,241,2,5,33,2,1,181,22,1,4,64,1,59,18,2118,10,9,1,39,22,2,9,12,31,17,3,9,2,21,84,17,7,10,0,1,105,39,1546,5,4,11,110,3,154,2,19,4,5,27,92,1169,10,27,5,103,4,49,22,9,8,7859,11,76,36,2,1,53,6,12,2,0,48,2,8,2,1,45,26,3,28,29,6,11,302,22,43,6,10,44,1,40,13,6,5,53,8,3,2,63,45,18,16,8,8,5,6,1,4,7,22,344,22
"114","03 Jul",252,10,4,42,175,31,10,39,10,39,1,25,23,59,21,56,0,2,49,6,77,7,21,25,33,1,2,23,14,11,508,2,84,12,1,1,574,20,15,13,8,8,1,105,521,11,63,4,47,21,45,8,12,5,24,16,2,111,3,42,29,11,3,7,14,28,82,46,163,91,1,14,2,243,2,5,34,2,1,182,23,1,4,66,1,59,18,2123,10,9,1,39,22,2,9,12,32,17,3,9,2,21,85,17,8,10,0,1,105,39,1551,5,4,11,112,3,154,2,21,4,5,28,94,1171,10,27,5,108,4,49,23,9,8,7878,12,77,37,2,1,53,6,12,2,0,49,2,8,3,1,45,29,3,29,29,6,11,303,22,43,6,11,45,1,40,13,6,5,53,8,3,2,65,48,18,16,8,8,5,6,1,4,7,22,345,22
"115","04 Jul",258,10,4,43,179,31,10,40,11,39,1,25,26,60,22,58,0,2,52,6,79,7,26,25,33,1,2,23,14,11,514,2,85,12,1,1,576,20,15,13,8,8,1,106,531,11,66,5,48,21,45,8,12,5,25,16,2,112,3,43,29,11,4,7,14,28,82,47,163,94,1,14,2,245,2,5,35,2,1,183,23,1,4,67,1,59,18,2141,10,9,1,40,22,2,10,12,32,18,3,9,2,22,87,17,8,10,2,1,105,40,1560,5,4,11,117,3,154,2,22,4,5,29,96,1175,10,28,5,110,4,51,23,9,8,7916,13,78,38,2,1,59,6,12,2,0,51,2,8,3,1,49,31,3,31,29,6,11,305,22,45,7,11,45,1,41,13,6,6,53,10,3,2,65,54,18,18,8,8,5,6,1,4,8,22,345,23
"116","05 Jul",259,10,4,44,179,31,10,40,11,40,1,25,26,60,22,58,0,2,53,6,79,7,26,27,33,1,2,23,14,12,516,2,85,13,1,1,576,20,15,13,8,8,1,106,535,11,66,5,48,21,45,8,12,5,25,16,2,112,3,43,29,11,4,7,14,28,84,47,163,94,2,14,2,245,2,5,36,2,1,183,23,1,4,68,1,60,18,2149,11,9,1,40,22,2,10,12,32,18,3,9,2,24,88,17,8,10,2,1,105,40,1564,5,4,11,119,3,154,2,22,4,5,31,96,1178,10,28,5,112,4,51,23,9,8,7936,14,78,38,2,1,59,7,12,2,0,54,2,8,3,1,49,32,3,32,29,6,11,306,22,47,7,11,46,1,41,13,6,6,53,11,3,2,65,55,18,18,9,8,5,6,1,4,8,22,348,23
"117","06 Jul",260,10,4,45,180,31,12,42,11,41,1,25,26,61,23,58,0,2,53,6,80,7,26,27,33,1,2,23,14,12,517,2,85,13,1,1,577,20,15,13,8,8,1,108,545,11,71,5,48,21,45,8,12,5,25,16,2,112,3,45,29,11,4,7,14,28,85,47,163,96,2,14,2,245,2,5,37,2,1,183,24,1,4,68,1,60,18,2155,11,9,1,40,22,2,10,12,32,18,3,9,2,25,88,19,9,10,2,1,105,41,1571,5,4,11,120,3,154,2,23,4,5,31,97,1183,10,28,5,113,4,51,23,9,8,7942,14,78,38,2,1,59,7,13,2,2,54,2,8,3,1,50,32,3,32,29,6,11,306,22,47,7,12,46,1,41,13,6,7,53,11,3,2,65,59,18,18,9,8,6,6,1,4,8,22,348,23
"118","07 Jul",265,10,4,47,182,31,12,42,12,41,1,25,27,61,23,58,0,2,54,6,83,8,27,27,33,1,2,27,14,12,520,2,85,13,1,1,582,20,15,13,8,8,1,109,554,11,73,5,49,21,45,8,13,6,26,16,2,113,3,45,29,11,4,7,14,28,89,47,164,98,2,14,2,245,2,5,38,3,1,185,24,1,4,68,1,60,18,2162,11,9,1,40,23,3,11,13,32,18,3,9,2,26,88,19,9,10,2,1,105,43,1579,5,4,11,124,3,155,2,23,5,5,31,97,1188,10,28,5,114,4,51,23,10,8,7958,14,78,38,2,1,60,7,13,2,2,58,2,8,3,1,52,33,3,32,29,7,11,306,22,49,7,12,46,1,41,14,6,7,54,12,3,2,65,61,18,21,10,9,6,6,1,4,8,23,350,23
"119","08 Jul",268,10,4,47,184,32,12,42,12,41,1,25,28,61,23,58,0,2,56,6,85,9,28,29,34,1,2,28,14,13,526,2,86,13,1,1,584,20,15,13,8,8,1,109,575,11,73,5,50,21,45,8,13,6,28,16,2,116,3,47,29,11,4,7,14,29,89,47,166,100,2,14,3,246,2,6,39,3,1,189,26,1,4,68,1,62,18,2168,12,9,1,40,23,3,11,13,32,18,3,9,2,27,91,20,9,10,2,1,105,44,1591,5,4,11,124,3,157,2,26,5,5,32,98,1196,10,28,5,127,4,52,23,10,8,7986,14,78,38,2,1,61,7,13,2,2,61,2,8,3,1,54,34,3,32,29,9,11,307,22,50,7,12,46,1,43,14,6,9,54,12,3,2,66,61,18,22,10,9,6,6,1,4,8,23,352,23
"120","09 Jul",268,10,4,47,188,32,13,43,12,41,2,26,28,61,25,58,0,2,57,7,85,9,28,30,34,1,2,28,14,14,530,2,87,13,1,1,584,20,15,14,8,8,1,111,584,11,73,5,50,21,45,8,13,6,29,16,2,116,3,47,29,11,4,7,14,31,89,47,168,101,2,14,3,247,2,6,39,3,1,190,26,1,4,70,2,62,18,2175,12,9,1,40,23,3,11,13,32,18,3,9,2,28,92,20,9,10,2,1,106,44,1595,5,4,11,126,3,158,2,26,5,5,32,101,1201,10,29,5,132,4,53,24,10,8,8011,14,78,38,2,1,61,7,14,3,2,62,3,8,3,1,54,35,3,32,29,9,11,307,22,50,7,14,47,1,44,14,6,9,56,13,3,2,68,61,18,22,10,9,6,6,1,4,8,23,354,23
"121","10 Jul",268,10,4,49,188,33,13,45,12,42,2,26,28,62,25,59,0,2,64,7,85,9,30,30,35,1,2,29,14,14,531,2,90,13,1,1,587,22,15,14,8,8,1,111,588,11,75,5,50,21,45,8,14,6,31,16,2,116,3,48,29,11,4,7,14,31,90,47,170,101,3,14,3,250,2,6,41,3,1,193,26,1,4,72,3,63,18,2182,12,9,1,41,23,3,12,14,32,19,3,9,3,30,94,20,9,10,3,2,107,44,1604,5,4,13,129,3,161,2,26,6,5,32,101,1206,11,32,5,136,4,58,24,10,8,8039,14,78,39,2,1,61,8,15,3,6,63,3,8,3,1,57,36,3,33,29,9,12,308,22,54,7,14,48,1,44,15,6,9,56,13,3,2,68,63,18,22,10,9,6,6,1,4,8,24,356,23
"122","11 Jul",268,10,4,50,188,33,14,47,12,42,2,26,28,63,26,59,1,2,65,7,86,9,30,31,36,1,2,29,14,14,534,3,90,13,1,1,591,22,15,14,8,8,1,111,599,11,75,5,50,21,45,8,14,6,31,16,2,116,3,50,29,11,4,7,14,31,93,47,170,102,3,14,3,250,2,6,41,3,1,193,29,1,4,72,3,63,19,2191,12,9,1,42,24,3,13,14,32,19,3,9,3,32,97,20,10,10,3,2,107,44,1612,5,5,14,132,3,161,2,26,6,5,33,104,1209,11,32,5,138,4,59,24,10,8,8055,14,78,39,2,1,61,8,16,3,6,65,3,8,4,1,58,38,3,33,29,9,12,308,23,56,7,14,48,1,46,15,6,9,60,13,3,2,69,64,20,23,11,9,6,6,1,4,8,24,361,23
"123","12 Jul",269,10,4,50,188,33,14,48,12,42,2,26,28,64,27,59,1,2,66,7,90,9,31,31,36,1,2,29,14,14,534,3,91,14,1,1,592,22,15,15,8,8,1,112,609,11,77,5,50,22,45,8,14,6,31,16,2,116,3,50,29,11,4,7,14,31,95,47,174,102,3,14,3,251,2,6,41,3,1,193,30,1,4,73,3,63,19,2195,12,9,1,42,24,4,13,14,32,19,3,9,4,32,98,21,10,10,3,2,107,44,1620,5,5,15,133,3,162,2,27,6,5,34,107,1213,11,34,6,139,5,61,24,10,8,8078,15,80,39,2,1,61,8,16,3,6,69,3,8,4,1,58,39,3,33,29,10,12,309,23,57,7,15,48,1,47,15,6,9,60,13,3,2,72,64,20,23,11,9,6,6,1,4,8,24,362,23
"124","13 Jul",269,11,4,50,188,33,14,50,12,42,2,27,30,64,27,60,1,2,66,7,90,11,32,32,36,1,2,30,14,14,537,3,91,14,1,1,593,23,15,16,8,8,1,113,612,11,80,5,50,22,45,8,14,6,32,16,2,116,4,50,29,11,4,7,14,31,95,47,175,106,3,14,3,253,2,6,41,3,1,194,30,1,4,73,3,64,19,2218,12,10,1,43,24,4,13,14,32,19,4,9,4,33,98,21,10,10,3,2,107,45,1621,5,5,15,138,3,162,2,27,6,5,34,108,1223,11,34,6,143,5,61,24,10,8,8098,15,80,39,2,1,62,8,16,3,6,71,3,8,4,1,59,39,3,33,29,10,12,310,23,58,7,15,48,1,48,16,6,9,60,13,3,2,72,65,20,24,11,9,6,6,1,4,8,24,363,23
"125","14 Jul",269,11,4,51,189,35,14,51,12,42,2,27,31,66,27,60,1,2,66,7,93,11,32,32,39,1,2,30,14,15,537,3,91,14,1,1,596,23,15,16,8,8,1,115,626,11,80,5,50,23,45,8,14,8,32,16,2,118,4,50,29,11,4,7,14,32,97,47,175,106,3,14,3,255,2,7,41,3,1,194,30,1,4,73,4,64,19,2220,12,10,1,43,24,4,13,15,32,19,4,10,6,33,99,21,10,10,3,2,107,45,1624,6,5,15,142,3,163,2,28,6,6,34,108,1225,11,35,6,146,6,61,24,11,8,8121,15,83,39,3,1,62,8,16,3,6,76,3,8,4,2,59,39,3,33,29,10,12,310,23,61,7,15,49,1,50,17,6,10,60,13,3,2,72,66,20,24,11,9,6,6,1,4,8,25,364,24
"126","15 Jul",273,11,4,53,190,35,14,53,13,43,2,27,33,69,27,60,1,2,66,7,94,11,33,34,39,1,2,31,14,15,537,3,93,14,1,1,596,24,15,16,8,8,1,116,635,11,83,7,50,23,45,8,14,8,36,16,2,120,4,52,29,11,6,7,14,32,97,48,178,109,3,14,3,258,2,7,41,3,1,197,32,1,4,73,4,65,19,2238,12,10,1,45,26,4,13,16,33,19,4,10,7,35,102,21,10,10,3,2,108,45,1627,8,5,15,147,3,163,2,28,6,6,34,110,1231,12,36,6,156,6,62,24,11,8,8138,15,83,39,3,1,62,8,16,3,7,77,3,8,4,2,59,43,3,33,29,10,12,312,23,63,7,16,49,1,51,17,6,10,60,16,3,2,72,66,20,26,11,9,6,6,1,4,8,25,365,24
"127","16 Jul",275,11,4,55,190,36,14,53,13,43,2,27,33,71,28,60,2,2,68,7,95,11,35,36,40,1,2,33,14,16,540,3,93,14,1,1,598,24,15,16,8,8,1,117,655,11,84,7,50,23,45,8,14,8,36,16,2,121,4,53,29,12,6,7,14,32,98,48,182,111,3,14,3,263,2,7,41,3,1,201,33,1,4,75,5,65,19,2246,12,10,1,45,26,4,14,17,33,19,4,10,9,35,102,21,10,10,3,3,110,46,1627,8,5,15,149,3,163,2,30,7,6,34,111,1244,12,39,6,163,6,63,25,11,8,8169,15,83,39,3,1,62,8,16,3,7,80,3,8,4,2,59,43,3,33,29,10,13,317,24,63,7,16,49,1,52,17,6,10,60,16,3,2,73,68,22,27,11,9,6,6,1,4,10,25,368,24
"128","17 Jul",275,11,4,58,190,37,16,54,14,45,2,27,33,71,29,60,2,2,71,7,97,12,35,36,40,2,2,34,14,16,546,3,94,14,1,1,598,24,15,17,8,8,1,117,667,11,84,7,50,23,45,8,14,9,36,16,2,122,5,54,29,12,6,7,14,32,101,48,186,115,3,14,3,265,2,7,41,3,1,203,33,1,4,75,5,65,19,2254,12,10,2,45,27,4,14,17,33,19,5,10,9,35,103,22,10,10,3,3,110,46,1629,8,5,15,152,3,166,2,30,7,6,34,112,1247,12,39,6,169,7,64,25,11,8,8195,15,83,39,3,1,63,8,16,3,7,81,3,8,4,3,61,43,3,33,29,10,13,320,25,63,8,16,50,1,52,17,6,10,61,16,3,2,73,68,22,27,11,9,6,6,1,4,10,25,369,24
"129","18 Jul",275,11,4,58,190,37,16,54,14,46,2,27,41,72,29,60,2,2,73,7,101,12,36,37,41,2,2,35,14,16,546,3,94,14,1,1,599,24,15,17,8,8,1,118,670,11,88,7,50,24,45,8,14,9,36,16,2,123,5,55,29,13,6,7,14,32,102,48,187,118,3,14,3,266,2,7,41,3,1,203,34,1,4,75,5,65,19,2266,12,10,2,45,27,5,14,17,34,19,6,10,10,36,103,22,10,10,3,4,110,46,1634,8,5,16,154,3,167,2,32,7,6,36,114,1256,12,41,7,170,7,65,25,11,8,8218,15,84,39,3,1,64,8,16,3,7,82,3,8,4,5,62,43,3,33,30,10,13,321,25,66,9,16,50,1,52,17,6,10,62,17,3,2,73,68,22,27,11,9,6,6,1,4,10,25,370,24
"130","19 Jul",275,12,4,60,190,37,16,54,14,46,2,27,42,73,29,60,2,2,73,7,102,12,38,37,43,2,2,36,14,16,546,3,95,14,1,1,601,24,15,17,8,8,1,119,675,11,89,7,50,24,45,8,15,9,38,16,2,123,5,56,29,13,7,8,14,32,103,48,187,120,3,14,3,267,2,7,42,3,1,204,34,1,4,75,5,66,19,2273,12,11,2,45,27,5,14,17,34,19,6,10,10,37,103,22,10,10,3,4,110,46,1637,8,5,16,154,3,169,2,33,8,6,36,114,1259,12,43,7,171,7,66,25,11,8,8249,15,84,39,3,1,64,8,18,3,7,85,3,9,4,6,62,45,3,34,31,10,13,321,25,68,9,16,50,1,53,18,6,10,62,17,3,2,74,69,22,27,11,9,6,6,1,4,11,25,370,24
"131","20 Jul",276,12,4,60,191,37,16,54,14,46,2,27,42,74,29,63,3,2,75,7,102,13,38,37,43,2,2,37,14,17,550,4,96,14,1,1,604,24,15,17,8,8,1,121,687,12,91,7,50,24,46,8,15,9,38,17,2,125,5,56,29,13,9,8,14,32,103,48,188,124,3,14,3,270,2,7,42,3,1,206,34,1,5,75,5,66,19,2291,12,11,2,45,27,5,14,18,34,19,6,10,10,38,105,22,10,10,3,4,110,47,1644,8,5,16,157,3,172,2,34,8,6,37,114,1268,12,44,7,180,7,67,25,13,8,8284,15,84,40,3,1,64,8,18,3,7,87,3,9,4,6,64,45,3,34,31,10,13,325,25,70,13,16,52,1,54,18,6,11,63,18,3,2,76,70,23,27,11,9,6,6,1,4,12,26,371,24
"132","21 Jul",276,13,4,61,191,37,16,54,14,46,2,27,44,74,29,63,4,2,75,7,103,13,39,37,43,2,2,38,14,17,554,4,97,14,1,1,606,24,15,18,8,8,1,121,691,12,91,7,50,24,46,8,15,10,39,17,2,125,5,56,29,13,12,9,14,32,104,48,188,124,3,14,3,271,2,7,43,3,1,206,35,1,5,75,5,66,19,2291,12,11,2,46,28,5,14,18,34,19,6,10,10,39,106,22,10,10,3,4,110,47,1645,8,5,16,159,3,172,2,34,8,6,37,115,1268,12,44,7,181,7,67,25,15,8,8298,15,84,40,3,2,64,8,18,4,7,87,3,9,4,6,65,45,3,34,31,10,13,327,25,70,13,16,52,1,54,18,6,11,63,18,3,2,76,72,23,27,11,9,6,6,1,4,12,26,371,24
