"","Unnamed..0","ABREU.E.LIMA","AFOGADOS.DA.INGAZEIRA","AFRANIO","AGRESTINA","AGUA.PRETA","AGUAS.BELAS","ALAGOINHA","ALIANCA","ALTINHO","AMARAJI","ANGELIM","ARACOIABA","ARARIPINA","ARCOVERDE","BARRA.DE.GUABIRABA","BARREIROS","BELO.JARDIM","BETANIA","BEZERROS","BODOCO","BOM.CONSELHO","BOM.JARDIM","BONITO","BREJO.DA.MADRE.DE.DEUS","BUENOS.AIRES","BUIQUE","CABO.DE.SANTO.AGOSTINHO","CABROBO","CACHOEIRINHA","CAETES","CALCADO","CALUMBI","CAMARAGIBE","CAMOCIM.DE.SAO.FELIX","CAMUTANGA","CANHOTINHO","CAPOEIRAS","CARNAIBA","CARNAUBEIRA.DA.PENHA","CARPINA","CARUARU","CASINHAS","CATENDE","CEDRO","CHA.DE.ALEGRIA","CHA.GRANDE","CONDADO","CORRENTES","CORTES","CUMARU","CUPIRA","CUSTODIA","DORMENTES","ESCADA","EXU","FEIRA.NOVA","FERREIROS","FLORES","FLORESTA","FREI.MIGUELINHO","GAMELEIRA","GARANHUNS","GLORIA.DO.GOITA","GOIANA","GRAVATA","IBIMIRIM","IGARASSU","IGUARACI","ILHA.DE.ITAMARACA","INAJA","IPOJUCA","IPUBI","ITACURUBA","ITAIBA","ITAMBE","ITAPETIM","ITAPISSUMA","ITAQUITINGA","JABOATAO.DOS.GUARARAPES","JAQUEIRA","JATAUBA","JOAO.ALFREDO","JOAQUIM.NABUCO","JUCATI","JUPI","JUREMA","LAGOA.DO.CARRO","LAGOA.DO.ITAENGA","LAGOA.DO.OURO","LAGOA.DOS.GATOS","LAGOA.GRANDE","LAJEDO","LIMOEIRO","MACAPARANA","MACHADOS","MARAIAL","MOREILANDIA","MORENO","NAZARE.DA.MATA","OLINDA","OROBO","OROCO","OURICURI","OUTRO.ESTADO","OUTRO.PAIS","PALMARES","PALMEIRINA","PANELAS","PARANATAMA","PARNAMIRIM","PASSIRA","PAUDALHO","PAULISTA","PEDRA","PESQUEIRA","PETROLANDIA","PETROLINA","POCAO","POMBOS","PRIMAVERA","QUIPAPA","QUIXABA","RECIFE","RIACHO.DAS.ALMAS","RIBEIRAO","RIO.FORMOSO","SAIRE","SALGUEIRO","SALOA","SANHARO","SANTA.CRUZ.DO.CAPIBARIBE","SANTA.MARIA.DO.CAMBUCA","SANTA.TEREZINHA","SAO.BENEDITO.DO.SUL","SAO.BENTO.DO.UNA","SAO.CAITANO","SAO.JOAQUIM.DO.MONTE","SAO.JOSE.DA.COROA.GRANDE","SAO.JOSE.DO.EGITO","SAO.LOURENCO.DA.MATA","SAO.VICENTE.FERRER","SERRA.TALHADA","SERRITA","SERTANIA","SIRINHAEM","SURUBIM","TABIRA","TACAIMBO","TACARATU","TAMANDARE","TAQUARITINGA.DO.NORTE","TEREZINHA","TERRA.NOVA","TIMBAUBA","TORITAMA","TRACUNHAEM","TRINDADE","TRIUNFO","TUPANATINGA","TUPARETAMA","VENTUROSA","VERTENTE.DO.LERIO","VERTENTES","VICENCIA","VITORIA.DE.SANTO.ANTAO","XEXEU"
"1","26 Mar",0,0,0,0,0,0,0,0,0,0,0,0,0,0,0,0,0,0,0,0,0,0,0,0,0,0,0,0,0,0,0,0,0,0,0,0,0,0,0,0,0,0,0,0,0,0,0,0,0,0,0,0,0,0,0,0,0,0,0,0,0,0,0,0,0,0,0,0,0,0,0,0,0,0,0,0,0,0,0,0,0,0,0,0,0,0,0,0,0,0,0,0,0,0,0,0,0,0,0,0,0,0,0,0,1,0,0,0,0,0,0,0,0,0,0,0,0,0,0,0,0,0,2,0,0,0,0,0,0,0,0,0,0,0,0,0,0,0,0,0,0,0,0,0,0,0,0,0,0,0,0,0,0,0,0,0,0,0,0,0,0,0,0,0,0,0
"2","27 Mar",0,0,0,0,0,0,0,0,0,0,0,0,0,0,0,0,0,0,0,0,0,0,0,0,0,0,0,0,0,0,0,0,0,0,0,0,0,0,0,0,0,0,0,0,0,0,0,0,0,0,0,0,0,0,0,0,0,0,0,0,0,0,0,0,0,0,0,0,0,0,0,0,0,0,0,0,0,0,0,0,0,0,0,0,0,0,0,0,0,0,0,0,0,0,0,0,0,0,0,0,0,0,0,0,1,0,0,0,0,0,0,0,0,0,0,0,0,0,0,0,0,0,3,0,0,0,0,0,0,0,0,0,0,0,0,0,0,0,0,0,0,0,0,0,0,0,0,0,0,0,0,0,0,0,0,0,0,0,0,0,0,0,0,0,0,0
"3","28 Mar",0,0,0,0,0,0,0,0,0,0,0,0,0,0,0,0,0,0,0,0,0,0,0,0,0,0,0,0,0,0,0,0,0,0,0,0,0,0,0,0,0,0,0,0,0,0,0,0,0,0,0,0,0,0,0,0,0,0,0,0,0,0,0,0,0,0,0,0,0,0,0,0,0,0,0,0,0,0,0,0,0,0,0,0,0,0,0,0,0,0,0,0,0,0,0,0,0,0,0,0,0,0,0,0,1,0,0,0,0,0,0,0,0,0,0,0,0,0,0,0,0,0,4,0,0,0,0,0,0,0,0,0,0,0,0,0,0,0,0,0,0,0,0,0,0,0,0,0,0,0,0,0,0,0,0,0,0,0,0,0,0,0,0,0,0,0
"4","29 Mar",0,0,0,0,0,0,0,0,0,0,0,0,0,0,0,0,0,0,0,0,0,0,0,0,0,0,0,0,0,0,0,0,0,0,0,0,0,0,0,0,0,0,0,0,0,0,0,0,0,0,0,0,0,0,0,0,0,0,0,0,0,0,0,0,0,0,0,0,0,0,0,0,0,0,0,0,0,0,0,0,0,0,0,0,0,0,0,0,0,0,0,0,0,0,0,0,0,0,0,0,0,0,0,0,1,0,0,0,0,0,0,0,0,0,0,0,0,0,0,0,0,0,4,0,0,0,0,0,0,0,0,0,0,0,0,0,0,0,0,0,0,0,0,0,0,0,0,0,0,0,0,0,0,0,0,0,0,0,0,0,0,0,0,0,0,0
"5","30 Mar",0,0,0,0,0,0,0,0,0,0,0,0,0,0,0,0,0,0,0,0,0,0,0,0,0,0,0,0,0,0,0,0,0,0,0,0,0,0,0,0,0,0,0,0,0,0,0,0,0,0,0,0,0,0,0,0,0,0,0,0,0,0,0,0,0,0,0,0,0,0,0,0,0,0,0,0,0,0,0,0,0,0,0,0,0,0,0,0,0,0,0,0,0,0,0,0,0,0,0,0,0,0,0,0,1,0,0,0,0,0,0,0,0,0,0,0,0,0,0,0,0,0,4,0,0,0,0,0,0,0,0,0,0,0,0,0,0,0,0,0,0,0,0,0,0,0,0,0,0,0,0,0,0,0,0,0,0,0,0,0,0,0,0,0,0,0
"6","31 Mar",0,0,0,0,0,0,0,0,0,0,0,0,0,0,0,0,0,0,0,0,0,0,0,0,0,0,0,0,0,0,0,0,0,0,0,0,0,0,0,0,0,0,0,0,0,0,0,0,0,0,0,0,0,0,0,0,0,0,0,0,0,0,0,0,0,0,0,0,0,0,0,0,0,0,0,0,0,0,0,0,0,0,0,0,0,0,0,0,0,0,0,0,0,0,0,0,0,0,0,0,0,0,0,0,1,0,0,0,0,0,0,0,0,0,0,0,0,0,0,0,0,0,4,0,0,0,0,0,0,0,0,0,0,0,0,0,0,0,0,0,0,0,0,0,0,0,0,0,0,0,0,0,0,0,0,0,0,0,0,0,0,0,0,0,0,0
"7","01 Apr",0,0,0,0,0,0,0,0,0,0,0,0,0,0,0,0,0,0,0,0,0,0,0,0,0,0,0,0,0,0,0,0,0,0,0,0,0,0,0,0,0,0,0,0,0,0,0,0,0,0,0,0,0,0,0,0,0,0,0,0,0,0,0,0,0,0,0,0,0,0,0,0,0,0,0,0,0,0,0,0,0,0,0,0,0,0,0,0,0,0,0,0,0,0,0,0,0,0,0,0,0,0,0,0,1,0,0,0,0,0,0,0,0,0,0,0,0,0,0,0,0,0,4,0,0,0,0,0,0,0,0,0,0,0,0,0,0,0,0,0,0,0,0,0,0,0,0,0,0,0,0,0,0,0,0,0,0,0,0,0,0,0,0,0,0,0
"8","02 Apr",0,0,0,0,0,0,0,0,0,0,0,0,0,0,0,0,0,0,0,0,0,0,0,0,0,0,0,0,0,0,0,0,0,0,0,0,0,0,0,0,0,0,0,0,0,0,0,0,0,0,0,0,0,0,0,0,0,0,0,0,0,0,0,1,0,0,0,0,0,0,0,0,0,0,0,0,0,0,0,0,0,0,0,0,0,0,0,0,0,0,0,0,0,0,0,0,0,0,0,1,0,0,0,0,1,0,0,0,0,0,0,0,0,0,0,0,0,0,0,0,0,0,6,0,0,0,0,0,0,0,0,0,0,0,0,0,0,0,0,0,0,0,0,0,0,0,0,0,0,0,0,0,0,0,0,0,0,0,0,0,0,0,0,0,0,0
"9","03 Apr",0,0,0,0,0,0,0,0,0,0,0,0,0,0,0,0,0,0,0,0,0,0,0,0,0,0,1,0,0,0,0,0,0,0,0,0,0,0,0,0,0,0,0,0,0,0,0,0,0,0,0,0,0,0,0,0,0,0,0,0,0,0,0,1,0,0,0,0,0,0,0,0,0,0,0,0,0,0,0,0,0,0,0,0,0,0,0,0,0,0,0,0,0,0,0,0,0,0,0,1,0,0,0,0,1,0,0,0,0,0,0,0,0,0,0,0,0,0,0,0,0,0,6,0,0,0,0,0,0,0,0,0,0,0,0,0,0,0,0,0,0,0,0,0,0,0,0,0,0,0,0,0,0,0,0,0,0,0,0,0,0,0,0,0,0,0
"10","04 Apr",0,0,0,0,0,0,0,0,0,0,0,0,0,0,0,0,0,0,0,0,0,0,0,0,0,0,1,0,0,0,0,0,0,0,0,0,0,0,0,0,0,0,0,0,0,0,0,0,0,0,0,0,0,0,0,0,0,0,0,0,0,0,0,1,0,0,0,0,0,0,0,0,0,0,0,0,0,0,0,0,0,0,0,0,0,0,0,0,0,0,0,0,0,0,0,0,0,0,0,1,0,0,0,0,1,0,0,0,0,0,0,0,0,0,0,0,0,0,0,0,0,0,10,0,0,0,0,0,0,0,0,0,0,0,0,0,0,0,0,0,0,0,0,0,0,0,0,0,0,0,0,0,0,0,0,0,0,0,0,0,0,0,0,0,0,0
"11","05 Apr",0,0,0,0,0,0,0,0,0,0,0,0,0,0,0,0,0,0,0,0,0,0,0,0,0,0,1,0,0,0,0,0,0,0,0,0,0,0,0,0,0,0,0,0,0,0,0,0,0,0,0,0,0,0,0,0,0,0,0,0,0,0,0,1,0,0,0,0,0,0,0,0,0,0,0,0,0,0,0,0,0,0,0,0,0,0,0,0,0,0,0,0,0,0,0,0,0,0,0,3,0,0,0,0,1,1,0,0,0,0,0,0,0,0,0,0,0,0,0,0,0,0,14,0,0,0,0,0,0,0,0,0,0,0,0,0,0,0,0,0,0,0,0,0,0,0,0,0,0,0,0,0,0,0,0,0,0,0,0,0,0,0,0,0,0,0
"12","06 Apr",0,0,0,0,0,0,0,0,0,0,0,0,0,0,0,0,0,0,0,0,0,0,0,0,0,0,1,0,0,0,0,0,1,0,0,0,0,0,0,0,0,0,0,0,0,0,0,0,0,0,0,0,0,0,0,0,0,0,0,0,0,0,0,1,0,0,0,0,0,0,0,0,0,0,0,0,0,0,1,0,0,0,0,0,0,0,1,0,0,0,0,0,0,0,0,0,0,0,0,3,0,0,0,0,1,1,0,0,0,0,0,1,0,0,0,0,0,0,0,0,0,0,16,0,0,0,0,0,0,0,0,0,0,0,0,0,0,0,0,3,0,0,0,0,0,0,0,0,0,0,0,0,0,0,0,0,0,0,0,0,0,0,0,0,0,0
"13","07 Apr",0,0,0,0,0,0,0,0,0,0,0,0,0,0,0,0,0,0,0,0,0,0,0,0,0,0,1,0,0,0,0,0,1,0,0,0,0,0,0,0,0,0,1,0,0,0,0,0,0,0,0,0,0,0,0,0,0,0,0,0,0,0,0,1,0,0,0,0,0,0,0,0,0,0,0,0,0,0,1,0,0,0,0,0,0,0,1,0,0,0,0,0,0,1,0,0,0,0,0,3,0,0,0,0,1,1,0,0,0,0,0,1,0,0,0,0,0,0,0,0,0,0,18,0,0,0,0,0,0,0,0,0,0,0,0,0,0,0,0,3,0,0,0,0,0,0,0,0,0,0,0,0,0,0,0,0,0,0,0,0,0,0,0,0,0,0
"14","08 Apr",0,0,0,0,0,0,0,0,0,0,0,0,0,0,0,0,0,0,0,0,0,1,0,0,0,0,2,0,0,0,0,0,2,0,0,0,0,0,0,0,0,0,1,0,0,0,0,0,0,0,0,0,0,0,0,0,0,0,0,0,0,0,0,2,0,0,0,0,0,0,0,0,0,0,0,0,0,0,2,0,0,0,0,0,0,0,1,0,0,0,0,0,0,1,0,0,0,0,0,5,0,0,0,0,1,1,0,0,0,0,0,1,0,0,0,0,0,0,0,0,0,0,22,0,0,0,0,0,0,0,0,0,0,0,0,0,0,0,0,4,0,0,0,0,0,0,0,0,0,0,0,0,0,0,0,0,0,0,0,0,0,0,0,0,0,0
"15","09 Apr",0,0,0,0,0,0,0,0,0,0,0,0,0,0,0,0,0,0,0,0,0,1,0,0,0,0,4,0,0,0,0,0,2,0,0,0,0,0,0,0,0,0,1,0,0,0,0,0,0,0,0,0,0,0,0,0,0,0,0,0,0,1,0,2,0,0,0,0,0,0,0,0,0,0,0,0,0,0,2,0,0,0,0,0,0,0,1,0,0,0,0,0,0,1,0,0,0,0,0,5,0,0,0,0,1,1,0,0,0,0,0,1,0,0,0,0,0,0,0,0,0,0,27,0,0,0,0,0,0,0,0,0,0,0,0,0,0,0,0,6,0,0,0,0,0,0,0,0,0,0,0,0,0,0,0,0,0,0,0,0,0,0,0,0,0,0
"16","10 Apr",0,0,0,0,0,0,0,0,0,0,0,0,0,1,0,0,0,0,0,0,0,1,0,0,0,0,4,0,0,0,0,0,3,0,0,0,0,0,0,0,1,0,1,0,0,0,0,0,0,0,0,0,0,0,0,0,0,0,0,0,0,1,0,2,0,0,1,0,0,0,0,0,0,0,0,0,0,0,2,0,0,0,0,0,0,0,1,0,0,0,0,0,0,1,0,0,0,0,0,5,0,0,0,0,1,1,0,0,0,0,0,1,0,0,0,0,0,0,0,0,0,0,32,0,0,0,0,0,0,0,0,0,0,0,0,0,0,0,0,6,0,0,0,0,0,0,0,0,0,0,0,0,0,0,0,0,0,0,0,0,0,0,0,0,0,0
"17","11 Apr",0,0,0,0,0,0,0,0,0,0,0,0,0,1,0,0,0,0,0,0,0,1,0,0,0,0,4,0,0,0,0,0,3,0,0,0,0,0,0,0,1,0,1,0,0,0,0,0,0,0,0,0,0,0,0,0,0,0,0,0,1,1,0,2,0,0,1,0,0,0,0,0,0,0,0,0,0,0,3,0,0,0,0,0,0,0,1,0,0,0,0,0,0,1,0,0,0,0,0,6,0,0,0,0,1,1,0,0,0,0,0,1,0,0,0,0,0,0,0,0,0,0,34,0,0,0,0,0,0,0,0,0,0,0,0,0,0,0,0,7,0,0,0,1,0,0,0,0,0,0,0,0,0,0,0,0,0,0,0,0,0,0,0,0,0,0
"18","12 Apr",0,0,0,0,0,0,0,0,0,0,0,0,0,1,0,0,0,0,0,0,0,1,0,0,0,0,5,0,0,0,0,0,4,0,0,0,0,0,0,0,1,0,1,0,0,0,0,0,0,0,0,0,0,0,0,0,0,0,0,0,1,1,0,3,0,0,1,0,0,0,0,0,0,0,0,0,0,0,5,0,0,0,0,0,0,0,1,0,0,0,0,0,1,1,0,0,0,0,0,6,0,0,0,0,1,2,0,0,0,0,0,1,0,0,0,0,0,0,0,0,0,0,37,0,0,0,0,0,0,0,0,0,0,0,0,0,0,0,0,9,0,0,0,1,0,0,0,0,0,0,0,0,0,0,0,0,0,0,0,0,0,0,0,0,1,0
"19","13 Apr",0,0,0,0,0,0,0,0,0,0,0,0,0,1,0,0,0,0,0,0,0,1,0,0,0,0,5,0,0,0,0,0,4,0,0,0,0,0,0,0,1,0,1,0,0,0,0,0,0,0,0,0,0,0,0,0,0,0,0,0,1,1,0,3,0,0,1,0,0,0,0,0,0,0,0,0,0,0,6,0,0,0,0,0,0,0,1,0,0,1,0,0,1,1,0,0,0,0,0,7,0,0,0,0,1,2,0,0,0,0,0,2,2,0,0,0,0,0,1,0,0,0,46,0,0,0,0,0,0,0,0,0,0,0,0,0,0,1,0,9,0,0,0,1,0,0,0,0,0,0,0,0,0,0,0,0,0,0,0,0,0,0,0,0,1,0
"20","14 Apr",0,0,0,0,0,0,0,0,0,0,0,0,0,1,0,0,0,0,0,0,0,1,0,0,0,0,7,0,0,0,0,0,5,0,0,0,0,1,0,0,1,0,1,0,0,0,0,0,0,0,0,0,0,0,0,0,0,0,0,0,1,1,0,3,0,0,1,0,0,0,0,0,0,0,0,0,0,0,8,0,0,0,0,0,0,0,1,0,0,1,0,0,1,1,0,0,0,1,0,8,0,0,0,0,1,2,0,0,0,0,0,2,2,0,0,0,0,0,1,0,0,0,49,0,0,0,0,0,0,0,0,0,0,0,0,0,0,1,0,10,0,0,0,1,0,0,0,0,0,0,0,0,0,1,0,0,0,0,0,0,0,0,0,0,1,0
"21","15 Apr",0,0,0,0,0,0,0,0,0,0,0,0,0,1,0,0,0,0,0,0,1,1,0,0,0,0,8,0,0,0,0,0,6,0,0,0,0,1,0,0,1,0,1,0,0,0,0,0,0,0,0,0,0,0,0,0,0,0,0,0,1,1,0,3,0,0,2,0,0,0,1,0,0,0,0,0,0,0,10,0,0,0,0,0,0,0,1,0,0,1,0,0,3,1,0,0,0,1,0,11,0,0,0,0,1,2,0,0,0,0,0,2,4,0,0,0,0,0,1,0,0,0,62,0,0,0,0,0,0,0,0,0,0,0,0,0,0,1,0,11,0,0,0,1,0,0,0,0,0,0,0,0,0,1,0,0,0,0,0,0,0,0,0,0,1,0
"22","16 Apr",0,0,0,0,0,0,0,1,0,1,0,0,0,2,0,0,0,0,0,0,1,1,0,0,0,0,9,0,0,0,0,0,6,0,0,0,0,1,0,0,1,0,1,0,0,0,0,0,0,0,0,0,0,0,0,0,0,0,0,0,1,1,0,3,0,0,2,0,0,0,1,0,0,0,0,0,0,0,11,0,0,0,0,0,0,0,1,0,0,1,0,0,3,1,0,0,0,1,0,12,0,0,0,0,1,2,0,0,0,0,0,2,4,0,0,0,0,0,1,0,0,0,70,0,0,0,0,0,0,0,0,0,0,0,0,0,0,1,0,12,0,0,0,1,0,0,0,0,0,0,0,0,0,1,0,0,0,0,0,0,0,0,0,0,2,0
"23","17 Apr",0,0,0,0,0,0,0,1,0,1,0,0,0,2,0,0,0,0,0,0,1,1,0,0,0,0,10,0,0,0,0,0,7,0,0,0,0,1,0,0,1,0,1,0,0,0,0,0,0,0,0,0,0,0,0,0,0,0,0,0,1,1,0,3,0,0,3,0,0,0,1,0,0,0,0,0,0,0,13,0,0,0,0,0,0,0,1,0,0,1,0,0,3,1,0,0,0,1,0,13,0,0,0,0,1,2,0,0,0,0,0,3,4,0,0,0,0,0,1,0,0,0,85,0,0,0,0,0,0,0,0,0,0,0,0,0,0,1,0,14,0,0,0,1,0,0,0,0,0,0,0,0,0,1,0,0,0,0,0,0,0,0,0,0,5,0
"24","18 Apr",0,0,0,0,0,0,0,1,0,1,0,0,0,2,0,0,0,0,0,0,1,1,1,0,0,0,11,0,0,0,0,0,7,0,0,0,0,1,0,0,1,0,1,0,0,0,0,0,0,0,0,0,0,0,0,0,0,0,0,0,1,1,0,3,0,0,3,0,0,0,1,0,0,0,0,0,0,0,14,0,0,0,0,0,0,0,1,0,0,1,0,0,3,1,1,0,0,1,0,14,0,0,0,0,1,3,0,0,0,0,0,5,5,0,0,0,0,0,1,0,0,0,94,0,0,0,0,0,0,0,0,0,0,0,0,0,0,1,0,14,0,0,0,1,0,0,0,0,0,0,0,0,0,2,0,0,0,0,0,0,0,0,0,0,5,0
"25","19 Apr",0,0,0,0,0,0,0,1,0,1,0,0,0,2,0,0,0,0,0,0,1,1,1,0,0,0,11,0,0,0,0,0,7,0,0,0,0,1,0,0,1,0,1,0,0,0,0,0,0,0,0,0,0,0,0,0,0,0,0,0,1,1,0,3,0,0,4,0,0,0,1,0,0,0,0,0,0,0,15,0,0,0,0,0,0,0,1,0,0,1,0,0,3,1,1,0,0,1,0,16,0,0,0,0,1,3,0,0,0,0,0,5,5,0,0,0,0,0,1,0,0,0,100,0,0,0,0,0,0,0,0,0,0,0,0,0,0,1,0,15,0,0,0,1,0,0,0,0,0,0,0,0,0,2,0,0,0,0,0,0,0,0,0,0,5,0
"26","20 Apr",0,0,0,0,0,0,0,1,0,1,0,0,0,2,0,0,0,0,0,0,1,1,1,0,0,0,11,0,0,0,0,0,8,0,0,0,0,1,0,0,2,0,1,0,0,0,0,0,0,0,0,0,0,0,0,0,0,0,0,0,1,1,0,3,0,0,5,0,0,0,1,0,0,0,0,0,0,0,18,0,0,0,0,0,0,0,1,0,0,1,0,0,3,2,1,0,0,1,0,19,0,0,0,0,1,3,0,0,0,0,0,6,6,0,0,0,0,0,1,0,0,0,106,0,0,0,0,0,0,0,0,0,0,0,0,0,0,1,0,15,0,0,0,1,0,0,0,0,0,0,0,0,0,2,0,0,0,0,0,0,0,0,0,0,5,0
"27","21 Apr",0,0,0,0,0,0,0,1,0,1,0,0,0,2,0,0,0,0,0,0,1,1,1,0,0,0,11,0,0,0,0,0,10,0,0,0,0,1,0,0,2,0,1,0,0,0,0,0,0,0,0,0,0,0,0,0,0,0,0,0,1,1,1,3,0,0,5,0,0,0,2,0,0,0,0,0,0,0,22,0,0,0,0,0,0,0,1,0,0,1,0,0,3,2,1,0,0,1,0,23,0,0,0,0,1,3,0,0,0,0,0,6,7,0,0,0,0,0,1,0,0,0,113,0,0,0,0,0,0,0,0,0,0,0,0,0,0,1,0,19,0,0,0,1,0,0,0,0,0,0,0,0,0,2,0,0,0,0,0,0,0,0,0,0,6,0
"28","22 Apr",1,0,0,0,0,0,0,1,0,1,0,0,0,2,0,0,0,0,0,0,1,1,1,0,0,0,11,0,0,0,0,0,11,0,0,0,0,1,0,0,2,0,1,0,0,0,0,0,0,0,0,0,0,0,0,0,0,0,0,0,1,2,1,3,0,0,5,0,0,0,2,0,0,0,0,0,0,0,23,0,0,0,0,0,0,0,1,0,0,1,0,0,3,2,1,0,0,1,0,25,0,0,0,0,1,3,0,0,0,0,0,6,11,0,0,0,0,0,1,0,0,0,124,0,0,0,0,0,0,0,0,0,0,0,0,0,0,1,0,19,0,0,0,1,0,0,1,0,0,0,0,0,0,2,0,0,0,0,0,0,0,0,0,0,7,0
"29","23 Apr",1,0,0,0,0,0,0,1,0,1,0,0,0,3,0,0,0,0,0,0,1,1,1,0,0,0,11,0,0,0,0,0,14,0,0,0,0,1,0,0,2,0,1,0,0,0,0,0,0,0,0,1,0,0,0,0,0,0,0,0,1,2,2,3,0,0,5,0,0,0,3,0,0,0,0,1,0,0,27,0,0,0,0,0,0,0,1,0,0,1,0,0,3,2,1,0,0,1,0,26,0,0,0,0,1,3,0,0,0,0,0,7,11,0,0,0,0,0,1,0,0,0,137,0,0,0,0,0,0,0,0,0,0,0,0,0,0,1,0,21,0,0,0,1,0,0,1,0,0,0,0,0,0,2,0,0,0,0,0,0,0,0,0,0,8,0
"30","24 Apr",1,0,0,1,0,0,0,1,0,1,0,0,0,3,0,0,1,0,0,0,1,1,1,0,0,0,11,0,0,0,0,0,14,0,0,0,0,1,0,0,3,0,1,0,0,0,0,0,0,0,0,1,0,0,0,0,0,0,0,0,1,2,3,3,0,0,7,0,0,0,3,0,0,0,0,1,0,0,35,0,0,0,0,0,0,0,1,0,0,1,0,0,3,2,1,0,0,1,0,29,0,0,0,0,1,3,0,1,0,0,0,7,14,0,0,0,0,0,1,0,0,1,151,0,0,0,0,0,0,0,0,0,0,0,0,0,0,1,0,22,0,0,0,1,0,0,1,0,0,0,0,0,0,2,0,0,1,0,0,0,0,0,0,0,10,0
"31","25 Apr",2,0,0,1,0,0,0,1,0,1,0,0,0,3,0,0,1,0,0,0,1,1,1,0,0,0,11,0,0,0,0,0,14,0,0,0,0,1,0,0,3,0,1,0,0,0,0,0,0,0,0,1,0,0,0,0,0,0,0,0,1,2,3,3,0,0,7,0,0,0,3,0,0,0,0,1,0,1,41,0,0,0,0,0,0,0,1,1,0,1,0,0,3,2,1,0,0,1,0,31,0,0,0,0,1,3,0,1,0,0,0,7,19,0,0,0,0,0,1,0,0,1,162,0,0,0,0,0,0,0,0,0,0,0,0,0,0,1,0,23,0,0,0,1,0,0,1,0,0,0,0,0,0,2,0,0,1,0,0,0,0,0,0,0,10,0
"32","26 Apr",2,0,0,1,0,0,0,1,0,1,0,0,0,3,0,0,1,0,0,0,1,2,1,0,0,0,11,0,0,0,0,0,14,0,0,0,0,1,0,0,3,0,1,0,0,0,0,0,0,0,0,1,0,0,0,0,0,0,0,1,1,2,3,3,0,0,8,0,0,0,3,0,0,0,0,1,0,1,48,0,0,0,0,0,0,0,1,1,0,1,0,0,3,2,1,0,0,1,0,32,0,0,0,0,1,3,0,1,0,0,0,7,20,0,0,0,0,0,2,0,0,1,182,0,0,0,0,0,0,0,0,0,0,0,0,0,0,1,0,23,0,0,0,1,0,0,1,0,0,0,0,0,1,2,0,0,1,0,0,0,0,0,0,0,10,0
"33","27 Apr",2,0,0,1,2,0,0,2,0,1,0,1,0,3,0,0,1,0,0,0,1,2,2,0,0,0,12,0,0,0,0,0,17,0,0,0,0,1,0,1,3,0,1,0,1,0,0,0,0,0,0,1,0,0,0,0,0,0,0,1,1,2,3,3,0,0,8,0,0,0,3,0,0,0,0,1,0,1,52,0,0,0,0,0,0,0,1,1,0,1,0,0,3,2,1,0,0,1,0,35,0,0,0,0,1,3,0,1,0,0,0,7,21,0,0,0,0,0,2,0,0,1,195,0,1,0,0,0,0,0,0,0,0,0,0,0,0,1,0,23,0,0,0,1,1,0,1,0,0,0,0,0,1,2,0,0,1,0,0,0,1,0,0,0,11,0
"34","28 Apr",4,0,0,1,2,0,0,3,0,1,0,1,0,4,0,0,1,0,0,0,1,2,2,0,0,0,13,0,0,0,0,0,17,0,0,0,0,2,0,1,3,0,1,0,1,0,0,0,0,0,0,2,0,0,0,0,0,0,0,1,1,3,3,5,0,0,9,0,0,0,3,0,0,0,0,1,1,1,56,0,0,0,0,0,0,0,1,1,0,1,0,0,4,2,1,0,0,1,1,42,0,0,0,0,1,3,0,1,0,0,0,7,26,0,0,0,0,0,2,0,0,1,219,0,1,0,0,1,0,0,0,0,0,0,0,0,0,1,0,24,0,0,0,1,1,0,1,0,0,0,0,0,1,2,0,0,1,0,0,0,1,0,0,0,12,0
"35","29 Apr",4,0,0,1,2,0,0,3,0,2,0,1,0,4,0,0,1,0,0,0,1,4,2,0,0,0,15,0,0,0,0,0,18,0,0,0,0,2,0,1,3,0,1,0,1,0,0,0,0,0,0,2,0,0,0,0,0,0,0,2,1,3,4,6,0,0,9,0,0,0,3,0,0,0,0,1,1,1,59,0,0,0,0,0,0,0,1,1,0,1,0,0,4,2,1,0,0,1,1,42,0,0,0,0,1,3,0,1,0,0,0,7,26,0,0,0,0,0,2,0,0,1,236,0,1,0,0,1,0,0,0,0,0,0,0,0,0,1,0,25,0,0,0,1,1,0,1,0,0,0,0,0,1,2,0,0,1,0,0,0,1,0,0,0,12,0
"36","30 Apr",4,0,0,1,2,0,0,3,0,2,0,1,0,4,0,0,1,0,0,0,1,5,2,0,0,0,15,0,0,0,0,0,18,0,0,0,0,2,0,1,3,0,1,0,1,0,0,0,0,0,0,2,0,0,0,0,0,0,0,2,1,3,4,6,0,0,10,0,0,0,3,0,0,0,0,1,2,1,61,0,0,0,0,0,0,0,2,1,0,1,0,0,4,2,1,0,0,1,1,43,0,0,0,0,1,3,0,1,0,0,0,7,28,0,0,0,0,0,2,0,0,1,250,0,1,0,0,1,0,0,0,0,0,0,0,0,0,1,0,28,0,0,0,1,1,0,2,0,0,0,0,0,1,2,0,0,1,0,0,0,1,0,0,0,13,0
"37","01 May",4,0,0,1,2,0,0,4,0,3,0,2,0,4,0,0,1,0,0,0,1,5,3,0,0,0,16,0,0,0,0,0,20,0,0,0,0,2,0,1,4,0,2,0,1,0,1,0,0,0,0,2,0,0,0,0,0,0,0,2,1,3,4,6,1,1,10,0,0,0,3,0,0,0,0,1,2,1,66,0,1,0,0,0,0,0,2,1,0,1,0,0,4,2,1,0,0,1,1,51,0,0,0,1,1,3,0,1,0,0,0,7,29,0,0,0,0,0,2,0,0,1,257,0,1,0,1,1,0,0,0,0,0,0,0,0,0,1,0,29,0,0,0,1,1,0,2,0,0,0,0,0,1,2,0,0,1,0,0,0,1,0,0,0,14,0
"38","02 May",4,0,0,1,3,0,0,4,0,3,0,2,0,4,0,0,1,0,0,0,1,5,3,0,0,0,17,0,0,0,0,0,20,0,0,0,0,2,0,1,5,0,2,0,1,0,1,0,0,0,0,2,0,1,0,0,0,0,0,2,1,3,4,6,1,2,10,0,0,0,3,0,0,0,0,1,2,1,67,0,1,0,0,0,0,0,2,1,0,1,0,0,4,2,1,0,0,1,1,53,0,0,0,1,1,3,0,1,0,0,0,7,30,0,0,0,0,0,2,0,0,1,267,0,2,0,1,1,0,0,0,0,0,0,0,0,0,1,0,30,0,0,0,1,1,0,2,0,0,0,0,0,1,3,0,0,1,0,0,0,1,0,0,0,14,1
"39","03 May",4,0,0,1,4,0,0,4,0,3,0,2,0,4,0,0,1,0,0,0,1,5,3,0,0,0,19,0,0,0,0,0,20,0,0,0,0,2,0,1,6,0,2,0,1,1,1,0,0,0,0,2,0,1,0,0,0,0,0,2,1,3,4,6,1,2,10,0,0,0,4,0,0,0,0,1,2,1,72,0,1,0,0,0,0,0,2,1,0,1,0,0,4,2,1,0,0,1,1,56,0,0,0,2,1,3,0,1,0,0,0,7,32,0,0,0,0,0,2,0,0,1,273,0,2,0,1,1,0,0,0,0,0,0,0,0,0,1,0,30,0,0,0,1,2,0,2,0,0,0,0,0,1,4,0,0,1,0,0,0,1,0,0,0,14,1
"40","04 May",4,0,0,1,4,0,0,5,0,3,0,2,0,4,0,0,1,0,0,0,1,5,3,0,0,0,19,0,0,0,0,0,22,0,0,0,0,2,0,2,7,0,2,0,1,1,1,0,1,0,0,2,0,1,0,0,0,0,0,2,1,3,4,6,1,2,10,0,0,0,4,0,0,0,0,1,2,1,76,0,1,0,0,0,0,0,2,1,0,1,0,1,5,2,1,0,0,2,1,57,0,0,0,2,1,3,0,1,0,0,0,7,34,0,0,0,0,0,2,0,0,1,295,0,2,0,1,1,0,0,0,0,0,0,0,0,0,1,0,30,0,0,0,1,2,0,2,0,0,0,0,0,1,4,0,0,1,0,0,0,1,0,0,0,15,1
"41","05 May",4,0,0,1,4,0,0,5,0,3,0,2,0,4,0,0,1,0,0,0,1,5,3,0,1,0,20,0,0,0,0,0,22,0,0,0,0,2,0,2,7,0,2,0,1,1,1,0,1,0,0,2,0,1,0,0,0,0,1,2,1,4,4,6,1,2,10,0,0,0,4,0,0,0,0,1,2,2,86,1,1,0,0,0,0,0,2,1,0,1,0,1,6,2,1,0,0,2,1,63,0,0,0,2,1,4,0,1,0,0,0,8,36,0,0,0,0,0,2,0,0,1,319,0,2,0,1,1,0,0,0,0,0,0,0,0,0,2,0,31,0,0,0,1,2,0,2,0,0,1,1,0,1,4,0,0,1,0,0,0,1,0,0,0,18,1
"42","06 May",4,0,0,1,5,0,0,5,0,3,0,2,0,5,0,0,1,0,0,0,1,5,3,0,1,0,27,0,0,0,0,0,23,0,0,0,0,2,0,2,7,0,2,0,1,1,1,0,1,0,0,2,0,1,0,0,1,0,1,2,1,4,7,6,1,2,10,0,0,0,5,0,0,0,0,1,4,2,91,1,1,0,0,0,0,0,2,1,0,1,0,1,6,2,1,0,0,3,2,67,0,0,0,2,1,4,0,1,0,0,0,8,40,0,0,0,0,0,2,0,0,1,337,0,2,0,1,2,0,0,0,0,0,0,0,0,0,2,0,31,0,0,0,2,2,0,2,0,0,1,1,0,1,5,0,0,2,0,0,0,1,0,0,0,19,1
"43","07 May",4,0,0,1,5,0,0,5,0,3,0,2,0,5,0,0,1,0,0,0,1,5,3,0,1,0,29,0,0,0,0,0,26,0,0,0,0,2,0,2,7,0,2,0,1,1,1,1,1,0,1,2,0,1,0,0,2,0,2,2,1,4,8,7,2,2,12,0,0,0,5,0,0,0,0,1,4,2,94,2,1,0,0,0,0,0,2,1,0,1,0,1,6,2,1,0,0,3,2,69,0,0,0,2,1,4,0,1,0,0,0,8,41,0,0,0,1,0,2,0,0,1,354,0,2,0,1,2,0,0,0,0,0,0,0,0,0,2,0,32,0,0,0,2,2,0,2,0,0,1,1,0,1,5,0,0,2,1,0,0,1,0,0,0,19,1
"44","08 May",4,0,0,2,5,0,0,6,0,3,0,2,0,7,0,1,1,0,0,0,1,5,3,0,1,0,33,0,0,0,0,0,28,0,0,0,1,2,0,2,7,0,2,0,1,1,1,1,1,0,1,2,0,1,0,1,2,0,2,2,1,4,9,9,2,4,14,0,0,0,5,1,0,0,1,1,4,2,102,2,1,0,0,0,0,0,2,1,0,2,0,1,6,2,1,0,0,4,2,76,0,0,0,2,1,4,0,1,0,0,0,8,51,0,0,0,1,0,2,0,0,1,380,0,3,0,1,3,0,0,0,0,0,0,0,0,0,2,0,33,0,0,0,2,2,1,2,0,0,1,1,0,1,6,0,0,2,1,0,0,1,0,0,0,22,1
"45","09 May",5,0,0,2,5,0,0,7,0,3,0,2,0,7,0,1,1,1,0,0,1,5,3,0,1,0,37,0,0,0,0,0,28,0,1,0,1,2,0,4,8,0,2,0,1,3,1,1,1,0,1,2,0,2,0,1,2,0,2,3,2,4,9,9,2,4,16,0,0,0,6,1,0,0,1,1,4,2,109,2,1,0,0,0,0,0,2,1,0,2,0,1,6,2,1,1,0,5,2,77,0,0,1,2,1,4,0,1,0,0,0,8,54,0,0,0,1,0,3,0,0,1,385,0,4,1,1,3,0,0,0,0,0,0,0,0,0,2,0,33,0,0,0,2,2,1,2,0,0,1,1,0,1,7,0,0,2,1,0,0,1,0,0,0,25,1
"46","10 May",7,0,0,2,5,0,0,9,0,3,0,2,0,7,0,1,1,1,0,0,1,5,3,0,1,0,37,0,0,0,0,0,28,0,1,0,1,3,0,4,8,0,4,0,1,3,2,1,1,0,1,2,0,2,0,3,2,0,2,3,2,4,10,9,2,4,18,0,0,0,7,1,0,0,1,1,5,2,117,2,1,0,0,0,1,0,2,2,0,2,0,1,7,2,1,1,0,5,3,83,0,0,1,2,1,4,0,1,0,0,0,8,55,0,0,0,1,0,4,0,0,2,415,0,4,2,1,4,0,0,0,0,0,0,0,0,0,2,0,33,0,0,0,2,2,3,2,0,0,1,2,0,1,7,0,1,3,1,0,0,1,0,0,0,27,1
"47","11 May",8,0,0,3,5,0,0,9,0,4,0,2,0,7,1,1,1,1,0,0,1,5,3,0,1,0,40,0,0,0,0,0,29,0,1,0,1,3,0,4,8,0,4,0,1,3,2,1,1,0,1,2,0,4,0,4,2,0,2,3,2,4,10,9,3,4,18,0,0,0,7,1,0,0,1,1,5,2,119,2,1,0,1,0,1,0,2,2,0,2,0,1,7,2,1,1,0,5,3,91,0,0,1,2,1,4,0,1,0,0,0,9,57,0,0,0,1,0,6,0,0,2,425,0,4,2,1,4,0,0,0,0,0,0,0,0,0,2,0,33,0,0,0,2,2,3,2,0,0,1,2,0,1,7,0,1,3,1,0,0,1,0,0,0,27,1
"48","12 May",11,0,0,3,5,0,0,9,0,4,0,2,0,7,1,1,1,1,0,0,1,5,3,0,1,0,40,0,0,0,0,0,31,0,1,0,1,4,0,8,10,0,4,0,1,3,2,1,1,0,1,2,0,4,0,5,4,0,2,3,2,4,10,10,3,4,18,0,0,0,7,1,0,0,1,1,5,2,132,2,1,0,1,0,1,0,2,2,0,2,0,1,8,2,1,1,0,5,3,93,0,0,1,2,1,6,0,1,0,0,1,10,62,0,0,0,2,0,6,0,0,2,450,0,4,2,1,4,0,0,0,0,0,0,0,0,0,2,0,34,0,1,1,2,2,3,2,0,0,1,2,0,1,7,0,1,3,1,0,0,1,0,0,0,28,1
"49","13 May",13,0,0,3,5,0,0,9,0,4,0,2,0,7,1,1,1,1,1,0,1,6,3,0,1,0,42,0,0,0,0,0,32,0,1,0,1,4,1,8,10,0,5,0,1,3,2,1,1,0,1,2,0,5,0,5,4,0,2,3,2,4,10,11,3,4,22,0,0,0,8,1,0,0,1,1,5,3,139,2,1,0,1,0,1,0,2,2,0,2,0,1,8,2,1,1,0,5,3,95,0,0,1,2,1,6,0,1,0,0,1,10,64,0,0,0,2,0,6,0,0,2,479,0,4,3,1,4,1,0,0,0,0,0,0,0,1,2,0,36,0,1,1,2,2,3,2,0,0,1,2,0,1,12,0,1,4,1,0,0,1,0,0,0,28,1
"50","14 May",14,0,0,3,6,0,0,9,0,4,0,2,0,7,1,2,1,1,1,0,1,7,3,0,1,0,45,0,0,0,0,0,32,0,1,0,1,4,1,8,11,0,5,0,1,3,2,1,1,0,1,2,0,5,0,5,4,0,2,3,2,4,10,11,4,4,22,0,0,0,10,1,0,0,1,1,6,4,149,2,1,3,1,0,1,0,2,3,0,2,0,1,8,2,1,1,0,7,3,97,0,0,1,2,1,6,0,1,0,0,1,12,65,0,0,0,3,0,6,0,0,2,507,0,6,3,1,4,1,0,0,0,0,0,1,0,1,2,0,37,0,2,1,2,2,3,2,0,0,1,2,0,1,12,0,1,4,1,0,0,1,0,0,1,33,1
"51","15 May",15,0,0,3,6,0,0,10,0,4,0,2,1,7,1,3,1,1,1,0,1,7,3,0,1,0,50,0,0,0,0,0,32,0,1,0,1,4,1,8,12,0,6,0,1,3,2,1,1,0,1,2,0,6,0,5,4,0,2,3,3,4,10,11,4,4,25,0,0,0,11,1,0,0,1,1,6,4,157,2,1,5,1,0,1,0,3,3,0,2,1,1,9,2,1,1,0,9,3,101,0,0,1,2,1,6,0,1,0,0,1,12,71,1,0,0,3,0,7,0,0,2,538,0,6,3,1,4,1,0,0,0,0,0,2,0,1,2,0,38,0,2,1,2,3,4,2,0,0,1,2,0,1,14,0,1,4,1,0,0,1,0,0,1,34,2
"52","16 May",15,0,0,3,8,1,0,10,0,5,0,2,1,7,1,3,1,1,1,0,1,7,3,0,1,0,51,1,0,0,0,0,37,0,1,0,1,4,1,9,12,0,6,0,2,3,3,1,1,0,1,2,0,7,0,5,4,0,2,3,3,4,10,11,4,4,27,0,0,0,11,1,0,0,1,1,7,4,165,2,1,5,1,0,1,0,3,3,0,2,1,1,9,2,1,1,0,12,4,104,0,1,1,2,1,6,0,1,0,0,1,14,71,2,0,0,3,0,8,0,0,2,573,0,6,3,1,4,1,0,0,0,0,0,2,0,1,2,0,39,0,2,1,2,3,4,2,0,0,1,3,0,1,14,0,1,4,2,0,0,1,0,0,1,38,2
"53","17 May",15,0,0,3,8,1,0,10,0,5,0,2,1,7,1,3,1,1,1,0,1,7,4,0,1,0,54,1,0,2,0,0,38,0,1,0,1,4,1,9,12,0,6,0,2,4,4,1,3,0,1,2,0,8,0,5,4,0,2,3,3,4,10,11,4,4,27,0,1,0,12,1,0,0,1,1,7,4,170,2,1,5,1,0,1,0,3,3,0,2,1,1,10,2,1,1,0,12,4,105,0,1,1,2,1,9,0,1,0,0,2,15,73,2,0,0,4,0,8,0,0,2,596,0,6,3,1,4,1,0,0,0,0,0,2,0,1,2,0,39,0,2,1,2,3,4,2,0,0,1,3,0,1,14,0,1,4,3,1,0,1,0,0,1,38,3
"54","18 May",19,0,0,3,8,2,0,10,0,7,0,2,1,8,1,4,1,1,1,0,1,8,4,0,1,0,60,1,0,2,0,0,41,0,2,0,1,4,1,10,13,0,6,0,2,5,5,1,3,0,1,2,0,9,0,6,4,0,2,3,3,5,10,14,4,4,27,0,1,0,13,1,0,0,1,1,8,4,183,3,1,5,1,0,1,0,3,3,0,2,1,1,11,2,1,1,0,13,4,114,0,1,1,3,1,10,0,1,0,0,2,15,79,2,0,0,4,0,9,1,0,2,645,0,6,3,1,4,1,0,0,0,0,0,2,0,1,3,0,41,0,2,1,2,3,4,2,0,0,1,3,0,1,15,0,1,4,3,1,0,1,0,0,2,41,3
"55","19 May",20,0,0,4,8,2,0,10,0,7,0,2,1,8,1,5,1,1,1,0,1,8,4,0,2,0,60,1,1,2,0,0,41,0,2,0,1,4,1,10,16,0,6,0,3,5,6,1,3,0,1,2,0,9,0,6,4,0,2,3,3,6,10,18,4,4,27,1,1,0,14,1,0,0,1,1,10,4,194,3,1,5,1,0,1,0,3,3,0,2,1,1,11,2,1,2,0,14,5,125,0,1,1,3,1,11,0,1,0,0,2,16,88,2,0,0,4,0,9,1,0,2,682,0,7,3,1,4,1,0,0,0,0,0,2,0,1,3,0,45,0,2,1,2,4,5,2,0,0,1,3,0,1,15,0,1,4,3,1,0,1,0,0,3,42,3
"56","20 May",21,0,0,4,9,4,0,10,0,7,0,2,2,9,1,5,1,1,1,0,1,8,4,0,2,0,63,1,1,2,0,0,44,0,2,0,1,4,1,10,16,0,6,0,3,5,7,1,3,0,1,3,0,9,0,6,4,0,2,3,3,7,11,21,5,5,27,1,1,0,16,1,0,1,2,1,10,4,201,3,1,6,1,0,1,0,4,3,0,2,1,1,12,2,1,2,0,15,7,132,0,1,1,3,1,12,0,1,0,0,4,16,92,2,0,0,4,0,11,1,0,2,715,0,9,3,1,4,1,0,0,0,0,0,2,0,1,3,0,47,0,2,1,2,4,5,2,0,0,1,3,0,1,15,0,2,4,3,1,0,1,0,0,3,42,3
"57","21 May",21,0,0,4,9,4,0,10,0,7,0,3,2,9,1,5,1,1,1,0,1,8,4,0,2,0,68,1,1,2,0,0,44,0,2,0,1,4,1,11,19,0,6,0,3,5,9,1,3,0,1,6,0,9,0,6,4,0,2,3,3,8,12,23,6,5,27,1,2,0,17,2,0,1,2,1,11,4,219,3,1,6,1,0,1,0,4,3,0,2,1,1,12,2,1,2,0,15,8,136,0,1,1,4,1,12,0,1,0,0,4,17,94,2,0,0,4,0,12,1,0,2,747,0,9,3,1,4,1,0,0,0,0,0,2,0,1,3,0,47,0,3,1,2,4,5,2,0,0,1,3,0,1,16,0,3,4,3,1,0,1,0,0,3,47,3
"58","22 May",23,0,0,4,10,5,0,12,0,7,0,3,2,10,1,6,1,1,1,0,1,8,5,1,2,0,70,1,1,2,0,0,52,0,2,1,1,4,1,12,20,0,6,0,3,5,10,1,3,0,1,6,0,11,0,6,5,0,2,3,3,9,12,23,7,5,30,1,2,0,18,2,0,1,2,1,12,5,230,3,2,7,1,0,1,0,4,3,0,2,1,1,12,2,2,2,0,16,9,141,0,1,1,6,1,12,0,1,0,0,4,17,99,2,0,0,4,0,12,1,0,2,803,0,10,3,1,5,1,0,0,0,0,0,3,0,1,4,0,49,2,3,1,2,5,5,2,0,0,1,3,0,1,16,0,3,4,3,1,0,1,1,0,3,48,3
"59","23 May",24,0,0,4,11,5,0,12,0,7,0,3,2,11,1,6,1,1,1,0,1,8,5,1,2,0,70,1,1,2,0,0,55,0,3,1,1,4,1,12,21,0,7,0,3,5,10,1,3,0,1,6,0,11,0,7,5,0,2,3,3,9,13,23,7,5,32,1,2,0,18,2,0,1,3,1,12,5,240,3,2,7,1,0,1,0,4,3,0,2,1,1,14,2,3,2,0,18,9,144,0,1,1,6,1,13,1,1,0,0,4,17,106,2,0,0,5,0,12,1,0,2,835,0,13,3,1,5,1,0,0,0,0,0,3,0,1,4,0,52,2,3,1,2,5,5,2,0,0,1,3,0,1,18,2,3,4,3,1,0,1,1,0,3,51,4
"60","24 May",24,0,0,4,12,5,0,13,0,7,0,3,2,11,1,6,1,1,1,0,1,8,5,1,3,1,72,1,2,2,0,0,56,0,3,1,1,4,1,12,21,0,7,0,3,5,10,1,3,0,1,6,0,11,0,7,5,0,2,3,3,9,13,23,8,5,34,1,2,0,20,2,0,1,3,1,12,5,247,3,2,7,2,0,1,0,4,4,0,2,1,1,15,2,3,2,0,18,9,147,1,1,1,6,1,13,1,1,0,0,4,17,109,2,1,0,5,0,12,1,0,2,851,0,16,3,1,6,1,0,1,0,0,0,3,0,1,4,0,53,2,3,1,2,5,6,2,0,0,1,3,0,1,19,2,3,4,3,1,0,1,1,0,4,51,4
"61","25 May",26,0,0,5,13,5,0,13,0,7,0,3,2,11,2,6,1,1,1,0,1,9,5,2,3,1,75,1,2,2,0,0,56,0,3,1,1,4,1,12,21,0,7,0,3,5,10,1,3,0,1,6,0,11,0,7,5,0,2,3,3,9,13,24,8,5,34,1,2,0,22,2,0,1,4,1,12,5,250,3,2,7,3,0,1,0,4,4,0,2,1,1,15,2,3,2,0,18,10,150,1,1,1,7,1,15,1,1,0,0,4,17,113,2,1,0,5,0,12,1,0,2,865,0,16,3,1,6,1,0,1,0,0,0,3,0,1,4,0,53,2,3,1,2,5,6,2,0,0,2,3,0,1,19,2,3,4,3,1,0,1,1,0,4,55,4
"62","26 May",27,0,0,5,13,7,0,13,0,7,0,3,2,11,2,7,1,1,1,0,1,9,6,2,3,1,78,1,3,2,0,0,56,0,3,1,1,4,1,12,23,0,8,0,3,5,10,1,3,0,1,6,0,11,0,7,5,0,2,3,3,9,13,24,8,5,34,1,2,0,22,2,0,1,4,1,12,5,262,3,2,8,3,0,1,0,4,4,0,2,1,1,15,2,3,2,0,20,10,151,1,1,1,7,1,17,1,1,0,0,4,19,116,2,2,0,5,0,12,2,0,2,902,0,18,3,1,7,1,0,1,0,0,0,3,0,1,4,0,53,2,3,1,3,5,6,2,0,0,2,3,0,1,19,2,3,4,3,1,0,1,1,0,4,57,4
"63","27 May",30,0,0,5,14,7,0,13,0,7,0,3,2,12,2,7,1,1,2,0,1,9,6,2,3,1,80,1,3,2,0,0,58,0,3,1,1,4,1,13,26,0,8,0,3,5,11,1,3,0,2,6,0,15,0,7,5,0,2,3,3,9,13,24,8,5,37,1,2,0,23,3,0,1,4,1,12,5,278,3,2,9,3,0,1,0,5,4,0,2,1,1,15,2,3,2,0,21,11,161,1,1,1,7,1,17,1,1,0,0,4,19,127,2,2,0,6,0,12,2,0,3,967,0,19,3,1,7,1,0,1,0,0,0,3,0,2,4,0,55,2,3,1,4,5,7,2,0,0,2,3,0,1,19,2,3,4,3,1,0,1,1,0,4,58,4
"64","28 May",35,0,0,5,15,8,0,13,0,8,0,3,3,12,2,7,1,1,2,0,1,9,6,2,3,1,83,1,3,2,0,0,59,1,3,1,1,4,1,17,27,0,8,0,3,5,12,1,4,0,2,6,0,15,0,7,5,0,2,3,3,11,13,26,8,5,40,1,3,0,24,3,1,1,4,1,12,5,292,3,2,9,3,0,1,0,5,4,0,2,1,1,17,2,3,2,0,21,11,163,1,1,1,8,1,18,1,1,0,0,5,19,131,2,2,0,6,0,12,2,0,3,1004,0,19,3,1,7,1,0,1,0,0,0,3,0,2,4,0,55,2,3,1,4,5,7,2,0,0,2,3,0,1,20,3,3,4,3,1,0,1,1,0,4,60,4
"65","29 May",38,0,0,5,15,8,0,13,0,8,0,3,3,12,2,10,1,1,2,0,1,10,8,2,3,1,86,1,3,2,0,0,62,1,3,1,1,4,1,17,33,0,8,0,3,5,13,1,5,0,3,7,0,15,0,7,5,0,2,3,3,11,13,29,10,5,44,1,3,0,25,3,1,1,4,1,12,5,300,3,2,9,3,0,1,0,5,4,0,2,1,1,17,2,3,2,0,22,11,167,1,1,1,8,1,20,1,1,0,0,5,20,140,2,2,0,6,0,12,2,0,3,1040,0,20,5,1,7,1,0,1,0,0,0,3,0,2,4,0,56,2,3,1,4,5,7,2,0,0,2,3,0,1,20,3,4,4,3,1,0,1,1,0,4,62,5
"66","30 May",38,0,0,5,15,8,0,13,0,9,0,3,3,12,2,10,1,1,2,0,1,10,8,2,3,1,92,1,3,2,0,0,66,1,3,1,1,4,1,17,33,0,8,0,4,5,14,1,5,0,3,7,0,15,0,7,5,0,2,3,3,11,14,30,10,5,46,1,3,0,27,3,1,1,5,1,12,5,308,3,2,9,3,0,1,0,5,4,0,2,1,1,17,2,3,2,0,22,11,169,1,1,1,8,1,21,1,1,0,0,5,20,146,2,2,0,8,0,12,3,0,3,1064,0,23,5,1,7,1,0,1,0,0,0,3,0,2,4,0,56,3,3,1,4,5,7,2,1,0,2,3,0,1,20,3,4,4,3,1,0,1,1,0,4,64,5
"67","31 May",40,0,0,5,16,8,0,14,0,9,0,4,3,12,2,10,1,1,2,0,1,10,8,2,3,1,95,1,3,2,0,0,66,1,3,1,1,4,1,19,33,0,9,0,4,5,15,1,7,0,3,7,0,15,0,7,5,0,2,3,3,11,16,30,10,5,48,1,3,0,31,3,1,1,6,1,16,5,318,3,2,9,3,0,1,0,5,4,0,2,1,1,17,2,3,2,0,24,11,170,1,1,1,8,1,23,1,1,0,0,5,20,149,2,3,0,8,0,12,3,0,3,1081,0,23,5,1,7,1,0,1,0,0,0,3,0,3,5,0,57,3,3,1,4,5,8,2,1,0,2,3,0,1,20,3,4,4,3,1,0,1,1,0,4,65,5
"68","01 Jun",41,0,0,5,17,9,0,14,1,9,0,4,3,12,2,11,2,1,2,0,1,10,8,2,3,1,97,1,3,2,0,0,67,1,3,1,1,4,1,20,38,0,9,0,4,5,16,1,8,0,3,7,0,15,0,7,5,0,2,3,3,11,16,33,10,5,48,1,3,0,34,3,1,1,6,1,17,6,322,3,2,9,3,0,1,0,6,4,0,2,1,1,18,2,3,2,0,25,11,171,1,1,1,8,1,25,1,1,0,0,5,21,149,2,4,1,8,0,12,3,0,3,1097,0,26,5,2,8,1,0,1,0,0,0,3,0,3,5,0,57,4,3,1,4,5,8,2,1,0,2,3,0,1,20,3,4,4,3,1,0,2,1,0,7,67,6
"69","02 Jun",41,0,0,5,20,10,0,14,1,9,0,4,3,12,2,11,2,1,2,0,1,10,8,3,3,1,98,1,3,2,0,0,74,1,3,1,1,4,1,21,38,0,10,0,4,5,16,1,8,0,3,7,0,15,0,7,5,0,2,3,3,12,16,33,10,5,48,1,3,0,39,3,1,2,8,1,17,6,332,3,2,9,3,0,1,0,6,4,0,2,1,1,18,2,3,2,0,29,11,175,1,1,1,8,1,25,1,1,0,1,5,21,152,2,4,1,8,1,12,4,0,3,1100,0,26,6,2,8,1,1,1,0,0,0,4,0,4,6,0,57,4,4,1,4,5,8,2,1,0,2,3,0,1,20,3,4,4,3,1,1,2,1,0,7,67,6
"70","03 Jun",45,0,0,5,20,11,0,14,2,9,0,4,3,13,2,11,2,1,2,0,1,10,8,3,3,1,100,1,3,2,0,0,75,1,3,1,1,4,1,21,40,0,10,0,4,5,16,1,8,0,3,7,0,17,0,9,5,0,2,3,3,12,16,34,10,5,52,1,3,0,41,3,1,2,8,1,17,6,344,3,3,9,4,0,1,0,6,4,0,2,1,1,19,2,3,2,0,29,11,179,1,1,1,10,1,26,1,1,0,1,5,21,155,2,4,1,10,1,12,4,0,3,1120,0,28,6,2,8,1,1,1,0,0,0,5,0,4,6,0,59,4,4,1,4,6,8,2,1,0,2,3,0,1,21,3,4,4,3,1,1,2,1,0,7,68,7
"71","04 Jun",47,0,0,5,21,11,0,14,2,9,0,6,3,13,2,11,2,1,2,0,1,10,9,3,3,1,107,1,3,2,0,0,76,1,3,1,1,4,1,21,40,0,10,0,4,5,17,1,9,1,3,7,0,17,0,9,5,0,2,3,7,12,16,37,10,5,53,1,3,0,43,3,1,2,8,1,17,6,360,3,3,9,4,0,1,0,6,4,0,2,1,1,19,2,3,2,0,29,11,180,1,1,1,12,1,27,1,1,0,1,5,22,157,2,4,1,10,1,12,4,0,3,1177,0,30,8,2,8,1,2,1,0,0,0,7,0,4,6,0,60,5,5,1,4,6,8,2,1,0,2,3,0,1,22,3,4,4,3,1,1,2,1,0,7,70,8
"72","05 Jun",47,0,0,5,21,12,0,15,2,10,0,6,3,14,2,12,2,1,2,0,1,10,10,3,3,1,107,1,3,2,0,0,77,1,3,1,1,4,1,21,41,0,10,0,4,7,17,1,9,1,5,7,0,17,0,10,5,0,2,4,7,12,16,38,11,5,53,1,3,0,45,3,1,2,10,1,17,6,363,3,3,9,4,0,1,0,6,4,0,2,1,1,19,2,3,2,0,30,11,180,1,1,1,12,1,27,1,1,0,1,5,23,160,2,4,1,10,1,12,4,0,3,1207,0,31,8,2,8,1,4,1,0,0,1,8,0,4,7,1,62,5,5,1,4,8,8,2,1,0,2,3,0,1,23,3,4,4,3,1,1,2,1,0,7,71,8
"73","06 Jun",47,0,0,6,21,12,0,16,2,10,0,6,3,15,2,12,2,1,2,0,1,10,10,3,3,1,109,1,3,2,0,0,77,1,3,1,2,4,1,22,42,0,10,0,4,7,18,1,9,1,5,7,0,17,0,10,5,0,2,4,7,13,16,38,11,5,55,1,3,0,46,3,1,2,15,1,18,6,365,3,3,10,4,0,1,0,6,4,0,3,1,1,19,2,3,2,0,30,11,184,1,1,1,13,1,28,1,1,0,1,5,24,164,2,4,1,11,1,12,5,0,3,1235,0,31,8,2,8,1,4,1,0,0,1,8,0,4,7,1,62,5,5,1,4,8,9,2,1,0,3,3,1,1,23,3,4,4,3,1,1,2,1,0,7,71,8
"74","07 Jun",48,0,0,7,22,12,0,16,2,10,0,7,3,15,2,12,2,1,2,0,1,10,10,3,3,1,111,1,3,2,0,0,78,1,3,1,2,4,1,22,43,0,11,0,4,7,18,2,9,1,5,7,0,17,1,10,5,0,2,4,7,13,16,38,11,5,55,1,3,0,47,3,1,2,16,1,18,6,369,3,3,10,4,0,1,0,6,4,0,3,1,1,19,2,3,2,0,30,11,184,1,1,2,14,1,30,1,1,1,1,5,24,166,2,4,1,11,1,12,5,0,3,1242,0,31,8,2,8,1,4,1,0,0,1,8,0,4,7,1,62,5,5,1,4,9,9,2,1,0,4,3,1,1,23,3,4,4,3,1,1,2,1,0,8,71,8
"75","08 Jun",48,0,0,7,22,12,0,16,2,10,0,7,3,16,2,13,2,1,2,0,1,10,10,3,3,1,111,1,3,2,0,0,79,1,3,1,2,4,1,22,45,0,11,0,4,7,18,2,9,1,5,7,0,17,1,10,5,0,2,4,8,13,16,38,11,5,55,1,3,0,48,3,1,2,16,1,18,6,370,3,3,10,4,0,1,0,6,4,0,3,1,2,19,2,3,2,0,30,11,186,1,1,2,15,1,30,1,1,1,1,5,24,166,2,4,1,11,1,15,5,0,3,1270,0,31,9,2,8,1,4,1,0,0,1,8,0,4,7,1,62,5,5,1,4,9,9,2,1,0,4,3,1,1,23,3,4,4,3,1,1,2,1,0,8,71,8
"76","09 Jun",51,0,0,7,22,12,1,16,2,10,0,7,3,16,2,13,3,1,2,0,1,10,10,3,3,1,113,1,3,2,0,0,81,1,3,1,2,4,1,24,48,2,11,0,4,7,18,2,9,1,5,7,0,17,1,10,5,0,2,4,8,16,16,38,12,5,55,1,3,0,48,3,1,2,16,1,18,6,382,3,4,11,4,0,1,0,6,4,0,3,1,2,20,2,3,2,0,30,13,190,1,1,2,17,1,32,1,1,1,1,5,24,166,2,5,1,11,2,15,5,0,3,1315,0,33,9,2,9,2,5,3,1,0,1,8,0,4,7,1,62,5,5,1,4,9,9,2,1,0,4,3,1,1,23,3,4,4,3,1,2,2,1,1,8,73,8
"77","10 Jun",51,0,0,7,22,12,1,16,2,11,0,7,3,16,2,14,3,1,2,0,1,10,10,3,3,1,114,1,3,2,0,0,83,1,3,1,2,4,1,25,48,2,12,0,4,7,18,2,9,1,6,8,0,17,1,10,5,0,2,4,8,16,16,38,12,5,56,1,3,0,48,3,1,2,16,1,18,6,391,3,4,11,5,0,1,0,6,4,0,3,1,2,20,2,3,2,0,30,13,193,1,1,2,19,1,32,1,1,1,1,5,24,169,2,5,1,11,2,15,5,0,3,1361,0,34,9,2,9,2,5,3,1,0,1,9,0,4,7,1,63,5,5,1,4,9,9,2,1,1,4,3,1,1,23,3,4,4,3,1,2,2,1,1,8,73,8
"78","11 Jun",51,0,1,7,23,12,1,17,2,11,0,7,3,17,2,15,3,1,4,0,1,10,10,3,3,1,118,1,3,2,0,0,85,1,3,1,2,4,1,26,51,2,12,0,4,7,18,2,9,1,6,8,0,17,1,10,5,0,2,4,9,18,17,38,12,5,56,1,3,0,53,3,1,2,16,1,18,6,398,3,4,12,5,0,1,0,6,5,0,3,1,3,20,2,3,2,0,30,13,194,1,1,2,19,1,33,1,1,1,1,5,24,171,2,5,1,11,2,15,6,0,3,1402,0,35,11,2,9,2,5,3,1,0,1,10,0,4,7,1,63,5,5,1,4,9,9,2,1,1,4,3,1,1,24,3,4,4,3,1,2,2,1,1,8,86,8
"79","12 Jun",51,0,1,7,24,12,1,17,2,11,0,7,3,17,2,15,3,1,5,0,1,10,10,3,3,1,118,1,3,2,0,0,85,1,3,1,2,4,1,27,52,2,12,0,4,7,18,2,9,1,7,8,0,17,1,10,5,0,2,4,9,19,17,40,12,5,57,1,3,1,53,3,1,2,18,1,18,6,401,3,4,12,5,0,1,0,6,5,0,3,1,3,21,2,3,2,0,30,13,195,1,1,2,19,1,33,1,1,1,1,6,24,173,2,5,1,11,2,15,6,0,3,1439,0,35,11,2,9,3,5,4,1,0,1,10,0,4,7,1,63,5,5,1,4,9,9,2,1,1,5,3,1,1,25,3,4,5,3,1,2,2,1,1,8,86,8
"80","13 Jun",51,0,1,7,24,12,1,17,2,12,0,7,3,19,2,15,3,1,5,0,1,10,10,3,3,1,122,1,3,2,0,0,85,1,3,1,2,4,1,28,53,2,13,0,4,7,18,2,9,1,8,8,0,19,1,10,5,0,2,4,9,19,17,41,12,5,58,1,3,1,53,3,1,2,18,1,18,6,409,3,4,13,5,0,1,0,6,5,0,3,1,3,21,3,3,2,0,30,13,199,1,1,3,19,1,34,1,1,2,1,6,26,175,2,5,1,11,2,15,6,0,3,1484,0,36,11,2,9,3,5,4,1,0,1,10,0,6,7,1,63,6,5,1,4,9,9,2,1,3,6,3,1,1,27,3,4,5,3,1,2,2,1,1,8,86,8
"81","14 Jun",51,0,1,7,24,12,1,17,2,12,0,7,3,19,2,16,3,1,5,0,1,10,10,3,3,1,122,1,3,2,0,0,85,1,3,1,2,5,1,28,57,2,14,0,4,7,18,2,9,1,8,9,0,20,1,10,5,0,2,4,9,20,17,41,12,5,58,1,3,1,53,3,1,2,18,1,18,6,415,3,4,13,6,0,1,0,6,5,0,3,1,3,22,3,3,3,0,30,13,199,1,1,3,19,1,36,1,1,2,1,6,26,176,2,5,1,12,2,15,6,1,3,1529,0,37,11,2,9,3,5,4,1,0,1,10,0,6,8,1,63,6,5,1,4,9,9,2,1,3,6,3,1,1,27,3,4,5,3,1,2,2,1,1,8,87,8
"82","15 Jun",52,0,1,8,24,12,1,17,2,12,0,8,3,19,2,16,3,1,5,0,1,10,10,3,3,1,123,1,3,2,0,0,85,1,3,1,3,5,1,30,58,2,15,0,4,7,18,2,9,1,8,9,0,20,1,10,5,0,2,4,9,20,17,41,12,5,58,1,3,1,53,4,1,2,19,1,18,6,418,3,4,13,6,0,1,0,6,5,0,3,1,3,23,3,3,3,0,30,13,203,1,1,3,19,1,36,2,1,2,1,6,26,176,2,5,1,12,2,15,6,1,3,1538,0,37,11,2,9,3,5,4,1,0,1,10,0,6,8,1,63,6,6,1,4,9,9,2,1,3,6,3,1,1,27,3,4,5,3,1,2,2,1,1,8,88,8
"83","16 Jun",52,0,1,8,24,12,1,17,2,12,0,8,3,20,2,18,4,1,6,0,1,11,10,3,3,1,125,1,3,2,0,0,85,1,3,2,3,5,1,31,60,2,15,0,4,7,18,2,9,1,8,9,0,20,1,11,5,0,2,4,9,21,17,41,12,5,58,1,3,1,55,4,1,2,19,1,18,6,430,3,4,13,6,1,1,0,6,5,0,3,1,3,23,3,3,3,0,30,16,205,1,1,3,20,1,36,2,3,2,1,7,26,176,3,5,1,14,2,15,6,1,3,1563,0,38,11,2,9,3,5,4,1,0,1,10,0,6,8,1,64,6,6,1,4,9,9,4,1,3,6,3,1,1,27,3,4,5,3,2,2,2,1,1,8,88,8
"84","17 Jun",52,0,1,9,24,12,1,17,2,13,0,8,3,20,2,19,4,1,6,0,1,12,10,3,3,1,125,1,3,2,0,0,86,1,3,2,3,5,1,31,62,2,15,0,4,8,18,2,9,1,10,9,0,20,1,11,5,0,2,4,9,21,18,42,13,5,58,1,3,1,56,4,1,2,19,1,20,6,431,3,4,13,8,1,1,0,6,6,0,3,1,3,23,3,3,3,0,31,16,205,1,1,3,22,1,36,2,3,2,1,7,26,179,3,5,1,14,2,15,6,1,3,1584,0,38,11,2,9,3,5,5,1,0,1,10,0,6,8,1,65,6,6,1,4,9,9,4,1,3,6,4,1,1,28,3,5,6,3,2,2,2,1,1,8,88,8
"85","18 Jun",52,0,1,9,24,15,1,17,2,14,0,8,3,20,2,19,5,1,6,0,1,12,10,3,3,1,126,1,3,2,0,0,86,1,3,2,3,6,1,33,62,2,15,0,4,9,18,2,9,1,10,9,0,20,1,11,5,0,2,4,11,22,18,42,13,5,58,1,3,1,57,4,1,2,20,1,20,6,443,3,4,13,8,1,1,0,6,6,0,3,1,3,24,3,3,3,0,31,17,206,1,1,3,23,1,36,2,3,2,1,7,26,181,3,5,1,16,2,15,6,1,3,1594,0,38,12,2,9,3,5,6,1,0,1,10,0,7,8,1,65,6,6,1,4,9,9,4,1,3,6,4,1,1,28,3,5,6,3,2,2,2,1,1,8,88,8
"86","19 Jun",52,1,1,10,24,15,1,17,2,14,0,8,3,20,2,19,5,1,6,0,2,12,11,4,3,1,126,1,3,2,0,0,86,2,3,2,3,6,1,33,63,2,15,1,4,9,18,2,9,1,10,9,0,20,1,11,5,0,2,4,11,22,18,42,13,5,58,1,3,1,60,5,1,2,20,1,20,7,446,3,4,15,8,1,2,0,6,6,0,3,1,3,25,3,3,4,0,31,17,207,1,1,3,23,1,37,2,4,2,1,7,26,182,3,5,2,16,2,15,6,1,3,1608,0,38,12,2,9,3,5,8,1,0,1,10,0,7,9,1,65,6,6,1,4,9,9,4,1,3,6,4,1,1,28,3,5,6,3,2,2,2,1,1,8,89,9
"87","20 Jun",53,1,1,10,25,15,1,17,3,15,0,8,3,20,2,19,5,1,6,0,3,12,11,4,3,1,131,1,3,2,0,0,86,2,3,2,3,6,1,33,65,2,15,1,4,10,18,2,9,1,10,9,0,21,1,11,5,0,2,4,11,23,18,42,13,5,58,1,3,1,60,6,1,2,20,1,20,7,449,3,4,15,8,1,2,0,6,6,0,3,1,3,25,3,3,4,0,31,17,208,1,1,3,23,1,38,2,4,2,1,7,26,182,3,5,2,17,2,15,6,1,3,1615,0,38,12,2,9,3,5,8,1,0,1,10,0,8,9,1,65,7,6,1,4,9,9,4,1,3,6,4,1,1,28,3,5,6,3,2,2,2,1,1,8,104,9
"88","21 Jun",53,1,1,10,26,15,1,17,3,15,0,8,3,20,2,19,5,1,7,0,3,12,11,4,3,1,132,1,3,3,0,0,87,2,3,2,3,6,1,33,72,2,16,1,4,10,20,2,9,1,10,9,0,21,1,11,5,1,2,4,11,23,18,43,14,5,59,1,3,1,60,6,1,2,20,1,20,7,455,3,4,15,8,1,2,0,6,6,0,3,1,3,26,3,3,4,0,31,18,208,1,1,3,25,1,39,2,4,2,1,7,26,182,3,5,2,20,2,15,6,1,3,1662,0,38,12,2,9,3,5,8,3,0,1,10,0,8,9,1,66,7,6,2,4,10,9,4,1,3,6,4,1,1,28,3,5,6,3,2,2,2,1,1,8,104,9
"89","22 Jun",53,1,1,11,26,15,1,17,3,15,0,8,3,20,2,19,5,1,7,0,3,12,11,4,3,1,132,1,3,3,0,1,89,2,3,2,3,6,1,33,73,2,16,1,4,11,20,2,9,1,10,9,0,21,1,11,5,1,2,4,11,25,18,43,15,5,60,1,3,1,60,6,1,2,21,1,20,7,457,3,4,15,8,1,2,0,6,6,0,3,1,3,27,3,3,4,0,31,19,208,1,1,3,26,1,39,2,4,2,1,7,26,183,3,5,2,21,2,15,6,1,3,1662,0,38,12,2,9,3,5,8,3,0,1,10,0,8,9,1,66,7,6,2,4,10,9,4,1,3,6,4,1,1,28,3,5,6,3,2,2,2,1,1,8,105,9
"90","23 Jun",53,1,1,11,26,16,1,17,3,15,0,8,3,20,2,19,5,1,9,0,4,12,11,4,3,1,133,1,4,3,0,1,89,2,3,2,3,6,1,33,81,2,18,1,4,11,20,2,9,1,11,9,0,22,1,11,7,1,3,4,11,26,18,43,16,6,60,1,3,1,61,6,1,3,21,1,20,7,474,3,4,15,8,1,2,0,6,6,0,3,1,3,27,3,3,4,0,31,19,211,1,1,3,26,1,41,2,4,2,1,9,26,187,3,5,2,22,2,16,6,1,3,1685,0,38,13,2,9,4,5,8,3,0,1,13,0,8,9,1,67,7,7,2,4,11,9,4,1,3,6,4,1,1,28,3,5,6,3,2,2,2,1,1,8,105,9
"91","24 Jun",55,2,1,11,26,16,1,17,3,15,0,8,3,21,2,20,6,1,10,0,4,12,11,4,3,1,133,1,4,3,0,1,89,2,3,2,3,6,1,33,94,2,18,1,4,11,21,2,9,1,11,9,0,22,1,11,7,1,3,4,11,28,18,43,16,6,60,1,3,1,61,6,1,3,23,1,21,8,484,3,4,15,8,1,2,0,6,6,0,3,1,3,27,3,3,4,0,31,19,211,1,1,3,26,1,41,2,4,2,1,9,27,191,3,5,2,22,2,17,6,1,3,1719,0,38,13,2,9,4,5,8,3,0,1,13,0,8,9,1,67,7,7,2,4,14,9,4,1,3,7,4,1,1,30,3,5,7,3,2,2,2,1,1,8,105,10
"92","25 Jun",55,2,1,11,26,16,1,17,3,15,0,8,3,21,2,21,6,1,11,0,4,12,11,4,3,1,133,1,5,3,0,1,90,2,3,2,3,6,1,33,100,2,18,1,4,11,21,2,9,1,11,9,0,22,1,11,7,1,3,4,11,28,18,43,16,7,62,1,3,1,61,6,1,3,23,1,21,8,498,3,4,15,8,1,2,0,6,6,0,3,1,5,27,3,3,4,0,31,19,212,2,1,3,26,1,41,2,4,2,1,9,27,195,3,6,2,23,2,17,6,1,3,1743,0,38,13,2,9,4,5,8,3,0,1,13,0,9,9,1,67,7,7,2,4,14,9,4,1,3,7,4,1,1,30,3,5,8,3,2,2,2,1,1,8,105,10
"93","26 Jun",55,2,1,11,26,16,1,17,3,15,0,8,3,21,2,21,6,1,11,1,4,12,11,5,3,1,146,1,5,3,0,1,95,2,3,3,3,6,1,35,107,2,19,1,4,11,21,2,9,1,11,9,0,26,1,11,7,1,3,4,11,28,18,44,16,7,63,1,3,1,61,8,1,3,24,1,21,8,522,3,4,15,8,1,2,0,6,6,0,3,1,5,27,3,3,4,0,33,19,218,2,1,3,27,1,42,2,4,2,1,9,27,197,3,6,2,24,2,17,6,1,3,1781,0,38,13,2,9,4,5,9,4,0,1,13,0,9,9,1,67,7,7,2,4,15,9,4,1,3,9,4,1,1,30,3,5,8,3,2,2,2,1,1,8,107,11
"94","27 Jun",55,3,1,13,26,16,1,17,3,15,0,8,4,21,2,21,6,1,12,1,4,12,11,5,3,1,161,1,5,3,0,1,96,2,3,3,3,6,1,35,111,2,21,1,4,11,21,2,9,1,11,9,0,31,1,12,7,1,3,4,13,28,18,44,16,7,63,1,3,1,64,8,1,3,24,1,21,8,535,4,4,15,8,1,2,1,6,6,0,4,1,5,27,3,3,4,0,33,19,222,2,1,3,28,1,44,2,4,2,1,9,27,198,3,10,2,25,2,17,7,1,3,1803,0,39,15,2,9,4,5,9,4,0,1,13,0,9,9,1,67,7,7,2,4,16,9,4,1,3,9,4,1,1,30,4,5,8,3,2,2,2,1,1,8,108,11
"95","28 Jun",55,4,1,13,26,16,1,17,3,15,0,8,5,21,2,21,6,1,12,1,4,12,11,5,3,1,161,1,5,3,0,1,96,2,3,3,3,6,1,36,117,2,21,1,5,11,22,2,9,1,11,9,0,31,1,13,7,1,3,4,13,28,18,44,16,7,63,2,3,1,66,9,1,3,24,1,21,8,545,4,4,16,9,1,2,1,6,7,0,4,1,5,28,3,3,4,0,33,19,222,2,1,3,29,1,48,2,4,2,1,10,28,198,3,10,2,25,2,17,7,1,3,1807,1,39,15,2,9,4,5,9,4,0,1,13,0,9,9,1,67,7,7,2,4,16,9,4,1,3,9,4,1,1,30,4,6,8,3,2,2,2,1,1,8,108,11
"96","29 Jun",55,4,1,13,26,16,1,17,3,15,0,8,5,21,2,21,7,1,12,1,5,12,11,5,3,1,161,1,6,3,0,1,97,2,3,3,3,6,1,36,117,2,21,1,5,11,22,2,9,1,11,9,0,31,1,13,7,1,3,4,13,28,18,44,16,7,63,2,3,1,66,9,1,3,24,1,22,8,557,4,4,16,9,1,2,2,6,7,0,4,1,5,28,3,3,4,0,33,19,223,2,1,3,29,1,48,2,4,2,1,10,28,199,3,10,2,25,2,17,7,1,3,1816,1,39,15,2,9,4,5,9,4,0,1,13,0,9,10,1,67,7,7,2,4,16,10,4,1,3,9,4,1,1,30,4,6,8,3,2,2,2,1,1,8,108,11
"97","30 Jun",55,4,1,13,26,16,1,17,3,15,0,8,5,22,2,21,7,1,12,2,5,12,12,6,3,1,161,1,7,3,1,1,97,2,3,4,3,6,1,38,118,2,21,1,5,11,22,2,9,1,11,9,0,31,1,13,7,1,3,5,13,29,18,44,17,7,64,2,3,1,66,9,1,3,24,1,22,8,567,4,4,16,9,1,2,2,6,7,1,4,1,5,30,3,3,4,0,34,19,225,2,1,3,29,1,48,2,4,2,1,10,29,202,3,10,2,25,2,18,7,1,3,1825,1,39,15,2,9,4,5,9,4,0,1,14,0,9,10,1,70,7,7,2,4,16,10,4,1,3,9,4,1,1,30,4,6,8,3,2,2,2,1,1,8,108,11
"98","01 Jul",55,4,1,13,26,16,1,17,3,15,0,8,5,22,6,21,7,1,12,2,5,12,12,8,3,1,161,1,8,3,1,1,97,3,3,4,3,6,1,38,127,2,21,1,5,11,22,2,9,1,11,9,1,31,1,14,7,1,3,5,13,29,18,44,17,7,64,2,6,1,67,9,1,3,24,1,22,8,574,4,4,16,9,1,2,2,8,7,1,4,1,6,31,3,3,4,0,34,19,226,2,1,3,30,1,49,2,4,2,1,10,29,202,3,10,2,25,2,19,7,1,3,1851,1,39,15,2,9,4,5,9,4,0,1,16,0,9,10,1,70,7,7,2,4,16,10,4,1,3,9,4,1,1,30,4,6,8,3,2,2,2,1,1,8,108,11
"99","02 Jul",55,4,1,13,27,16,1,17,3,16,0,8,5,23,6,22,8,1,12,2,5,12,13,8,3,1,164,2,8,3,1,1,97,3,3,4,3,6,1,38,128,2,21,1,5,11,22,2,9,1,12,9,1,31,1,14,7,1,3,6,13,29,19,44,17,7,64,2,6,1,70,9,1,3,24,1,24,8,586,4,4,16,9,1,2,3,8,7,1,4,1,6,31,3,3,4,1,34,19,229,2,1,3,32,1,51,2,4,2,1,10,29,202,3,12,2,26,2,19,7,1,3,1872,1,39,15,2,9,4,6,10,4,0,1,17,0,10,11,1,73,7,8,2,4,16,10,4,1,3,9,4,1,1,30,4,6,8,3,2,2,2,1,1,8,108,12
"100","03 Jul",59,4,1,14,28,17,1,17,4,17,0,8,5,23,6,23,11,1,14,2,6,13,15,9,3,1,164,2,8,4,1,1,97,3,3,4,3,6,1,39,139,2,22,1,5,11,23,2,9,1,12,9,1,31,1,14,7,1,3,6,13,30,20,45,19,7,65,2,6,1,73,10,1,3,25,1,24,8,599,4,5,16,9,1,2,3,8,8,1,4,1,7,32,3,3,4,1,34,19,231,3,1,3,36,1,52,2,4,2,1,10,29,204,3,13,2,26,2,20,8,1,3,1883,2,39,17,2,9,4,6,13,4,0,1,17,0,10,11,1,73,7,9,2,4,17,10,4,1,3,9,4,1,1,31,4,6,8,3,2,2,2,1,1,8,110,12
"101","04 Jul",60,4,1,14,30,17,1,17,4,17,0,8,5,23,6,24,11,1,15,3,9,13,15,9,3,1,164,2,8,4,1,1,97,3,3,4,3,6,1,39,147,2,22,1,6,11,23,2,9,1,12,9,1,31,1,14,7,1,3,7,13,31,20,45,19,7,65,2,6,1,76,10,1,3,26,1,24,8,605,4,5,16,9,1,2,3,8,8,1,4,1,7,33,3,3,4,1,35,19,231,3,1,3,37,1,53,2,4,2,1,10,29,204,3,13,2,27,2,21,8,1,3,1892,2,39,17,2,9,4,6,13,5,0,1,17,1,10,11,1,74,8,9,2,4,17,10,4,1,3,9,4,1,1,31,4,6,8,3,2,2,2,1,1,8,110,13
"102","05 Jul",60,4,1,15,30,17,1,17,4,17,0,8,5,23,6,24,11,1,16,3,9,13,15,10,3,1,164,2,8,4,1,1,97,3,3,4,3,6,1,39,149,2,22,1,6,11,23,2,9,1,13,10,1,31,2,14,7,1,3,7,13,31,20,45,19,7,66,2,6,1,76,10,1,3,26,1,24,10,608,4,5,16,9,1,2,3,9,8,1,4,1,7,33,3,3,4,1,35,19,231,3,1,3,38,1,53,2,4,2,1,11,30,204,3,13,2,27,2,21,8,1,3,1897,2,39,17,2,10,4,6,13,5,0,1,17,1,10,11,1,74,8,9,2,4,17,10,4,1,3,9,4,1,1,31,4,6,8,3,2,2,2,1,2,8,111,13
"103","06 Jul",61,4,1,15,30,17,1,17,4,17,0,8,5,23,7,24,11,1,16,3,10,13,15,10,3,2,164,2,8,4,1,1,97,3,3,4,3,6,1,39,151,2,23,1,6,11,23,2,9,1,13,10,1,31,2,14,7,1,3,7,13,31,20,45,19,7,67,2,6,1,76,10,1,3,26,1,24,10,609,5,5,16,9,1,2,3,9,8,1,4,1,7,33,4,3,4,1,35,19,233,4,1,3,38,1,54,2,4,2,1,11,30,205,3,13,2,29,2,21,8,1,3,1897,2,39,17,2,10,4,6,14,5,0,1,17,1,10,11,1,74,8,9,3,4,17,10,4,1,4,9,4,1,1,31,4,6,8,3,2,2,2,1,2,8,111,13
"104","07 Jul",63,4,1,16,30,17,1,17,4,17,0,8,6,23,7,24,12,1,18,3,11,13,15,10,3,2,166,2,10,4,1,1,99,3,3,5,3,6,1,40,154,3,24,1,6,11,23,2,10,2,13,10,1,31,2,14,7,1,3,7,13,36,20,45,20,7,67,2,6,1,77,10,1,3,26,1,25,10,611,5,5,17,9,2,2,3,9,8,1,4,1,7,33,4,3,4,1,35,19,234,4,1,3,38,1,54,2,4,2,1,12,30,205,3,13,2,29,2,21,8,1,3,1924,2,39,17,2,10,4,6,14,5,0,1,17,1,10,11,1,76,9,9,3,4,17,10,4,1,4,9,4,1,1,32,4,6,9,3,2,2,2,1,2,8,112,13
"105","08 Jul",65,4,1,18,31,17,1,17,4,17,0,8,7,23,7,26,15,1,19,3,11,13,16,10,3,2,169,2,10,4,1,1,105,3,3,5,3,6,1,41,158,3,24,1,6,11,23,2,10,2,13,10,1,34,2,14,7,1,3,7,14,36,20,46,28,7,69,3,6,1,80,10,1,3,26,1,26,10,618,5,5,17,10,2,2,3,9,8,1,4,1,7,33,4,3,4,1,35,19,244,4,1,3,38,1,54,2,5,2,1,13,30,210,3,13,2,30,2,21,8,1,3,1927,2,40,17,2,10,4,6,14,5,0,1,17,1,10,12,1,79,9,10,3,4,17,10,4,1,4,9,4,1,1,33,4,6,9,4,2,2,2,1,2,8,116,13
"106","09 Jul",65,4,1,18,31,17,1,18,4,17,1,8,7,23,8,26,16,1,19,3,11,14,16,10,3,3,171,2,10,4,1,1,110,3,3,6,3,6,1,41,163,3,25,1,6,11,23,2,10,2,14,10,1,35,2,14,7,1,3,7,14,36,20,46,28,7,70,3,6,1,80,10,1,3,26,1,26,10,629,5,5,17,10,2,2,5,9,8,1,4,1,7,33,4,3,4,1,35,19,254,4,1,3,38,1,54,2,8,2,1,13,30,215,3,13,2,33,2,21,10,1,3,1946,2,40,18,2,10,4,7,17,5,0,1,17,3,10,12,1,80,9,10,3,4,17,11,4,1,4,9,4,1,1,33,4,6,9,4,2,2,2,1,2,8,116,13
"107","10 Jul",65,4,1,18,32,17,1,20,4,18,1,8,7,23,8,27,17,1,21,3,11,14,16,12,3,3,173,2,10,4,1,1,113,3,3,6,3,6,1,42,172,3,26,1,7,11,23,2,10,2,15,10,1,35,2,14,7,1,3,7,14,36,20,47,30,7,72,3,6,1,80,10,1,3,27,1,26,10,635,5,5,18,10,2,2,5,9,8,1,4,1,9,33,4,3,4,1,35,19,259,4,1,4,38,1,54,2,8,2,1,13,30,217,3,15,2,33,2,22,11,2,3,1954,2,40,19,2,10,6,7,18,5,0,1,17,3,10,12,1,82,9,11,3,4,17,12,4,1,4,9,4,1,1,34,4,6,9,4,2,2,2,1,2,8,117,13
"108","11 Jul",65,4,1,18,32,17,1,20,4,18,1,10,7,23,8,35,17,1,21,3,11,14,16,12,3,3,177,2,11,4,1,1,116,3,3,6,3,6,1,42,175,3,27,1,7,12,24,2,10,2,15,10,1,35,2,14,7,1,3,7,14,36,20,48,30,7,73,3,7,1,81,10,1,3,27,1,27,10,642,5,5,18,10,2,3,5,9,8,1,4,1,9,34,4,4,4,1,35,19,266,4,1,5,39,1,54,2,8,2,1,13,31,219,3,15,2,36,2,22,11,2,3,1966,2,40,19,2,10,6,7,18,5,1,1,18,3,10,12,1,84,9,11,3,4,17,12,4,1,4,11,4,1,1,34,5,6,9,4,2,2,2,1,2,8,118,13
"109","12 Jul",65,4,1,18,33,17,1,20,4,18,1,10,7,24,8,35,17,1,22,3,11,14,16,12,3,3,180,2,11,4,1,1,118,3,3,7,3,6,1,42,176,3,27,1,7,12,24,2,10,2,15,10,1,35,2,14,7,1,3,7,14,37,20,48,30,7,74,3,7,1,81,10,1,3,27,1,27,10,650,5,5,18,10,2,3,5,9,8,1,4,1,10,34,5,4,5,1,35,19,270,4,1,6,39,1,54,2,8,2,1,13,31,222,3,15,2,38,2,22,11,2,3,1968,2,40,19,2,10,6,7,19,5,1,1,18,3,10,12,1,84,10,11,3,4,17,12,4,1,4,11,4,1,1,34,5,6,9,4,2,2,2,1,2,8,120,13
"110","13 Jul",66,4,1,21,34,17,1,21,4,18,1,10,8,24,8,36,17,1,23,3,11,14,17,12,3,3,183,2,11,4,1,1,122,3,3,7,3,6,1,42,177,3,27,1,7,12,24,2,10,2,15,10,1,35,2,14,7,1,3,7,14,37,20,48,31,7,76,3,7,1,81,11,1,3,27,1,27,10,659,5,5,18,10,2,3,5,9,8,1,4,1,10,34,6,4,5,1,35,19,276,4,1,6,39,1,54,2,8,2,1,13,33,226,3,15,2,38,2,22,11,2,3,1974,2,40,19,2,10,6,7,22,5,1,1,18,3,10,12,1,86,10,11,3,4,17,13,4,1,4,11,4,1,1,34,6,6,9,4,2,2,2,1,2,8,120,13
"111","14 Jul",66,4,1,21,35,17,2,22,5,18,1,11,8,24,8,36,17,1,26,3,11,14,19,13,3,3,187,2,11,4,1,1,125,3,3,7,3,6,1,42,180,3,27,1,7,12,24,2,10,3,15,10,1,37,3,14,7,1,3,7,14,37,20,48,33,7,78,3,7,1,81,12,1,3,27,1,27,10,661,5,5,18,10,2,3,5,9,8,1,4,1,10,34,6,4,5,1,35,19,282,4,1,6,40,1,55,2,8,2,1,13,33,228,3,15,2,39,2,22,11,3,3,1985,2,40,19,2,10,6,7,25,5,1,1,18,3,13,12,1,87,10,11,4,4,17,13,4,1,4,11,4,1,1,34,6,6,9,4,2,2,2,1,2,8,120,13
"112","15 Jul",67,4,1,21,35,17,2,23,5,18,1,11,8,24,8,37,17,1,26,4,11,15,19,13,3,3,187,2,11,4,1,1,129,3,3,7,3,6,1,42,183,3,27,1,7,12,24,2,10,3,15,10,1,39,3,15,7,2,3,8,14,37,20,49,33,7,79,3,7,1,82,12,1,3,27,2,27,10,663,5,5,18,10,2,3,5,10,8,1,4,1,10,36,6,4,5,1,35,19,289,5,1,6,40,1,55,2,8,3,1,13,33,233,3,15,3,40,2,22,11,3,3,1997,2,40,19,2,10,6,7,25,5,1,1,18,5,13,12,1,88,10,11,4,4,17,13,4,1,4,11,4,1,1,34,6,6,9,4,2,2,2,1,2,8,120,13
"113","16 Jul",69,4,1,22,36,17,2,23,5,18,1,11,8,24,8,37,17,1,26,4,11,17,19,13,3,3,189,2,11,4,1,1,130,3,3,7,3,6,1,43,185,3,27,2,8,13,24,2,10,3,15,10,1,39,3,15,7,2,3,8,14,37,20,49,33,7,79,3,7,1,84,12,1,3,27,2,27,10,665,5,5,18,10,2,3,5,10,8,1,4,1,10,36,6,4,5,1,36,20,298,5,1,6,40,1,55,2,8,3,1,13,33,235,3,15,3,42,2,22,11,3,3,2020,2,41,19,2,10,6,7,25,5,1,1,19,6,13,12,1,89,10,11,4,4,17,13,5,1,4,12,4,1,1,34,6,6,9,4,2,2,2,1,2,8,120,13
"114","17 Jul",69,4,1,22,36,17,2,23,5,18,1,11,8,24,8,37,18,1,26,4,11,17,19,13,3,3,189,2,11,4,1,1,130,3,3,7,3,6,1,43,188,3,27,2,8,13,24,2,10,3,15,10,1,39,3,16,7,2,3,8,14,38,22,50,34,7,80,3,7,1,84,12,1,3,27,2,27,11,667,5,5,18,10,2,3,5,10,8,2,4,1,10,36,6,4,5,1,36,20,304,5,1,6,40,1,55,2,8,3,1,14,34,235,3,15,3,43,2,22,11,3,3,2024,2,41,19,2,11,6,7,26,5,1,1,19,6,13,12,1,90,11,11,4,5,17,14,5,1,4,12,4,1,1,34,6,6,9,4,2,2,2,1,2,8,120,13
"115","18 Jul",70,4,1,22,36,18,2,23,5,19,1,11,8,25,8,37,18,1,26,4,11,18,19,13,3,4,191,2,12,4,1,1,132,3,3,7,3,6,1,43,188,3,27,2,8,13,24,2,10,3,15,10,1,39,3,16,7,2,3,8,14,39,22,51,34,7,82,3,7,1,85,13,1,3,27,2,27,11,672,5,5,18,10,2,4,5,10,8,3,4,1,11,36,6,4,5,1,36,21,311,5,1,6,41,1,55,2,8,3,1,15,34,238,3,16,3,44,2,22,11,3,3,2032,2,41,19,2,11,6,7,27,5,1,2,19,6,13,13,1,94,11,14,4,5,17,14,5,1,5,12,4,1,1,34,6,6,9,4,2,2,2,1,2,8,120,13
"116","19 Jul",73,4,1,23,37,18,2,23,5,21,1,11,8,25,9,37,20,1,26,4,11,18,20,13,3,4,194,2,12,5,1,1,135,3,3,8,3,6,1,43,191,3,28,2,8,13,24,2,10,3,15,10,1,39,3,16,7,2,3,8,14,39,22,53,35,7,83,3,7,1,85,13,1,3,28,2,27,11,676,5,5,18,10,2,4,5,10,8,3,4,1,13,36,6,4,5,1,36,21,317,5,1,6,41,1,55,2,8,3,1,15,34,244,3,16,3,44,2,22,11,3,3,2035,2,41,19,2,11,6,7,27,6,1,2,19,6,13,14,1,95,11,14,4,5,17,16,5,2,5,12,4,1,1,34,6,6,9,4,2,2,2,1,2,8,121,13
"117","20 Jul",75,4,1,23,37,18,2,24,5,21,1,11,8,25,9,37,21,1,26,5,11,19,20,13,3,4,196,2,12,5,1,1,136,3,3,9,3,6,1,44,194,3,28,2,8,13,24,2,10,3,15,10,1,39,3,16,8,2,3,8,14,39,23,53,36,7,83,3,7,1,86,13,1,4,28,2,27,11,680,5,5,18,10,2,4,5,10,8,3,4,2,13,38,6,4,5,1,36,21,329,5,1,6,42,1,56,2,8,3,1,15,34,248,3,16,3,47,3,22,11,3,3,2036,2,41,19,2,11,6,7,27,6,1,2,20,6,13,14,1,96,11,14,4,5,17,16,5,2,6,12,4,1,1,34,6,6,9,4,2,2,2,1,2,8,121,13
"118","21 Jul",75,5,1,23,37,18,2,24,5,21,1,11,8,25,9,37,21,1,27,5,11,19,20,13,3,4,197,2,13,5,1,1,138,3,3,9,3,6,1,44,203,3,28,2,8,13,24,2,10,4,16,10,1,39,3,16,8,2,3,8,14,40,23,53,36,7,83,3,7,1,88,13,1,4,28,2,27,11,684,6,5,18,11,2,4,5,10,8,3,4,2,13,38,6,4,5,1,36,22,334,5,1,6,44,1,56,2,9,4,1,15,35,253,3,16,3,47,3,22,11,3,3,2040,2,41,19,2,11,6,7,29,7,1,2,20,6,13,14,1,97,11,15,4,5,17,16,5,2,6,12,4,1,1,34,7,6,9,4,2,2,2,1,2,8,122,13
