"Data","macro","total_cases","media_movel"
2020-03-12,1,NA,NA
2020-03-13,1,0,NA
2020-03-14,1,4,NA
2020-03-15,1,1,NA
2020-03-16,1,7,NA
2020-03-17,1,1,NA
2020-03-18,1,3,NA
2020-03-19,1,6,3.14285714285714
2020-03-20,1,3,3.57142857142857
2020-03-21,1,2,3.28571428571429
2020-03-22,1,4,3.71428571428571
2020-03-23,1,2,3
2020-03-24,1,0,2.85714285714286
2020-03-25,1,0,2.42857142857143
2020-03-26,1,0,1.57142857142857
2020-03-27,1,13,3
2020-03-28,1,11,4.28571428571429
2020-03-29,1,5,4.42857142857143
2020-03-30,1,4,4.71428571428571
2020-03-31,1,9,6
2020-04-01,1,8,7.14285714285714
2020-04-02,1,11,8.71428571428571
2020-04-03,1,30,11.1428571428571
2020-04-04,1,38,15
2020-04-05,1,25,17.8571428571429
2020-04-06,1,20,20.1428571428571
2020-04-07,1,126,36.8571428571429
2020-04-08,1,46,42.2857142857143
2020-04-09,1,146,61.5714285714286
2020-04-10,1,123,74.8571428571429
2020-04-11,1,122,86.8571428571429
2020-04-12,1,139,103.142857142857
2020-04-13,1,188,127.142857142857
2020-04-14,1,127,127.285714285714
2020-04-15,1,191,148
2020-04-16,1,194,154.857142857143
2020-04-17,1,306,181
2020-04-18,1,183,189.714285714286
2020-04-19,1,241,204.285714285714
2020-04-20,1,229,210.142857142857
2020-04-21,1,209,221.857142857143
2020-04-22,1,376,248.285714285714
2020-04-23,1,299,263.285714285714
2020-04-24,1,389,275.142857142857
2020-04-25,1,486,318.428571428571
2020-04-26,1,359,335.285714285714
2020-04-27,1,446,366.285714285714
2020-04-28,1,352,386.714285714286
2020-04-29,1,454,397.857142857143
2020-04-30,1,655,448.714285714286
2020-05-01,1,445,456.714285714286
2020-05-02,1,752,494.714285714286
2020-05-03,1,480,512
2020-05-04,1,205,477.571428571429
2020-05-05,1,389,482.857142857143
2020-05-06,1,552,496.857142857143
2020-05-07,1,891,530.571428571429
2020-05-08,1,716,569.285714285714
2020-05-09,1,835,581.142857142857
2020-05-10,1,755,620.428571428571
2020-05-11,1,446,654.857142857143
2020-05-12,1,511,672.285714285714
2020-05-13,1,539,670.428571428571
2020-05-14,1,658,637.142857142857
2020-05-15,1,572,616.571428571429
2020-05-16,1,2061,791.714285714286
2020-05-17,1,881,809.714285714286
2020-05-18,1,592,830.571428571429
2020-05-19,1,1034,905.285714285714
2020-05-20,1,1142,991.428571428571
2020-05-21,1,1157,1062.71428571429
2020-05-22,1,1686,1221.85714285714
2020-05-23,1,862,1050.57142857143
2020-05-24,1,835,1044
2020-05-25,1,548,1037.71428571429
2020-05-26,1,428,951.142857142857
2020-05-27,1,904,917.142857142857
2020-05-28,1,700,851.857142857143
2020-05-29,1,1325,800.285714285714
2020-05-30,1,955,813.571428571429
2020-05-31,1,801,808.714285714286
2020-06-01,1,362,782.142857142857
2020-06-02,1,481,789.714285714286
2020-06-03,1,689,759
2020-06-04,1,843,779.428571428571
2020-06-05,1,756,698.142857142857
2020-06-06,1,589,645.857142857143
2020-06-07,1,667,626.714285714286
2020-06-08,1,378,629
2020-06-09,1,219,591.571428571429
2020-06-10,1,698,592.857142857143
2020-06-11,1,783,584.285714285714
2020-06-12,1,641,567.857142857143
2020-06-13,1,642,575.428571428571
2020-06-14,1,404,537.857142857143
2020-06-15,1,184,510.142857142857
2020-06-16,1,608,565.714285714286
2020-06-17,1,670,561.714285714286
2020-06-18,1,829,568.285714285714
2020-06-19,1,759,585.142857142857
2020-06-20,1,837,613
2020-06-21,1,671,651.142857142857
2020-06-22,1,247,660.142857142857
2020-06-23,1,214,603.857142857143
2020-06-24,1,746,614.714285714286
2020-06-25,1,669,591.857142857143
2020-06-26,1,286,524.285714285714
2020-06-27,1,778,515.857142857143
2020-06-28,1,552,498.857142857143
2020-06-29,1,212,493.857142857143
2020-06-30,1,188,490.142857142857
2020-07-01,1,459,449.142857142857
2020-07-02,1,774,464.142857142857
2020-07-03,1,556,502.714285714286
2020-07-04,1,515,465.142857142857
2020-07-05,1,897,514.428571428571
2020-07-06,1,265,522
2020-07-07,1,275,534.428571428571
2020-07-08,1,772,579.142857142857
2020-07-09,1,590,552.857142857143
2020-07-10,1,681,570.714285714286
2020-07-11,1,614,584.857142857143
2020-07-12,1,599,542.285714285714
2020-07-13,1,222,536.142857142857
2020-07-14,1,320,542.571428571429
2020-07-15,1,693,531.285714285714
2020-07-16,1,556,526.428571428571
2020-07-17,1,658,523.142857142857
2020-07-18,1,444,498.857142857143
2020-07-19,1,514,486.714285714286
2020-07-20,1,413,514
2020-07-21,1,170,492.571428571429
2020-07-22,1,413,452.571428571429
2020-07-23,1,1021,519
2020-07-24,1,800,539.285714285714
2020-07-25,1,781,587.428571428571
2020-07-26,1,825,631.857142857143
2020-07-27,1,313,617.571428571429
2020-07-28,1,297,635.714285714286
2020-07-29,1,641,668.285714285714
2020-07-30,1,661,616.857142857143
2020-07-31,1,596,587.714285714286
2020-08-01,1,837,595.714285714286
2020-08-02,1,589,562
2020-08-03,1,182,543.285714285714
2020-08-04,1,206,530.285714285714
2020-08-05,1,577,521.142857142857
2020-08-06,1,431,488.285714285714
2020-08-07,1,581,486.142857142857
2020-08-08,1,532,442.571428571429
2020-08-09,1,417,418
2020-08-10,1,140,412
2020-08-11,1,319,428.142857142857
2020-08-12,1,644,437.714285714286
2020-08-13,1,674,472.428571428571
2020-08-14,1,795,503
2020-08-15,1,584,510.428571428571
2020-08-16,1,493,521.285714285714
2020-08-17,1,116,517.857142857143
2020-08-18,1,247,507.571428571429
2020-08-19,1,524,490.428571428571
2020-08-20,1,354,444.714285714286
2020-08-21,1,451,395.571428571429
2020-08-22,1,223,344
2020-08-23,1,421,333.714285714286
2020-08-24,1,120,334.285714285714
2020-08-25,1,212,329.285714285714
2020-08-26,1,389,310
2020-08-27,1,341,308.142857142857
2020-08-28,1,227,276.142857142857
2020-08-29,1,239,278.428571428571
2020-08-30,1,250,254
2020-08-31,1,67,246.428571428571
2020-09-01,1,1225,391.142857142857
2020-09-02,1,511,408.571428571429
2020-09-03,1,517,433.714285714286
2020-09-04,1,335,449.142857142857
2020-09-05,1,245,450
2020-09-06,1,113,430.428571428571
2020-09-07,1,66,430.285714285714
2020-09-08,1,61,264
2020-09-09,1,426,251.857142857143
2020-09-10,1,492,248.285714285714
2020-09-11,1,455,265.428571428571
2020-09-12,1,315,275.428571428571
2020-09-13,1,163,282.571428571429
2020-09-14,1,128,291.428571428571
2020-09-15,1,486,352.142857142857
2020-09-16,1,312,335.857142857143
2020-09-17,1,359,316.857142857143
2020-09-18,1,375,305.428571428571
2020-09-19,1,324,306.714285714286
2020-09-20,1,413,342.428571428571
2020-09-21,1,212,354.428571428571
2020-09-22,1,317,330.285714285714
2020-09-23,1,209,315.571428571429
2020-09-24,1,250,300
2020-09-25,1,220,277.857142857143
2020-09-26,1,212,261.857142857143
2020-09-27,1,21,205.857142857143
2020-09-28,1,29,179.714285714286
2020-09-29,1,611,221.714285714286
2020-09-30,1,325,238.285714285714
2020-10-01,1,315,247.571428571429
2020-10-02,1,328,263
2020-10-03,1,252,268.714285714286
2020-10-04,1,32,270.285714285714
2020-10-05,1,26,269.857142857143
2020-10-06,1,280,222.571428571429
2020-10-07,1,465,242.571428571429
2020-10-08,1,224,229.571428571429
2020-10-09,1,210,212.714285714286
2020-10-10,1,234,210.142857142857
2020-10-11,1,108,221
2020-10-12,1,27,221.142857142857
2020-10-13,1,21,184.142857142857
2020-10-14,1,244,152.571428571429
2020-10-15,1,372,173.714285714286
2020-10-16,1,276,183.142857142857
2020-10-17,1,138,169.428571428571
2020-10-18,1,57,162.142857142857
2020-10-19,1,40,164
2020-10-20,1,310,205.285714285714
2020-10-21,1,260,207.571428571429
2020-10-22,1,101,168.857142857143
2020-10-23,1,317,174.714285714286
2020-10-24,1,336,203
2020-10-25,1,85,207
2020-10-26,1,25,204.857142857143
2020-10-27,1,261,197.857142857143
2020-10-28,1,297,203.142857142857
2020-10-29,1,289,230
2020-10-30,1,237,218.571428571429
2020-10-31,1,216,201.428571428571
2020-11-01,1,25,192.857142857143
2020-11-02,1,41,195.142857142857
2020-11-03,1,39,163.428571428571
2020-11-04,1,191,148.285714285714
2020-11-05,1,232,140.142857142857
2020-11-06,1,395,162.714285714286
2020-11-07,1,213,162.285714285714
2020-11-08,1,134,177.857142857143
2020-11-09,1,57,180.142857142857
2020-11-10,1,258,211.428571428571
2020-11-11,1,375,237.714285714286
2020-11-12,1,316,249.714285714286
2020-11-13,1,232,226.428571428571
2020-11-14,1,416,255.428571428571
2020-11-15,1,65,245.571428571429
2020-11-16,1,293,279.285714285714
2020-11-17,1,333,290
2020-11-18,1,375,290
2020-11-19,1,399,301.857142857143
2020-11-20,1,311,313.142857142857
2020-11-21,1,515,327.285714285714
2020-11-22,1,159,340.714285714286
2020-11-23,1,332,346.285714285714
2020-11-24,1,464,365
2020-11-25,1,680,408.571428571429
2020-11-26,1,235,385.142857142857
2020-11-27,1,339,389.142857142857
2020-11-28,1,1023,461.714285714286
2020-11-29,1,114,455.285714285714
2020-11-30,1,296,450.142857142857
2020-12-01,1,1003,527.142857142857
2020-12-02,1,688,528.285714285714
2020-12-03,1,796,608.428571428571
2020-12-04,1,414,619.142857142857
2020-12-05,1,511,546
2020-12-06,1,325,576.142857142857
2020-12-07,1,515,607.428571428571
2020-12-08,1,522,538.714285714286
2020-12-09,1,471,507.714285714286
2020-12-10,1,705,494.714285714286
2020-12-11,1,954,571.857142857143
2020-12-12,1,800,613.142857142857
2020-12-13,1,155,588.857142857143
2020-12-14,1,285,556
2020-12-15,1,366,533.714285714286
2020-12-16,1,1258,646.142857142857
2020-12-17,1,750,652.571428571429
2020-12-18,1,819,633.285714285714
2020-12-19,1,985,659.714285714286
2020-12-20,1,95,651.142857142857
2020-12-21,1,373,663.714285714286
2020-12-22,1,983,751.857142857143
2020-12-23,1,990,713.571428571429
2020-12-24,1,658,700.428571428571
2020-12-25,1,539,660.428571428571
2020-12-26,1,231,552.714285714286
2020-12-27,1,471,606.428571428571
2020-12-28,1,377,607
2020-12-29,1,1026,613.142857142857
2020-12-30,1,1372,667.714285714286
2020-12-31,1,1123,734.142857142857
2021-01-01,1,505,729.285714285714
2021-01-02,1,242,730.857142857143
2021-01-03,1,156,685.857142857143
2021-01-04,1,226,664.285714285714
2021-01-05,1,898,646
2021-01-06,1,941,584.428571428571
2021-01-07,1,893,551.571428571429
2021-01-08,1,577,561.857142857143
2021-01-09,1,489,597.142857142857
2021-01-10,1,673,671
2021-01-11,1,161,661.714285714286
2021-01-12,1,729,637.571428571429
2021-01-13,1,869,627.285714285714
2021-01-14,1,624,588.857142857143
2021-01-15,1,745,612.857142857143
2021-01-16,1,619,631.428571428571
2021-01-17,1,335,583.142857142857
2021-01-18,1,157,582.571428571429
2021-01-19,1,759,586.857142857143
2021-01-20,1,791,575.714285714286
2021-01-21,1,963,624.142857142857
2021-01-22,1,724,621.142857142857
2021-01-23,1,711,634.285714285714
2021-01-24,1,299,629.142857142857
2021-01-25,1,398,663.571428571429
2021-01-26,1,1023,701.285714285714
2021-01-27,1,1112,747.142857142857
2021-01-28,1,777,720.571428571429
2021-01-29,1,804,732
2021-01-30,1,1094,786.714285714286
2021-01-31,1,486,813.428571428571
2021-02-01,1,392,812.571428571429
2021-02-02,1,801,780.857142857143
2021-02-03,1,900,750.571428571429
2021-02-04,1,900,768.142857142857
2021-02-05,1,778,764.428571428571
2021-02-06,1,685,706
2021-02-07,1,745,743
2021-02-08,1,623,776
2021-02-09,1,903,790.571428571429
2021-02-10,1,858,784.571428571429
2021-02-11,1,1008,800
2021-02-12,1,928,821.428571428571
2021-02-13,1,1190,893.571428571429
2021-02-14,1,744,893.428571428571
2021-02-15,1,712,906.142857142857
2021-02-16,1,978,916.857142857143
2021-02-17,1,1274,976.285714285714
2021-02-18,1,1761,1083.85714285714
2021-02-19,1,845,1072
2021-02-20,1,619,990.428571428571
2021-02-21,1,768,993.857142857143
2021-02-22,1,572,973.857142857143
2021-02-23,1,984,974.714285714286
2021-02-24,1,946,927.857142857143
2021-02-25,1,619,764.714285714286
2021-02-26,1,1009,788.142857142857
2021-02-27,1,814,816
2021-02-28,1,429,767.571428571429
2021-03-01,1,557,765.428571428571
2021-03-02,1,817,741.571428571429
2021-03-03,1,927,738.857142857143
2021-03-04,1,1056,801.285714285714
2021-03-05,1,755,765
2021-03-06,1,1065,800.857142857143
2021-03-07,1,222,771.285714285714
2021-03-08,1,276,731.142857142857
2021-03-09,1,481,683.142857142857
2021-03-10,1,858,673.285714285714
2021-03-11,1,923,654.285714285714
2021-03-12,1,813,662.571428571429
2021-03-13,1,1020,656.142857142857
2021-03-14,1,870,748.714285714286
2021-03-15,1,678,806.142857142857
2021-03-16,1,1726,984
2021-03-17,1,1528,1079.71428571429
2021-03-18,1,1459,1156.28571428571
2021-03-19,1,1498,1254.14285714286
2021-03-20,1,1435,1313.42857142857
2021-03-21,1,840,1309.14285714286
2021-03-22,1,529,1287.85714285714
2021-03-23,1,1248,1219.57142857143
2021-03-24,1,1738,1249.57142857143
2021-03-25,1,1770,1294
2021-03-26,1,1440,1285.71428571429
2021-03-27,1,1321,1269.42857142857
2021-03-28,1,0,1149.42857142857
2021-03-29,1,0,1073.85714285714
2021-03-30,1,2258,1218.14285714286
2021-03-31,1,1681,1210
2021-04-01,1,1816,1216.57142857143
2021-04-02,1,1301,1196.71428571429
2021-04-03,1,790,1120.85714285714
2021-04-04,1,495,1191.57142857143
2021-04-05,1,563,1272
2021-04-06,1,1130,1110.85714285714
2021-04-07,1,1842,1133.85714285714
2021-04-08,1,1723,1120.57142857143
2021-04-09,1,1207,1107.14285714286
2021-04-10,1,1397,1193.85714285714
2021-04-11,1,573,1205
2021-04-12,1,512,1197.71428571429
2021-04-13,1,1435,1241.28571428571
2021-04-14,1,1499,1192.28571428571
2021-04-15,1,858,1068.71428571429
2021-04-16,1,0,896.285714285714
2021-04-17,1,1793,952.857142857143
2021-04-18,1,954,1007.28571428571
2021-04-19,1,829,1052.57142857143
2021-04-20,1,0,847.571428571429
2021-04-21,1,0,633.428571428571
2021-04-22,1,4189,1109.28571428571
2020-03-12,2,NA,NA
2020-03-13,2,0,NA
2020-03-14,2,0,NA
2020-03-15,2,0,NA
2020-03-16,2,1,NA
2020-03-17,2,0,NA
2020-03-18,2,0,NA
2020-03-19,2,0,0.142857142857143
2020-03-20,2,0,0.142857142857143
2020-03-21,2,0,0.142857142857143
2020-03-22,2,0,0.142857142857143
2020-03-23,2,1,0.142857142857143
2020-03-24,2,0,0.142857142857143
2020-03-25,2,0,0.142857142857143
2020-03-26,2,0,0.142857142857143
2020-03-27,2,0,0.142857142857143
2020-03-28,2,0,0.142857142857143
2020-03-29,2,0,0.142857142857143
2020-03-30,2,0,0
2020-03-31,2,0,0
2020-04-01,2,0,0
2020-04-02,2,0,0
2020-04-03,2,0,0
2020-04-04,2,1,0.142857142857143
2020-04-05,2,0,0.142857142857143
2020-04-06,2,2,0.428571428571429
2020-04-07,2,0,0.428571428571429
2020-04-08,2,0,0.428571428571429
2020-04-09,2,5,1.14285714285714
2020-04-10,2,3,1.57142857142857
2020-04-11,2,9,2.71428571428571
2020-04-12,2,3,3.14285714285714
2020-04-13,2,3,3.28571428571429
2020-04-14,2,0,3.28571428571429
2020-04-15,2,3,3.71428571428571
2020-04-16,2,3,3.42857142857143
2020-04-17,2,13,4.85714285714286
2020-04-18,2,4,4.14285714285714
2020-04-19,2,5,4.42857142857143
2020-04-20,2,1,4.14285714285714
2020-04-21,2,4,4.71428571428571
2020-04-22,2,3,4.71428571428571
2020-04-23,2,2,4.57142857142857
2020-04-24,2,11,4.28571428571429
2020-04-25,2,9,5
2020-04-26,2,9,5.57142857142857
2020-04-27,2,8,6.57142857142857
2020-04-28,2,7,7
2020-04-29,2,7,7.57142857142857
2020-04-30,2,17,9.71428571428571
2020-05-01,2,11,9.71428571428571
2020-05-02,2,23,11.7142857142857
2020-05-03,2,5,11.1428571428571
2020-05-04,2,7,11
2020-05-05,2,20,12.8571428571429
2020-05-06,2,8,13
2020-05-07,2,23,13.8571428571429
2020-05-08,2,26,16
2020-05-09,2,27,16.5714285714286
2020-05-10,2,39,21.4285714285714
2020-05-11,2,34,25.2857142857143
2020-05-12,2,17,24.8571428571429
2020-05-13,2,46,30.2857142857143
2020-05-14,2,24,30.4285714285714
2020-05-15,2,35,31.7142857142857
2020-05-16,2,143,48.2857142857143
2020-05-17,2,48,49.5714285714286
2020-05-18,2,44,51
2020-05-19,2,73,59
2020-05-20,2,120,69.5714285714286
2020-05-21,2,124,83.8571428571429
2020-05-22,2,77,89.8571428571429
2020-05-23,2,103,84.1428571428571
2020-05-24,2,81,88.8571428571429
2020-05-25,2,32,87.1428571428571
2020-05-26,2,41,82.5714285714286
2020-05-27,2,119,82.4285714285714
2020-05-28,2,57,72.8571428571429
2020-05-29,2,134,81
2020-05-30,2,141,86.4285714285714
2020-05-31,2,155,97
2020-06-01,2,63,101.428571428571
2020-06-02,2,79,106.857142857143
2020-06-03,2,174,114.714285714286
2020-06-04,2,116,123.142857142857
2020-06-05,2,162,127.142857142857
2020-06-06,2,165,130.571428571429
2020-06-07,2,111,124.285714285714
2020-06-08,2,35,120.285714285714
2020-06-09,2,69,118.857142857143
2020-06-10,2,150,115.428571428571
2020-06-11,2,189,125.857142857143
2020-06-12,2,171,127.142857142857
2020-06-13,2,112,119.571428571429
2020-06-14,2,141,123.857142857143
2020-06-15,2,40,124.571428571429
2020-06-16,2,204,143.857142857143
2020-06-17,2,192,149.857142857143
2020-06-18,2,190,150
2020-06-19,2,228,158.142857142857
2020-06-20,2,263,179.714285714286
2020-06-21,2,199,188
2020-06-22,2,77,193.285714285714
2020-06-23,2,78,175.285714285714
2020-06-24,2,284,188.428571428571
2020-06-25,2,293,203.142857142857
2020-06-26,2,301,213.571428571429
2020-06-27,2,322,222
2020-06-28,2,288,234.714285714286
2020-06-29,2,107,239
2020-06-30,2,152,249.571428571429
2020-07-01,2,233,242.285714285714
2020-07-02,2,354,251
2020-07-03,2,505,280.142857142857
2020-07-04,2,416,293.571428571429
2020-07-05,2,512,325.571428571429
2020-07-06,2,174,335.142857142857
2020-07-07,2,177,338.714285714286
2020-07-08,2,448,369.428571428571
2020-07-09,2,337,367
2020-07-10,2,391,350.714285714286
2020-07-11,2,429,352.571428571429
2020-07-12,2,367,331.857142857143
2020-07-13,2,116,323.571428571429
2020-07-14,2,233,331.571428571429
2020-07-15,2,431,329.142857142857
2020-07-16,2,396,337.571428571429
2020-07-17,2,377,335.571428571429
2020-07-18,2,414,333.428571428571
2020-07-19,2,268,319.285714285714
2020-07-20,2,175,327.714285714286
2020-07-21,2,52,301.857142857143
2020-07-22,2,316,285.428571428571
2020-07-23,2,453,293.571428571429
2020-07-24,2,583,323
2020-07-25,2,479,332.285714285714
2020-07-26,2,448,358
2020-07-27,2,176,358.142857142857
2020-07-28,2,114,367
2020-07-29,2,560,401.857142857143
2020-07-30,2,551,415.857142857143
2020-07-31,2,551,411.285714285714
2020-08-01,2,402,400.285714285714
2020-08-02,2,338,384.571428571429
2020-08-03,2,159,382.142857142857
2020-08-04,2,140,385.857142857143
2020-08-05,2,419,365.714285714286
2020-08-06,2,362,338.714285714286
2020-08-07,2,384,314.857142857143
2020-08-08,2,311,301.857142857143
2020-08-09,2,301,296.571428571429
2020-08-10,2,38,279.285714285714
2020-08-11,2,116,275.857142857143
2020-08-12,2,315,261
2020-08-13,2,392,265.285714285714
2020-08-14,2,382,265
2020-08-15,2,331,267.857142857143
2020-08-16,2,395,281.285714285714
2020-08-17,2,30,280.142857142857
2020-08-18,2,117,280.285714285714
2020-08-19,2,341,284
2020-08-20,2,283,268.428571428571
2020-08-21,2,269,252.285714285714
2020-08-22,2,177,230.285714285714
2020-08-23,2,271,212.571428571429
2020-08-24,2,39,213.857142857143
2020-08-25,2,166,220.857142857143
2020-08-26,2,293,214
2020-08-27,2,328,220.428571428571
2020-08-28,2,268,220.285714285714
2020-08-29,2,256,231.571428571429
2020-08-30,2,197,221
2020-08-31,2,46,222
2020-09-01,2,877,323.571428571429
2020-09-02,2,414,340.857142857143
2020-09-03,2,470,361.142857142857
2020-09-04,2,272,361.714285714286
2020-09-05,2,242,359.714285714286
2020-09-06,2,20,334.428571428571
2020-09-07,2,54,335.571428571429
2020-09-08,2,28,214.285714285714
2020-09-09,2,235,188.714285714286
2020-09-10,2,248,157
2020-09-11,2,177,143.428571428571
2020-09-12,2,186,135.428571428571
2020-09-13,2,45,139
2020-09-14,2,25,134.857142857143
2020-09-15,2,224,162.857142857143
2020-09-16,2,137,148.857142857143
2020-09-17,2,143,133.857142857143
2020-09-18,2,246,143.714285714286
2020-09-19,2,268,155.428571428571
2020-09-20,2,13,150.857142857143
2020-09-21,2,13,149.142857142857
2020-09-22,2,220,148.571428571429
2020-09-23,2,249,164.571428571429
2020-09-24,2,127,162.285714285714
2020-09-25,2,180,152.857142857143
2020-09-26,2,216,145.428571428571
2020-09-27,2,26,147.285714285714
2020-09-28,2,29,149.571428571429
2020-09-29,2,330,165.285714285714
2020-09-30,2,291,171.285714285714
2020-10-01,2,230,186
2020-10-02,2,199,188.714285714286
2020-10-03,2,154,179.857142857143
2020-10-04,2,11,177.714285714286
2020-10-05,2,7,174.571428571429
2020-10-06,2,160,150.285714285714
2020-10-07,2,224,140.714285714286
2020-10-08,2,177,133.142857142857
2020-10-09,2,260,141.857142857143
2020-10-10,2,162,143
2020-10-11,2,33,146.142857142857
2020-10-12,2,1,145.285714285714
2020-10-13,2,7,123.428571428571
2020-10-14,2,231,124.428571428571
2020-10-15,2,199,127.571428571429
2020-10-16,2,207,120
2020-10-17,2,121,114.142857142857
2020-10-18,2,7,110.428571428571
2020-10-19,2,19,113
2020-10-20,2,148,133.142857142857
2020-10-21,2,130,118.714285714286
2020-10-22,2,109,105.857142857143
2020-10-23,2,200,104.857142857143
2020-10-24,2,166,111.285714285714
2020-10-25,2,23,113.571428571429
2020-10-26,2,17,113.285714285714
2020-10-27,2,226,124.428571428571
2020-10-28,2,162,129
2020-10-29,2,93,126.714285714286
2020-10-30,2,215,128.857142857143
2020-10-31,2,82,116.857142857143
2020-11-01,2,19,116.285714285714
2020-11-02,2,6,114.714285714286
2020-11-03,2,9,83.7142857142857
2020-11-04,2,130,79.1428571428571
2020-11-05,2,113,82
2020-11-06,2,191,78.5714285714286
2020-11-07,2,185,93.2857142857143
2020-11-08,2,72,100.857142857143
2020-11-09,2,13,101.857142857143
2020-11-10,2,186,127.142857142857
2020-11-11,2,205,137.857142857143
2020-11-12,2,146,142.571428571429
2020-11-13,2,117,132
2020-11-14,2,106,120.714285714286
2020-11-15,2,17,112.857142857143
2020-11-16,2,2,111.285714285714
2020-11-17,2,163,108
2020-11-18,2,154,100.714285714286
2020-11-19,2,137,99.4285714285714
2020-11-20,2,119,99.7142857142857
2020-11-21,2,126,102.571428571429
2020-11-22,2,47,106.857142857143
2020-11-23,2,22,109.714285714286
2020-11-24,2,162,109.571428571429
2020-11-25,2,177,112.857142857143
2020-11-26,2,125,111.142857142857
2020-11-27,2,104,109
2020-11-28,2,340,139.571428571429
2020-11-29,2,33,137.571428571429
2020-11-30,2,47,141.142857142857
2020-12-01,2,333,165.571428571429
2020-12-02,2,266,178.285714285714
2020-12-03,2,203,189.428571428571
2020-12-04,2,322,220.571428571429
2020-12-05,2,398,228.857142857143
2020-12-06,2,67,233.714285714286
2020-12-07,2,48,233.857142857143
2020-12-08,2,180,212
2020-12-09,2,328,220.857142857143
2020-12-10,2,404,249.571428571429
2020-12-11,2,368,256.142857142857
2020-12-12,2,190,226.428571428571
2020-12-13,2,36,222
2020-12-14,2,46,221.714285714286
2020-12-15,2,228,228.571428571429
2020-12-16,2,381,236.142857142857
2020-12-17,2,353,228.857142857143
2020-12-18,2,286,217.142857142857
2020-12-19,2,271,228.714285714286
2020-12-20,2,109,239.142857142857
2020-12-21,2,75,243.285714285714
2020-12-22,2,309,254.857142857143
2020-12-23,2,356,251.285714285714
2020-12-24,2,295,243
2020-12-25,2,154,224.142857142857
2020-12-26,2,57,193.571428571429
2020-12-27,2,69,187.857142857143
2020-12-28,2,43,183.285714285714
2020-12-29,2,305,182.714285714286
2020-12-30,2,412,190.714285714286
2020-12-31,2,258,185.428571428571
2021-01-01,2,123,181
2021-01-02,2,34,177.714285714286
2021-01-03,2,26,171.571428571429
2021-01-04,2,37,170.714285714286
2021-01-05,2,180,152.857142857143
2021-01-06,2,276,133.428571428571
2021-01-07,2,265,134.428571428571
2021-01-08,2,267,155
2021-01-09,2,249,185.714285714286
2021-01-10,2,73,192.428571428571
2021-01-11,2,69,197
2021-01-12,2,270,209.857142857143
2021-01-13,2,388,225.857142857143
2021-01-14,2,274,227.142857142857
2021-01-15,2,401,246.285714285714
2021-01-16,2,412,269.571428571429
2021-01-17,2,71,269.285714285714
2021-01-18,2,89,272.142857142857
2021-01-19,2,429,294.857142857143
2021-01-20,2,437,301.857142857143
2021-01-21,2,331,310
2021-01-22,2,515,326.285714285714
2021-01-23,2,435,329.571428571429
2021-01-24,2,108,334.857142857143
2021-01-25,2,113,338.285714285714
2021-01-26,2,534,353.285714285714
2021-01-27,2,416,350.285714285714
2021-01-28,2,274,342.142857142857
2021-01-29,2,429,329.857142857143
2021-01-30,2,358,318.857142857143
2021-01-31,2,64,312.571428571429
2021-02-01,2,31,300.857142857143
2021-02-02,2,362,276.285714285714
2021-02-03,2,273,255.857142857143
2021-02-04,2,313,261.428571428571
2021-02-05,2,403,257.714285714286
2021-02-06,2,245,241.571428571429
2021-02-07,2,41,238.285714285714
2021-02-08,2,69,243.714285714286
2021-02-09,2,345,241.285714285714
2021-02-10,2,284,242.857142857143
2021-02-11,2,258,235
2021-02-12,2,228,210
2021-02-13,2,253,211.142857142857
2021-02-14,2,70,215.285714285714
2021-02-15,2,81,217
2021-02-16,2,197,195.857142857143
2021-02-17,2,261,192.571428571429
2021-02-18,2,179,181.285714285714
2021-02-19,2,204,177.857142857143
2021-02-20,2,157,164.142857142857
2021-02-21,2,51,161.428571428571
2021-02-22,2,78,161
2021-02-23,2,364,184.857142857143
2021-02-24,2,251,183.428571428571
2021-02-25,2,238,191.857142857143
2021-02-26,2,362,214.428571428571
2021-02-27,2,238,226
2021-02-28,2,92,231.857142857143
2021-03-01,2,36,225.857142857143
2021-03-02,2,217,204.857142857143
2021-03-03,2,241,203.428571428571
2021-03-04,2,330,216.571428571429
2021-03-05,2,376,218.571428571429
2021-03-06,2,262,222
2021-03-07,2,36,214
2021-03-08,2,44,215.142857142857
2021-03-09,2,413,243.142857142857
2021-03-10,2,251,244.571428571429
2021-03-11,2,275,236.714285714286
2021-03-12,2,279,222.857142857143
2021-03-13,2,218,216.571428571429
2021-03-14,2,82,223.142857142857
2021-03-15,2,166,240.571428571429
2021-03-16,2,272,220.428571428571
2021-03-17,2,267,222.714285714286
2021-03-18,2,300,226.285714285714
2021-03-19,2,229,219.142857142857
2021-03-20,2,255,224.428571428571
2021-03-21,2,68,222.428571428571
2021-03-22,2,42,204.714285714286
2021-03-23,2,339,214.285714285714
2021-03-24,2,476,244.142857142857
2021-03-25,2,333,248.857142857143
2021-03-26,2,298,258.714285714286
2021-03-27,2,394,278.571428571429
2021-03-28,2,0,268.857142857143
2021-03-29,2,0,262.857142857143
2021-03-30,2,508,287
2021-03-31,2,352,269.285714285714
2021-04-01,2,506,294
2021-04-02,2,226,283.714285714286
2021-04-03,2,102,242
2021-04-04,2,99,256.142857142857
2021-04-05,2,48,263
2021-04-06,2,513,263.714285714286
2021-04-07,2,521,287.857142857143
2021-04-08,2,609,302.571428571429
2021-04-09,2,406,328.285714285714
2021-04-10,2,479,382.142857142857
2021-04-11,2,112,384
2021-04-12,2,98,391.142857142857
2021-04-13,2,523,392.571428571429
2021-04-14,2,437,380.571428571429
2021-04-15,2,579,376.285714285714
2021-04-16,2,0,318.285714285714
2021-04-17,2,1071,402.857142857143
2021-04-18,2,170,411.142857142857
2021-04-19,2,95,410.714285714286
2021-04-20,2,0,336
2021-04-21,2,0,273.571428571429
2021-04-22,2,1177,359
2020-03-12,3,NA,NA
2020-03-13,3,0,NA
2020-03-14,3,0,NA
2020-03-15,3,0,NA
2020-03-16,3,0,NA
2020-03-17,3,0,NA
2020-03-18,3,0,NA
2020-03-19,3,0,0
2020-03-20,3,0,0
2020-03-21,3,0,0
2020-03-22,3,0,0
2020-03-23,3,0,0
2020-03-24,3,0,0
2020-03-25,3,0,0
2020-03-26,3,0,0
2020-03-27,3,0,0
2020-03-28,3,0,0
2020-03-29,3,0,0
2020-03-30,3,0,0
2020-03-31,3,0,0
2020-04-01,3,0,0
2020-04-02,3,0,0
2020-04-03,3,0,0
2020-04-04,3,0,0
2020-04-05,3,0,0
2020-04-06,3,0,0
2020-04-07,3,0,0
2020-04-08,3,1,0.142857142857143
2020-04-09,3,2,0.428571428571429
2020-04-10,3,1,0.571428571428571
2020-04-11,3,1,0.714285714285714
2020-04-12,3,0,0.714285714285714
2020-04-13,3,2,1
2020-04-14,3,1,1.14285714285714
2020-04-15,3,3,1.42857142857143
2020-04-16,3,4,1.71428571428571
2020-04-17,3,1,1.71428571428571
2020-04-18,3,0,1.57142857142857
2020-04-19,3,6,2.42857142857143
2020-04-20,3,3,2.57142857142857
2020-04-21,3,5,3.14285714285714
2020-04-22,3,3,3.14285714285714
2020-04-23,3,2,2.85714285714286
2020-04-24,3,2,3
2020-04-25,3,5,3.71428571428571
2020-04-26,3,10,4.28571428571429
2020-04-27,3,3,4.28571428571429
2020-04-28,3,5,4.28571428571429
2020-04-29,3,6,4.71428571428571
2020-04-30,3,3,4.85714285714286
2020-05-01,3,1,4.71428571428571
2020-05-02,3,26,7.71428571428571
2020-05-03,3,7,7.28571428571429
2020-05-04,3,2,7.14285714285714
2020-05-05,3,1,6.57142857142857
2020-05-06,3,1,5.85714285714286
2020-05-07,3,19,8.14285714285714
2020-05-08,3,14,10
2020-05-09,3,12,8
2020-05-10,3,5,7.71428571428571
2020-05-11,3,5,8.14285714285714
2020-05-12,3,3,8.42857142857143
2020-05-13,3,3,8.71428571428571
2020-05-14,3,1,6.14285714285714
2020-05-15,3,4,4.71428571428571
2020-05-16,3,33,7.71428571428571
2020-05-17,3,20,9.85714285714286
2020-05-18,3,4,9.71428571428571
2020-05-19,3,21,12.2857142857143
2020-05-20,3,21,14.8571428571429
2020-05-21,3,35,19.7142857142857
2020-05-22,3,54,26.8571428571429
2020-05-23,3,39,27.7142857142857
2020-05-24,3,33,29.5714285714286
2020-05-25,3,11,30.5714285714286
2020-05-26,3,13,29.4285714285714
2020-05-27,3,38,31.8571428571429
2020-05-28,3,21,29.8571428571429
2020-05-29,3,39,27.7142857142857
2020-05-30,3,38,27.5714285714286
2020-05-31,3,25,26.4285714285714
2020-06-01,3,12,26.5714285714286
2020-06-02,3,15,26.8571428571429
2020-06-03,3,44,27.7142857142857
2020-06-04,3,54,32.4285714285714
2020-06-05,3,44,33.1428571428571
2020-06-06,3,47,34.4285714285714
2020-06-07,3,46,37.4285714285714
2020-06-08,3,38,41.1428571428571
2020-06-09,3,16,41.2857142857143
2020-06-10,3,44,41.2857142857143
2020-06-11,3,52,41
2020-06-12,3,48,41.5714285714286
2020-06-13,3,26,38.5714285714286
2020-06-14,3,26,35.7142857142857
2020-06-15,3,13,32.1428571428571
2020-06-16,3,64,39
2020-06-17,3,103,47.4285714285714
2020-06-18,3,92,53.1428571428571
2020-06-19,3,40,52
2020-06-20,3,80,59.7142857142857
2020-06-21,3,71,66.1428571428571
2020-06-22,3,22,67.4285714285714
2020-06-23,3,29,62.4285714285714
2020-06-24,3,63,56.7142857142857
2020-06-25,3,67,53.1428571428571
2020-06-26,3,53,55
2020-06-27,3,107,58.8571428571429
2020-06-28,3,64,57.8571428571429
2020-06-29,3,24,58.1428571428571
2020-06-30,3,16,56.2857142857143
2020-07-01,3,88,59.8571428571429
2020-07-02,3,175,75.2857142857143
2020-07-03,3,97,81.5714285714286
2020-07-04,3,74,76.8571428571429
2020-07-05,3,113,83.8571428571429
2020-07-06,3,23,83.7142857142857
2020-07-07,3,24,84.8571428571429
2020-07-08,3,121,89.5714285714286
2020-07-09,3,122,82
2020-07-10,3,156,90.4285714285714
2020-07-11,3,115,96.2857142857143
2020-07-12,3,65,89.4285714285714
2020-07-13,3,18,88.7142857142857
2020-07-14,3,38,90.7142857142857
2020-07-15,3,120,90.5714285714286
2020-07-16,3,48,80
2020-07-17,3,104,72.5714285714286
2020-07-18,3,142,76.4285714285714
2020-07-19,3,68,76.8571428571429
2020-07-20,3,23,77.5714285714286
2020-07-21,3,57,80.2857142857143
2020-07-22,3,85,75.2857142857143
2020-07-23,3,167,92.2857142857143
2020-07-24,3,206,106.857142857143
2020-07-25,3,269,125
2020-07-26,3,196,143.285714285714
2020-07-27,3,57,148.142857142857
2020-07-28,3,41,145.857142857143
2020-07-29,3,276,173.142857142857
2020-07-30,3,227,181.714285714286
2020-07-31,3,230,185.142857142857
2020-08-01,3,293,188.571428571429
2020-08-02,3,137,180.142857142857
2020-08-03,3,63,181
2020-08-04,3,33,179.857142857143
2020-08-05,3,188,167.285714285714
2020-08-06,3,106,150
2020-08-07,3,166,140.857142857143
2020-08-08,3,173,123.714285714286
2020-08-09,3,144,124.714285714286
2020-08-10,3,38,121.142857142857
2020-08-11,3,56,124.428571428571
2020-08-12,3,170,121.857142857143
2020-08-13,3,135,126
2020-08-14,3,152,124
2020-08-15,3,189,126.285714285714
2020-08-16,3,139,125.571428571429
2020-08-17,3,45,126.571428571429
2020-08-18,3,111,134.428571428571
2020-08-19,3,258,147
2020-08-20,3,211,157.857142857143
2020-08-21,3,165,159.714285714286
2020-08-22,3,91,145.714285714286
2020-08-23,3,161,148.857142857143
2020-08-24,3,29,146.571428571429
2020-08-25,3,96,144.428571428571
2020-08-26,3,149,128.857142857143
2020-08-27,3,126,116.714285714286
2020-08-28,3,122,110.571428571429
2020-08-29,3,106,112.714285714286
2020-08-30,3,124,107.428571428571
2020-08-31,3,89,116
2020-09-01,3,820,219.428571428571
2020-09-02,3,273,237.142857142857
2020-09-03,3,359,270.428571428571
2020-09-04,3,232,286.142857142857
2020-09-05,3,144,291.571428571429
2020-09-06,3,27,277.714285714286
2020-09-07,3,42,271
2020-09-08,3,16,156.142857142857
2020-09-09,3,144,137.714285714286
2020-09-10,3,291,128
2020-09-11,3,256,131.428571428571
2020-09-12,3,155,133
2020-09-13,3,31,133.571428571429
2020-09-14,3,23,130.857142857143
2020-09-15,3,239,162.714285714286
2020-09-16,3,131,160.857142857143
2020-09-17,3,164,142.714285714286
2020-09-18,3,151,127.714285714286
2020-09-19,3,96,119.285714285714
2020-09-20,3,11,116.428571428571
2020-09-21,3,18,115.714285714286
2020-09-22,3,107,96.8571428571429
2020-09-23,3,112,94.1428571428571
2020-09-24,3,102,85.2857142857143
2020-09-25,3,73,74.1428571428571
2020-09-26,3,99,74.5714285714286
2020-09-27,3,13,74.8571428571429
2020-09-28,3,17,74.7142857142857
2020-09-29,3,140,79.4285714285714
2020-09-30,3,124,81.1428571428571
2020-10-01,3,105,81.5714285714286
2020-10-02,3,125,89
2020-10-03,3,67,84.4285714285714
2020-10-04,3,13,84.4285714285714
2020-10-05,3,13,83.8571428571429
2020-10-06,3,171,88.2857142857143
2020-10-07,3,112,86.5714285714286
2020-10-08,3,116,88.1428571428571
2020-10-09,3,73,80.7142857142857
2020-10-10,3,109,86.7142857142857
2020-10-11,3,17,87.2857142857143
2020-10-12,3,37,90.7142857142857
2020-10-13,3,31,70.7142857142857
2020-10-14,3,163,78
2020-10-15,3,105,76.4285714285714
2020-10-16,3,107,81.2857142857143
2020-10-17,3,68,75.4285714285714
2020-10-18,3,24,76.4285714285714
2020-10-19,3,37,76.4285714285714
2020-10-20,3,116,88.5714285714286
2020-10-21,3,134,84.4285714285714
2020-10-22,3,92,82.5714285714286
2020-10-23,3,114,83.5714285714286
2020-10-24,3,82,85.5714285714286
2020-10-25,3,33,86.8571428571429
2020-10-26,3,32,86.1428571428571
2020-10-27,3,168,93.5714285714286
2020-10-28,3,155,96.5714285714286
2020-10-29,3,111,99.2857142857143
2020-10-30,3,83,94.8571428571429
2020-10-31,3,61,91.8571428571429
2020-11-01,3,35,92.1428571428571
2020-11-02,3,3,88
2020-11-03,3,43,70.1428571428571
2020-11-04,3,119,65
2020-11-05,3,124,66.8571428571429
2020-11-06,3,179,80.5714285714286
2020-11-07,3,118,88.7142857142857
2020-11-08,3,66,93.1428571428571
2020-11-09,3,21,95.7142857142857
2020-11-10,3,103,104.285714285714
2020-11-11,3,151,108.857142857143
2020-11-12,3,206,120.571428571429
2020-11-13,3,329,142
2020-11-14,3,227,157.571428571429
2020-11-15,3,74,158.714285714286
2020-11-16,3,12,157.428571428571
2020-11-17,3,59,151.142857142857
2020-11-18,3,166,153.285714285714
2020-11-19,3,184,150.142857142857
2020-11-20,3,122,120.571428571429
2020-11-21,3,103,102.857142857143
2020-11-22,3,50,99.4285714285714
2020-11-23,3,26,101.428571428571
2020-11-24,3,95,106.571428571429
2020-11-25,3,182,108.857142857143
2020-11-26,3,78,93.7142857142857
2020-11-27,3,143,96.7142857142857
2020-11-28,3,316,127.142857142857
2020-11-29,3,98,134
2020-11-30,3,61,139
2020-12-01,3,325,171.857142857143
2020-12-02,3,222,177.571428571429
2020-12-03,3,215,197.142857142857
2020-12-04,3,178,202.142857142857
2020-12-05,3,191,184.285714285714
2020-12-06,3,49,177.285714285714
2020-12-07,3,27,172.428571428571
2020-12-08,3,275,165.285714285714
2020-12-09,3,208,163.285714285714
2020-12-10,3,222,164.285714285714
2020-12-11,3,288,180
2020-12-12,3,158,175.285714285714
2020-12-13,3,30,172.571428571429
2020-12-14,3,35,173.714285714286
2020-12-15,3,57,142.571428571429
2020-12-16,3,222,144.571428571429
2020-12-17,3,304,156.285714285714
2020-12-18,3,316,160.285714285714
2020-12-19,3,158,160.285714285714
2020-12-20,3,65,165.285714285714
2020-12-21,3,68,170
2020-12-22,3,311,206.285714285714
2020-12-23,3,271,213.285714285714
2020-12-24,3,289,211.142857142857
2020-12-25,3,140,186
2020-12-26,3,22,166.571428571429
2020-12-27,3,40,163
2020-12-28,3,8,154.428571428571
2020-12-29,3,222,141.714285714286
2020-12-30,3,297,145.428571428571
2020-12-31,3,247,139.428571428571
2021-01-01,3,226,151.714285714286
2021-01-02,3,14,150.571428571429
2021-01-03,3,23,148.142857142857
2021-01-04,3,17,149.428571428571
2021-01-05,3,126,135.714285714286
2021-01-06,3,131,112
2021-01-07,3,224,108.714285714286
2021-01-08,3,226,108.714285714286
2021-01-09,3,161,129.714285714286
2021-01-10,3,59,134.857142857143
2021-01-11,3,17,134.857142857143
2021-01-12,3,156,139.142857142857
2021-01-13,3,163,143.714285714286
2021-01-14,3,179,137.285714285714
2021-01-15,3,208,134.714285714286
2021-01-16,3,143,132.142857142857
2021-01-17,3,25,127.285714285714
2021-01-18,3,28,128.857142857143
2021-01-19,3,178,132
2021-01-20,3,208,138.428571428571
2021-01-21,3,284,153.428571428571
2021-01-22,3,296,166
2021-01-23,3,144,166.142857142857
2021-01-24,3,32,167.142857142857
2021-01-25,3,52,170.571428571429
2021-01-26,3,220,176.571428571429
2021-01-27,3,201,175.571428571429
2021-01-28,3,84,147
2021-01-29,3,210,134.714285714286
2021-01-30,3,151,135.714285714286
2021-01-31,3,23,134.428571428571
2021-02-01,3,12,128.714285714286
2021-02-02,3,136,116.714285714286
2021-02-03,3,132,106.857142857143
2021-02-04,3,132,113.714285714286
2021-02-05,3,132,102.571428571429
2021-02-06,3,275,120.285714285714
2021-02-07,3,30,121.285714285714
2021-02-08,3,9,120.857142857143
2021-02-09,3,225,133.571428571429
2021-02-10,3,196,142.714285714286
2021-02-11,3,192,151.285714285714
2021-02-12,3,171,156.857142857143
2021-02-13,3,139,137.428571428571
2021-02-14,3,14,135.142857142857
2021-02-15,3,4,134.428571428571
2021-02-16,3,121,119.571428571429
2021-02-17,3,167,115.428571428571
2021-02-18,3,71,98.1428571428571
2021-02-19,3,108,89.1428571428571
2021-02-20,3,145,90
2021-02-21,3,114,104.285714285714
2021-02-22,3,20,106.571428571429
2021-02-23,3,143,109.714285714286
2021-02-24,3,114,102.142857142857
2021-02-25,3,87,104.428571428571
2021-02-26,3,200,117.571428571429
2021-02-27,3,162,120
2021-02-28,3,26,107.428571428571
2021-03-01,3,6,105.428571428571
2021-03-02,3,112,101
2021-03-03,3,261,122
2021-03-04,3,248,145
2021-03-05,3,176,141.571428571429
2021-03-06,3,125,136.285714285714
2021-03-07,3,6,133.428571428571
2021-03-08,3,26,136.285714285714
2021-03-09,3,213,150.714285714286
2021-03-10,3,184,139.714285714286
2021-03-11,3,189,131.285714285714
2021-03-12,3,154,128.142857142857
2021-03-13,3,146,131.142857142857
2021-03-14,3,72,140.571428571429
2021-03-15,3,22,140
2021-03-16,3,192,137
2021-03-17,3,162,133.857142857143
2021-03-18,3,160,129.714285714286
2021-03-19,3,188,134.571428571429
2021-03-20,3,148,134.857142857143
2021-03-21,3,44,130.857142857143
2021-03-22,3,76,138.571428571429
2021-03-23,3,198,139.428571428571
2021-03-24,3,301,159.285714285714
2021-03-25,3,379,190.571428571429
2021-03-26,3,207,193.285714285714
2021-03-27,3,135,191.428571428571
2021-03-28,3,0,185.142857142857
2021-03-29,3,0,174.285714285714
2021-03-30,3,390,201.714285714286
2021-03-31,3,186,185.285714285714
2021-04-01,3,301,174.142857142857
2021-04-02,3,101,159
2021-04-03,3,51,147
2021-04-04,3,29,151.142857142857
2021-04-05,3,24,154.571428571429
2021-04-06,3,233,132.142857142857
2021-04-07,3,222,137.285714285714
2021-04-08,3,248,129.714285714286
2021-04-09,3,171,139.714285714286
2021-04-10,3,251,168.285714285714
2021-04-11,3,50,171.285714285714
2021-04-12,3,22,171
2021-04-13,3,159,160.428571428571
2021-04-14,3,185,155.142857142857
2021-04-15,3,167,143.571428571429
2021-04-16,3,0,119.142857142857
2021-04-17,3,365,135.428571428571
2021-04-18,3,58,136.571428571429
2021-04-19,3,42,139.428571428571
2021-04-20,3,0,116.714285714286
2021-04-21,3,0,90.2857142857143
2021-04-22,3,502,138.142857142857
2020-03-12,4,NA,NA
2020-03-13,4,0,NA
2020-03-14,4,0,NA
2020-03-15,4,0,NA
2020-03-16,4,0,NA
2020-03-17,4,0,NA
2020-03-18,4,0,NA
2020-03-19,4,0,0
2020-03-20,4,0,0
2020-03-21,4,0,0
2020-03-22,4,0,0
2020-03-23,4,1,0.142857142857143
2020-03-24,4,0,0.142857142857143
2020-03-25,4,0,0.142857142857143
2020-03-26,4,0,0.142857142857143
2020-03-27,4,1,0.285714285714286
2020-03-28,4,0,0.285714285714286
2020-03-29,4,0,0.285714285714286
2020-03-30,4,0,0.142857142857143
2020-03-31,4,1,0.285714285714286
2020-04-01,4,0,0.285714285714286
2020-04-02,4,0,0.285714285714286
2020-04-03,4,0,0.142857142857143
2020-04-04,4,0,0.142857142857143
2020-04-05,4,0,0.142857142857143
2020-04-06,4,0,0.142857142857143
2020-04-07,4,2,0.285714285714286
2020-04-08,4,2,0.571428571428571
2020-04-09,4,1,0.714285714285714
2020-04-10,4,1,0.857142857142857
2020-04-11,4,0,0.857142857142857
2020-04-12,4,1,1
2020-04-13,4,2,1.28571428571429
2020-04-14,4,2,1.28571428571429
2020-04-15,4,0,1
2020-04-16,4,0,0.857142857142857
2020-04-17,4,0,0.714285714285714
2020-04-18,4,0,0.714285714285714
2020-04-19,4,7,1.57142857142857
2020-04-20,4,0,1.28571428571429
2020-04-21,4,0,1
2020-04-22,4,3,1.42857142857143
2020-04-23,4,3,1.85714285714286
2020-04-24,4,1,2
2020-04-25,4,2,2.28571428571429
2020-04-26,4,13,3.14285714285714
2020-04-27,4,1,3.28571428571429
2020-04-28,4,0,3.28571428571429
2020-04-29,4,5,3.57142857142857
2020-04-30,4,4,3.71428571428571
2020-05-01,4,2,3.85714285714286
2020-05-02,4,9,4.85714285714286
2020-05-03,4,4,3.57142857142857
2020-05-04,4,0,3.42857142857143
2020-05-05,4,44,9.71428571428571
2020-05-06,4,6,9.85714285714286
2020-05-07,4,6,10.1428571428571
2020-05-08,4,7,10.8571428571429
2020-05-09,4,6,10.4285714285714
2020-05-10,4,3,10.2857142857143
2020-05-11,4,4,10.8571428571429
2020-05-12,4,10,6
2020-05-13,4,2,5.42857142857143
2020-05-14,4,4,5.14285714285714
2020-05-15,4,10,5.57142857142857
2020-05-16,4,20,7.57142857142857
2020-05-17,4,12,8.85714285714286
2020-05-18,4,0,8.28571428571429
2020-05-19,4,12,8.57142857142857
2020-05-20,4,26,12
2020-05-21,4,29,15.5714285714286
2020-05-22,4,24,17.5714285714286
2020-05-23,4,19,17.4285714285714
2020-05-24,4,17,18.1428571428571
2020-05-25,4,14,20.1428571428571
2020-05-26,4,6,19.2857142857143
2020-05-27,4,21,18.5714285714286
2020-05-28,4,16,16.7142857142857
2020-05-29,4,37,18.5714285714286
2020-05-30,4,30,20.1428571428571
2020-05-31,4,41,23.5714285714286
2020-06-01,4,11,23.1428571428571
2020-06-02,4,29,26.4285714285714
2020-06-03,4,42,29.4285714285714
2020-06-04,4,27,31
2020-06-05,4,27,29.5714285714286
2020-06-06,4,26,29
2020-06-07,4,48,30
2020-06-08,4,12,30.1428571428571
2020-06-09,4,5,26.7142857142857
2020-06-10,4,31,25.1428571428571
2020-06-11,4,25,24.8571428571429
2020-06-12,4,15,23.1428571428571
2020-06-13,4,13,21.2857142857143
2020-06-14,4,16,16.7142857142857
2020-06-15,4,8,16.1428571428571
2020-06-16,4,43,21.5714285714286
2020-06-17,4,27,21
2020-06-18,4,60,26
2020-06-19,4,63,32.8571428571429
2020-06-20,4,208,60.7142857142857
2020-06-21,4,44,64.7142857142857
2020-06-22,4,32,68.1428571428571
2020-06-23,4,15,64.1428571428571
2020-06-24,4,92,73.4285714285714
2020-06-25,4,82,76.5714285714286
2020-06-26,4,26,71.2857142857143
2020-06-27,4,70,51.5714285714286
2020-06-28,4,103,60
2020-06-29,4,23,58.7142857142857
2020-06-30,4,28,60.5714285714286
2020-07-01,4,61,56.1428571428571
2020-07-02,4,97,58.2857142857143
2020-07-03,4,82,66.2857142857143
2020-07-04,4,78,67.4285714285714
2020-07-05,4,140,72.7142857142857
2020-07-06,4,48,76.2857142857143
2020-07-07,4,29,76.4285714285714
2020-07-08,4,107,83
2020-07-09,4,109,84.7142857142857
2020-07-10,4,97,86.8571428571429
2020-07-11,4,106,90.8571428571429
2020-07-12,4,63,79.8571428571429
2020-07-13,4,65,82.2857142857143
2020-07-14,4,74,88.7142857142857
2020-07-15,4,131,92.1428571428571
2020-07-16,4,120,93.7142857142857
2020-07-17,4,190,107
2020-07-18,4,83,103.714285714286
2020-07-19,4,91,107.714285714286
2020-07-20,4,46,105
2020-07-21,4,42,100.428571428571
2020-07-22,4,121,99
2020-07-23,4,199,110.285714285714
2020-07-24,4,190,110.285714285714
2020-07-25,4,170,122.714285714286
2020-07-26,4,234,143.142857142857
2020-07-27,4,119,153.571428571429
2020-07-28,4,90,160.428571428571
2020-07-29,4,373,196.428571428571
2020-07-30,4,389,223.571428571429
2020-07-31,4,245,231.428571428571
2020-08-01,4,204,236.285714285714
2020-08-02,4,151,224.428571428571
2020-08-03,4,26,211.142857142857
2020-08-04,4,48,205.142857142857
2020-08-05,4,297,194.285714285714
2020-08-06,4,168,162.714285714286
2020-08-07,4,327,174.428571428571
2020-08-08,4,216,176.142857142857
2020-08-09,4,152,176.285714285714
2020-08-10,4,29,176.714285714286
2020-08-11,4,105,184.857142857143
2020-08-12,4,245,177.428571428571
2020-08-13,4,261,190.714285714286
2020-08-14,4,210,174
2020-08-15,4,251,179
2020-08-16,4,151,178.857142857143
2020-08-17,4,15,176.857142857143
2020-08-18,4,98,175.857142857143
2020-08-19,4,241,175.285714285714
2020-08-20,4,275,177.285714285714
2020-08-21,4,145,168
2020-08-22,4,80,143.571428571429
2020-08-23,4,204,151.142857142857
2020-08-24,4,11,150.571428571429
2020-08-25,4,94,150
2020-08-26,4,211,145.714285714286
2020-08-27,4,119,123.428571428571
2020-08-28,4,140,122.714285714286
2020-08-29,4,78,122.428571428571
2020-08-30,4,120,110.428571428571
2020-08-31,4,77,119.857142857143
2020-09-01,4,525,181.428571428571
2020-09-02,4,245,186.285714285714
2020-09-03,4,412,228.142857142857
2020-09-04,4,144,228.714285714286
2020-09-05,4,125,235.428571428571
2020-09-06,4,77,229.285714285714
2020-09-07,4,103,233
2020-09-08,4,67,167.571428571429
2020-09-09,4,182,158.571428571429
2020-09-10,4,111,115.571428571429
2020-09-11,4,116,111.571428571429
2020-09-12,4,78,104.857142857143
2020-09-13,4,18,96.4285714285714
2020-09-14,4,5,82.4285714285714
2020-09-15,4,116,89.4285714285714
2020-09-16,4,111,79.2857142857143
2020-09-17,4,108,78.8571428571429
2020-09-18,4,149,83.5714285714286
2020-09-19,4,120,89.5714285714286
2020-09-20,4,33,91.7142857142857
2020-09-21,4,15,93.1428571428571
2020-09-22,4,89,89.2857142857143
2020-09-23,4,118,90.2857142857143
2020-09-24,4,92,88
2020-09-25,4,97,80.5714285714286
2020-09-26,4,138,83.1428571428571
2020-09-27,4,11,80
2020-09-28,4,5,78.5714285714286
2020-09-29,4,151,87.4285714285714
2020-09-30,4,82,82.2857142857143
2020-10-01,4,82,80.8571428571429
2020-10-02,4,194,94.7142857142857
2020-10-03,4,132,93.8571428571429
2020-10-04,4,4,92.8571428571429
2020-10-05,4,13,94
2020-10-06,4,156,94.7142857142857
2020-10-07,4,111,98.8571428571429
2020-10-08,4,59,95.5714285714286
2020-10-09,4,104,82.7142857142857
2020-10-10,4,89,76.5714285714286
2020-10-11,4,22,79.1428571428571
2020-10-12,4,12,79
2020-10-13,4,17,59.1428571428571
2020-10-14,4,121,60.5714285714286
2020-10-15,4,150,73.5714285714286
2020-10-16,4,51,66
2020-10-17,4,89,66
2020-10-18,4,21,65.8571428571429
2020-10-19,4,27,68
2020-10-20,4,81,77.1428571428571
2020-10-21,4,98,73.8571428571429
2020-10-22,4,72,62.7142857142857
2020-10-23,4,86,67.7142857142857
2020-10-24,4,141,75.1428571428571
2020-10-25,4,16,74.4285714285714
2020-10-26,4,28,74.5714285714286
2020-10-27,4,218,94.1428571428571
2020-10-28,4,175,105.142857142857
2020-10-29,4,90,107.714285714286
2020-10-30,4,128,113.714285714286
2020-10-31,4,72,103.857142857143
2020-11-01,4,57,109.714285714286
2020-11-02,4,15,107.857142857143
2020-11-03,4,26,80.4285714285714
2020-11-04,4,55,63.2857142857143
2020-11-05,4,111,66.2857142857143
2020-11-06,4,236,81.7142857142857
2020-11-07,4,170,95.7142857142857
2020-11-08,4,138,107.285714285714
2020-11-09,4,117,121.857142857143
2020-11-10,4,148,139.285714285714
2020-11-11,4,132,150.285714285714
2020-11-12,4,118,151.285714285714
2020-11-13,4,161,140.571428571429
2020-11-14,4,105,131.285714285714
2020-11-15,4,152,133.285714285714
2020-11-16,4,49,123.571428571429
2020-11-17,4,116,119
2020-11-18,4,130,118.714285714286
2020-11-19,4,189,128.857142857143
2020-11-20,4,134,125
2020-11-21,4,210,140
2020-11-22,4,216,149.142857142857
2020-11-23,4,48,149
2020-11-24,4,61,141.142857142857
2020-11-25,4,108,138
2020-11-26,4,113,127.142857142857
2020-11-27,4,87,120.428571428571
2020-11-28,4,407,148.571428571429
2020-11-29,4,204,146.857142857143
2020-11-30,4,163,163.285714285714
2020-12-01,4,192,182
2020-12-02,4,178,192
2020-12-03,4,221,207.428571428571
2020-12-04,4,192,222.428571428571
2020-12-05,4,419,224.142857142857
2020-12-06,4,329,242
2020-12-07,4,158,241.285714285714
2020-12-08,4,260,251
2020-12-09,4,127,243.714285714286
2020-12-10,4,258,249
2020-12-11,4,336,269.571428571429
2020-12-12,4,215,240.428571428571
2020-12-13,4,37,198.714285714286
2020-12-14,4,5,176.857142857143
2020-12-15,4,88,152.285714285714
2020-12-16,4,249,169.714285714286
2020-12-17,4,239,167
2020-12-18,4,350,169
2020-12-19,4,335,186.142857142857
2020-12-20,4,153,202.714285714286
2020-12-21,4,193,229.571428571429
2020-12-22,4,344,266.142857142857
2020-12-23,4,303,273.857142857143
2020-12-24,4,215,270.428571428571
2020-12-25,4,276,259.857142857143
2020-12-26,4,83,223.857142857143
2020-12-27,4,31,206.428571428571
2020-12-28,4,14,180.857142857143
2020-12-29,4,226,164
2020-12-30,4,433,182.571428571429
2020-12-31,4,306,195.571428571429
2021-01-01,4,63,165.142857142857
2021-01-02,4,44,159.571428571429
2021-01-03,4,13,157
2021-01-04,4,25,158.571428571429
2021-01-05,4,299,169
2021-01-06,4,306,150.857142857143
2021-01-07,4,131,125.857142857143
2021-01-08,4,183,143
2021-01-09,4,294,178.714285714286
2021-01-10,4,342,225.714285714286
2021-01-11,4,474,289.857142857143
2021-01-12,4,327,293.857142857143
2021-01-13,4,384,305
2021-01-14,4,341,335
2021-01-15,4,355,359.571428571429
2021-01-16,4,280,357.571428571429
2021-01-17,4,62,317.571428571429
2021-01-18,4,49,256.857142857143
2021-01-19,4,328,257
2021-01-20,4,341,250.857142857143
2021-01-21,4,413,261.142857142857
2021-01-22,4,182,236.428571428571
2021-01-23,4,368,249
2021-01-24,4,98,254.142857142857
2021-01-25,4,26,250.857142857143
2021-01-26,4,347,253.571428571429
2021-01-27,4,344,254
2021-01-28,4,362,246.714285714286
2021-01-29,4,309,264.857142857143
2021-01-30,4,370,265.142857142857
2021-01-31,4,49,258.142857142857
2021-02-01,4,40,260.142857142857
2021-02-02,4,684,308.285714285714
2021-02-03,4,328,306
2021-02-04,4,306,298
2021-02-05,4,220,285.285714285714
2021-02-06,4,259,269.428571428571
2021-02-07,4,56,270.428571428571
2021-02-08,4,41,270.571428571429
2021-02-09,4,263,210.428571428571
2021-02-10,4,209,193.428571428571
2021-02-11,4,215,180.428571428571
2021-02-12,4,88,161.571428571429
2021-02-13,4,230,157.428571428571
2021-02-14,4,65,158.714285714286
2021-02-15,4,6,153.714285714286
2021-02-16,4,291,157.714285714286
2021-02-17,4,253,164
2021-02-18,4,227,165.714285714286
2021-02-19,4,210,183.142857142857
2021-02-20,4,211,180.428571428571
2021-02-21,4,55,179
2021-02-22,4,19,180.857142857143
2021-02-23,4,239,173.428571428571
2021-02-24,4,257,174
2021-02-25,4,259,178.571428571429
2021-02-26,4,173,173.285714285714
2021-02-27,4,248,178.571428571429
2021-02-28,4,71,180.857142857143
2021-03-01,4,35,183.142857142857
2021-03-02,4,184,175.285714285714
2021-03-03,4,189,165.571428571429
2021-03-04,4,269,167
2021-03-05,4,288,183.428571428571
2021-03-06,4,268,186.285714285714
2021-03-07,4,37,181.428571428571
2021-03-08,4,32,181
2021-03-09,4,225,186.857142857143
2021-03-10,4,290,201.285714285714
2021-03-11,4,287,203.857142857143
2021-03-12,4,324,209
2021-03-13,4,252,206.714285714286
2021-03-14,4,82,213.142857142857
2021-03-15,4,56,216.571428571429
2021-03-16,4,336,232.428571428571
2021-03-17,4,310,235.285714285714
2021-03-18,4,221,225.857142857143
2021-03-19,4,304,223
2021-03-20,4,277,226.571428571429
2021-03-21,4,67,224.428571428571
2021-03-22,4,31,220.857142857143
2021-03-23,4,391,228.714285714286
2021-03-24,4,223,216.285714285714
2021-03-25,4,305,228.285714285714
2021-03-26,4,283,225.285714285714
2021-03-27,4,308,229.714285714286
2021-03-28,4,0,220.142857142857
2021-03-29,4,0,215.714285714286
2021-03-30,4,292,201.571428571429
2021-03-31,4,214,200.285714285714
2021-04-01,4,377,210.571428571429
2021-04-02,4,162,193.285714285714
2021-04-03,4,47,156
2021-04-04,4,17,158.428571428571
2021-04-05,4,97,172.285714285714
2021-04-06,4,304,174
2021-04-07,4,388,198.857142857143
2021-04-08,4,307,188.857142857143
2021-04-09,4,218,196.857142857143
2021-04-10,4,235,223.714285714286
2021-04-11,4,60,229.857142857143
2021-04-12,4,107,231.285714285714
2021-04-13,4,420,247.857142857143
2021-04-14,4,244,227.285714285714
2021-04-15,4,269,221.857142857143
2021-04-16,4,0,190.714285714286
2021-04-17,4,606,243.714285714286
2021-04-18,4,165,258.714285714286
2021-04-19,4,66,252.857142857143
2021-04-20,4,0,192.857142857143
2021-04-21,4,0,158
2021-04-22,4,659,213.714285714286
